"ea_id","FS_year","lat_modified","lon_modified"
1010002,2011,-0.530627489089966,32.3274917602539
1010002,2010,0.289080739021301,32.5606498718262
1020001,2010,0.33318766951561,32.5706558227539
1020001,2011,0.33318766951561,32.5706558227539
1020002,2010,0.313044756650925,32.5691452026367
1020003,2010,0.303095519542694,32.5733451843262
1020004,2011,0.345752984285355,32.5462989807129
1020005,2011,0.378049045801163,32.5941276550293
1020006,2011,0.371428996324539,32.5650596618652
1020007,2011,0.36514076590538,32.5970153808594
1020007,2010,0.36514076590538,32.5970153808594
1020008,2010,0.356909781694412,32.5883522033691
1020008,2011,0.356909781694412,32.5883522033691
1020009,2011,0.362534463405609,32.5747261047363
1020010,2011,0.345997929573059,32.5832252502441
1020011,2011,0.289272874593735,32.6159744262695
1020012,2011,0.322076350450516,32.5258026123047
1020012,2011,0.312796533107758,32.6114730834961
1020013,2010,0.303221106529236,32.6197471618652
1020014,2010,0.285813391208649,32.5787391662598
1020014,2011,0.285813391208649,32.5787391662598
1020014,2010,0.231386110186577,32.590991973877
1020015,2010,0.301654934883118,32.6005477905273
1020016,2011,0.310160279273987,32.6017799377441
1020017,2011,0.273187041282654,32.6248092651367
1020018,2011,0.295154541730881,32.5853996276855
1020019,2011,0.285392194986343,32.6176643371582
1020019,2011,0.410726010799408,32.488712310791
1020019,2011,0.365630447864532,32.555477142334
1020019,2011,0.154091879725456,32.5560188293457
1020020,2010,0.34478223323822,32.587532043457
1020020,2011,0.34478223323822,32.587532043457
1020021,2010,0.367720067501068,32.6239585876465
1020022,2011,0.368404358625412,32.5902557373047
1020023,2011,0.32818478345871,32.6340675354004
1020024,2011,0.321927607059479,32.6380882263184
1020025,2010,0.33720475435257,32.6085891723633
1020025,2010,0.417212635278702,33.2152442932129
1020026,2011,0.305940717458725,32.5291442871094
1020026,2010,0.305940717458725,32.5291442871094
1020027,2010,0.289859712123871,32.553035736084
1020028,2011,0.356767296791077,32.5571060180664
1020029,2011,0.330750405788422,32.5421409606934
1020030,2011,0.289791643619537,32.5353813171387
1020031,2010,0.279319494962692,32.5660514831543
1020032,2011,0.332452565431595,32.5423698425293
1020033,2011,0.317143380641937,32.5373229980469
1020033,2010,0.317143380641937,32.5373229980469
1020034,2011,0.30460998415947,32.543773651123
1030003,2011,0.827926635742188,31.8434658050537
1030003,2010,0.827926635742188,31.8434658050537
1030003,2011,0.771274626255035,31.7814064025879
1030005,2011,0.923509061336517,31.5785617828369
1030005,2011,0.887243986129761,31.7009468078613
1040002,2010,0.71214485168457,32.5294303894043
1040002,2011,0.71214485168457,32.5294303894043
1040004,2010,0.589527010917664,32.6231079101562
1040004,2011,0.589527010917664,32.6231079101562
1040006,2011,0.662385106086731,32.7091407775879
1040006,2011,0.827145993709564,32.4929542541504
1040008,2011,0.794874548912048,32.4711418151855
1040008,2010,0.811501383781433,32.5159187316895
1040008,2011,0.811501383781433,32.5159187316895
1050001,2011,-0.343147128820419,31.7253131866455
1050003,2011,-0.142147570848465,31.8796768188477
1050004,2011,-0.0795709863305092,31.6357078552246
1050004,2010,-0.0795709863305092,31.6357078552246
1050008,2011,-0.248543187975883,31.6678161621094
1050012,2010,-0.344247996807098,31.5716648101807
1050012,2011,-0.344247996807098,31.5716648101807
1050015,2011,-0.471200257539749,31.3637866973877
1050019,2011,-0.522386312484741,31.3553428649902
1050023,2010,-0.576782405376434,31.6916370391846
1050026,2011,-0.291444003582001,31.7913436889648
1050030,2010,0.000976596027612686,31.7997989654541
1050030,2011,0.000976596027612686,31.7997989654541
1050033,2011,-0.197683021426201,31.8102912902832
1060003,2010,0.112059839069843,31.7603454589844
1060003,2011,0.112059839069843,31.7603454589844
1060005,2010,0.270254284143448,31.6484489440918
1060005,2010,0.335266023874283,31.6469745635986
1060005,2011,0.270254284143448,31.6484489440918
1060007,2011,0.0716098621487617,32.0928726196289
1060009,2010,0.196654409170151,32.2552299499512
1060009,2011,0.196654409170151,32.2552299499512
1070001,2010,0.552687466144562,31.3820266723633
1070001,2010,0.480719834566116,31.6931667327881
1070002,2011,0.390713512897491,32.0738220214844
1070008,2010,0.213034510612488,31.0526390075684
1070008,2011,0.213034510612488,31.0526390075684
1070012,2011,0.537967622280121,31.368236541748
1070016,2011,0.63070547580719,31.7877235412598
1070016,2011,0.524179399013519,31.3594627380371
1070020,2010,0.487563967704773,31.8009243011475
1070020,2011,0.446488440036774,31.8257064819336
1070020,2011,0.401924014091492,32.1020774841309
1070023,2011,0.586751282215118,31.7181549072266
1080002,2010,0.354955315589905,32.9335060119629
1080002,2011,0.354955315589905,32.9335060119629
1080003,2011,0.411417484283447,33.1413688659668
1080006,2010,0.316349565982819,33.1603584289551
1080006,2011,0.316349565982819,33.1603584289551
1080009,2011,0.369690954685211,33.1874313354492
1080009,2010,0.369690954685211,33.1874313354492
1080013,2011,0.376263439655304,33.1910133361816
1080016,2011,0.112189784646034,33.4779624938965
1080016,2010,0.112189784646034,33.4779624938965
1080020,2011,0.435742348432541,32.8037338256836
1080020,2011,0.372613370418549,32.7563743591309
1080020,2011,0.463651865720749,32.7899627685547
1080023,2010,0.411849081516266,32.6887550354004
1080023,2011,0.337927013635635,32.5367279052734
1080023,2011,0.411849081516266,32.6887550354004
1080027,2011,0.619389116764069,32.8121566772461
1080030,2011,0.684824407100677,32.8292083740234
1080033,2011,0.625139534473419,32.9195861816406
1080033,2010,0.625139534473419,32.9195861816406
1090004,2011,1.58244657516479,32.1892929077148
1090004,2011,1.5148845911026,32.1014823913574
1090004,2011,1.60925388336182,32.1914749145508
1100001,2011,-0.639231383800507,31.5299892425537
1100005,2011,-0.8871248960495,31.711088180542
1100005,2011,-0.90362673997879,31.7654724121094
1100007,2011,-0.612109959125519,31.1836376190186
1100007,2011,-0.51861160993576,31.1944370269775
1100007,2011,-0.364492684602737,31.1595478057861
1100007,2010,-0.51861160993576,31.1944370269775
1100009,2010,-0.508830487728119,31.3332862854004
1100009,2011,-0.508830487728119,31.3332862854004
1100012,2011,-0.503361105918884,31.6160697937012
1100012,2011,0.258136421442032,32.5653228759766
1110001,2010,0.145366743206978,31.2310600280762
1110001,2011,0.145366743206978,31.2310600280762
1110003,2011,-0.292247772216797,31.4787216186523
1110005,2011,-0.155980333685875,31.400016784668
1110005,2010,-0.151018559932709,31.4375495910645
1110005,2011,-0.151018559932709,31.4375495910645
1120001,2010,0.726580560207367,32.9185066223145
1120001,2011,0.726580560207367,32.9185066223145
1120003,2011,0.82723480463028,32.8440856933594
1120006,2011,0.732910215854645,32.9587593078613
1130002,2011,0.0677282065153122,32.4715919494629
1130003,2010,0.218554243445396,32.5398979187012
1130003,2011,0.218554243445396,32.5398979187012
1130004,2011,0.350127428770065,32.6699867248535
1130006,2010,0.375993281602859,32.5358734130859
1130006,2011,0.375993281602859,32.5358734130859
1130007,2011,0.261842280626297,32.556755065918
1130008,2010,0.0560901910066605,32.3109283447266
1130008,2011,0.0560901910066605,32.3109283447266
1130010,2011,0.0393437594175339,32.5403861999512
1130012,2010,0.265680611133575,32.4627571105957
1130014,2011,0.160929515957832,32.5529327392578
1130016,2010,0.326053887605667,32.5104064941406
1130016,2011,0.326053887605667,32.5104064941406
1130019,2010,0.34771341085434,32.6829795837402
1130019,2011,0.34771341085434,32.6829795837402
1130021,2011,0.349634975194931,32.5372314453125
1130023,2011,0.255861133337021,32.6040191650391
1130025,2011,0.239827170968056,32.5439300537109
1140003,2011,-0.107999116182327,31.1247825622559
1140003,2010,-0.29533115029335,31.2187824249268
1140003,2011,-0.29533115029335,31.2187824249268
1150004,2011,0.751306176185608,31.7029800415039
1150004,2011,0.27472311258316,31.9426517486572
1150027,2010,0.402623325586319,32.0810546875
1150027,2011,0.480199247598648,31.7791748046875
1150031,2011,0.543995559215546,32.1898193359375
1150031,2011,0.502339541912079,32.12890625
1150031,2011,0.627311944961548,32.0867080688477
1160011,2011,0.64454174041748,32.2456817626953
1160011,2010,0.684433221817017,32.3014259338379
1160013,2011,1.15960025787354,32.0026092529297
1160013,2011,1.05097627639771,32.4674682617188
1160013,2011,0.767357647418976,32.5258140563965
2010004,2011,0.431405365467072,33.8126411437988
2010006,2010,0.31351912021637,33.8706359863281
2010006,2011,0.31351912021637,33.8706359863281
2010008,2011,0.711598098278046,33.6848335266113
2010009,2011,0.103999450802803,33.7830924987793
2020001,2010,0.46774822473526,34.0916976928711
2020005,2011,0.490654230117798,34.0917701721191
2020007,2011,0.389015406370163,34.0578117370605
2020007,2010,0.389015406370163,34.0578117370605
2030001,2011,0.615904808044434,33.4700546264648
2030004,2011,0.623697280883789,33.4741477966309
2030008,2010,0.551625669002533,33.618896484375
2030008,2011,0.551625669002533,33.618896484375
2030018,2010,0.572827994823456,33.4740257263184
2030023,2011,0.674982845783234,33.5198974609375
2030028,2010,1.01656532287598,33.3279800415039
2030028,2011,1.01656532287598,33.3279800415039
2030033,2011,0.775407314300537,33.3474769592285
2040002,2010,0.422720521688461,33.2024993896484
2040002,2011,0.422720521688461,33.2024993896484
2040006,2011,0.432436555624008,33.2406768798828
2040009,2011,0.485487937927246,33.2385559082031
2040009,2010,0.485487937927246,33.2385559082031
2040012,2011,0.625762522220612,33.2887725830078
2040014,2010,0.551319479942322,33.125862121582
2040014,2011,0.551319479942322,33.125862121582
2040015,2011,0.545563697814941,33.0937652587891
2050001,2011,0.924405336380005,33.1305084228516
2050004,2010,1.20923256874084,33.047924041748
2050004,2011,1.20923256874084,33.047924041748
2050009,2011,1.23299014568329,33.331226348877
2050013,2010,1.06010282039642,33.0102233886719
2050017,2010,0.90053391456604,33.1015129089355
2050017,2011,1.05894637107849,33.1644973754883
2050017,2011,0.90053391456604,33.1015129089355
2050030,2011,0.773993253707886,33.0747528076172
2060003,2011,1.38218474388123,34.4044532775879
2070005,2010,1.86953103542328,33.9480819702148
2070005,2011,1.86953103542328,33.9480819702148
2070006,2011,1.66368937492371,33.967887878418
2080001,2010,1.47599637508392,33.9171676635742
2080001,2011,1.47599637508392,33.9171676635742
2080005,2011,1.31225717067719,33.8341369628906
2080005,2011,1.37214016914368,33.9079666137695
2080007,2010,1.5315842628479,34.0501136779785
2080007,2011,1.5315842628479,34.0501136779785
2080008,2010,1.58896815776825,33.8601341247559
2080008,2011,1.58896815776825,33.8601341247559
2090003,2010,1.07345378398895,34.1650390625
2090006,2011,1.07075548171997,34.1721992492676
2090033,2010,1.02946770191193,34.2461814880371
2090033,2011,1.02946770191193,34.2461814880371
2100002,2010,1.1838995218277,33.7195930480957
2100002,2011,1.10811626911163,33.8286247253418
2100004,2011,1.14941644668579,33.9205665588379
2100004,2010,1.14941644668579,33.9205665588379
2100006,2011,1.31359672546387,33.7401695251465
2100007,2010,1.26079976558685,33.7970542907715
2100007,2011,1.26079976558685,33.7970542907715
2110003,2011,1.74108505249023,33.6019668579102
2110004,2011,1.56147372722626,33.3062973022461
2110006,2011,1.52577114105225,33.5503845214844
2110006,2010,1.52577114105225,33.5503845214844
2110006,2010,1.50145709514618,33.4706115722656
2110006,2011,1.83443355560303,33.5172080993652
2110006,2010,1.50963222980499,33.3904228210449
2110007,2011,1.74095821380615,33.5833396911621
2110009,2011,1.70041382312775,33.6885223388672
2110009,2010,1.70041382312775,33.6885223388672
2120003,2010,0.711117923259735,34.1736373901367
2120003,2011,0.711117923259735,34.1736373901367
2120008,2011,0.819429337978363,34.0940742492676
2120009,2011,0.657477378845215,34.1587715148926
2120009,2010,0.657477378845215,34.1587715148926
2120011,2011,0.696134746074677,34.0029640197754
2120013,2010,0.696242272853851,34.1093864440918
2120013,2011,0.696242272853851,34.1093864440918
2140002,2011,0.513224303722382,33.4177093505859
2140002,2011,0.786843597888947,33.5675315856934
2140003,2010,0.423703491687775,33.6121711730957
2140003,2011,0.423703491687775,33.6121711730957
2150001,2011,1.2457377910614,34.2635726928711
2150002,2010,1.2184237241745,34.2704315185547
2150002,2011,1.2184237241745,34.2704315185547
2150004,2011,1.15165543556213,34.261589050293
2150006,2010,1.27609848976135,34.3719062805176
2150006,2011,1.27609848976135,34.3719062805176
2150006,2011,0.649369120597839,34.1515159606934
2150007,2011,1.3747730255127,34.3019981384277
2160003,2011,2.02890801429749,33.590747833252
2160003,2011,2.0371253490448,33.4809303283691
2170009,2011,1.12054681777954,34.0546684265137
2170009,2010,1.12054681777954,34.0546684265137
2180037,2011,1.05403518676758,34.3706207275391
2190003,2011,1.19971585273743,34.1584243774414
2190003,2010,1.19971585273743,34.1584243774414
2200001,2011,1.33163118362427,34.6608619689941
2200001,2010,1.33163118362427,34.6608619689941
2210006,2011,1.01852333545685,34.0729484558105
2220022,2011,1.03577780723572,33.3878631591797
2220026,2010,1.08883786201477,33.4021606445312
2220026,2011,1.08883786201477,33.4021606445312
2230011,2011,0.825316965579987,34.2723846435547
2230014,2011,0.802708446979523,34.3096466064453
2230014,2010,0.802708446979523,34.3096466064453
2230018,2011,0.883820950984955,34.3841171264648
2230022,2011,0.808688759803772,34.3362693786621
2230022,2010,0.808688759803772,34.3362693786621
2230026,2011,0.857629358768463,34.3664779663086
2230029,2011,0.869543254375458,34.3812675476074
2240013,2011,0.961448907852173,33.5919456481934
3010003,2011,3.39455413818359,31.942964553833
3010003,2011,3.33956956863403,31.8304347991943
3020002,2010,2.15481948852539,32.6993865966797
3020002,2010,1.97871387004852,32.5296211242676
3020002,2010,2.11768364906311,32.5353012084961
3020003,2010,2.43073320388794,32.7466316223145
3020003,2011,2.43073320388794,32.7466316223145
3020005,2011,2.42945981025696,32.8906021118164
3020008,2011,2.42460131645203,32.851692199707
3020008,2010,2.42460131645203,32.851692199707
3020010,2011,2.14705204963684,32.6508445739746
3020013,2010,1.88566279411316,32.4086265563965
3020013,2010,2.02559471130371,32.7174186706543
3020013,2010,2.29200911521912,32.7195281982422
3020013,2010,1.85034811496735,32.7078704833984
3020013,2010,2.29922199249268,32.7220840454102
3020016,2011,1.83483409881592,32.3841743469238
3020016,2010,1.83483409881592,32.3841743469238
3020018,2011,2.03341221809387,32.8325843811035
3020035,2011,1.90533483028412,32.3719940185547
3020035,2011,1.74660897254944,32.1670837402344
3030002,2011,3.00683951377869,30.913631439209
3030002,2011,3.01250648498535,30.913366317749
3030006,2011,3.09229350090027,30.889102935791
3030006,2010,3.09229350090027,30.889102935791
3030006,2011,3.0139000415802,31.3441505432129
3030009,2011,3.06571340560913,30.9412231445312
3030015,2011,2.61549758911133,31.1452007293701
3030015,2011,2.65484762191772,31.1845073699951
3030033,2010,2.74137544631958,30.9613151550293
3030033,2011,2.78837084770203,30.9091682434082
3030033,2011,2.74137544631958,30.9613151550293
3040002,2011,2.76146292686462,32.2359580993652
3040002,2011,2.7695152759552,32.2951393127441
3040002,2010,2.7695152759552,32.2951393127441
3040004,2011,2.76196455955505,32.3320617675781
3040007,2011,2.78554129600525,32.3996620178223
3040007,2010,2.77324104309082,32.3021507263184
3040007,2011,2.77324104309082,32.3021507263184
3040007,2011,2.79109644889832,32.414722442627
3040007,2011,2.7868857383728,32.4112701416016
3040007,2011,2.83684015274048,32.4078254699707
3040009,2011,2.95916128158569,32.2330055236816
3040009,2011,2.81874656677246,32.2802124023438
3040009,2011,2.98075461387634,32.3118438720703
3040009,2011,2.94561386108398,32.2034111022949
3040009,2011,2.87572145462036,32.3775596618652
3040014,2011,2.50530576705933,32.3839073181152
3050001,2011,3.36475419998169,33.0603523254395
3050001,2011,3.32291674613953,33.0009918212891
3050001,2011,3.30915713310242,32.8738670349121
3050001,2011,3.43252635002136,32.7281150817871
3060002,2011,3.69233274459839,33.9645347595215
3060006,2010,3.03833198547363,34.1470222473145
3060006,2011,3.03833198547363,34.1470222473145
3060007,2011,3.08654856681824,34.1376533508301
3060007,2011,3.03545713424683,34.0450592041016
3060007,2010,3.03545713424683,34.0450592041016
3070002,2010,2.24418377876282,32.8969917297363
3070002,2011,2.24418377876282,32.8969917297363
3070002,2011,2.36052346229553,33.2130241394043
3070005,2011,2.48079371452332,33.0631141662598
3070005,2011,2.2636284828186,32.8983764648438
3070007,2010,2.21650981903076,32.8898048400879
3070007,2011,2.21650981903076,32.8898048400879
3070007,2011,2.52146339416504,33.2035675048828
3070012,2010,2.5860641002655,32.6980056762695
3070012,2010,2.31616306304932,32.9403533935547
3070012,2010,2.32800364494324,33.2625541687012
3070017,2011,2.20474600791931,33.1740913391113
3070018,2011,2.12212133407593,33.191463470459
3070018,2010,2.12212133407593,33.191463470459
3070020,2011,2.37312650680542,33.0343399047852
3070020,2011,2.42715930938721,33.0419387817383
3070020,2011,2.40863752365112,33.0646171569824
3070020,2011,2.43456292152405,33.0632095336914
3070022,2010,2.18861675262451,33.1163444519043
3070022,2011,2.18861675262451,33.1163444519043
3070023,2011,2.11178040504456,33.1042327880859
3070023,2011,2.12083601951599,33.1334571838379
3070025,2010,2.31113576889038,32.9849128723145
3070025,2011,2.31113576889038,32.9849128723145
3080001,2010,2.14581179618835,34.2044410705566
3080001,2011,2.14581179618835,34.2044410705566
3080002,2011,2.45021510124207,34.4914665222168
3080002,2011,2.37368083000183,34.501106262207
3080004,2011,2.56624221801758,34.6404800415039
3080004,2010,2.56624221801758,34.6404800415039
3080004,2011,2.58115363121033,34.5756759643555
3090001,2011,3.28149676322937,31.5641326904297
3090001,2011,3.69256734848022,31.7316665649414
3090002,2010,3.52506995201111,31.7135047912598
3090002,2011,3.52506995201111,31.7135047912598
3100001,2011,2.35501027107239,30.9007453918457
3100001,2011,2.47238349914551,31.0622043609619
3100004,2010,2.41697716712952,30.9864540100098
3100004,2011,2.51300311088562,30.8655757904053
3100004,2011,2.41697716712952,30.9864540100098
3100006,2011,2.35689759254456,31.4175453186035
3100007,2011,2.58457088470459,30.9352512359619
3100008,2011,2.35982012748718,30.9178142547607
3100008,2010,2.35982012748718,30.9178142547607
3100009,2011,2.51362681388855,30.8818950653076
3100009,2011,2.58108997344971,30.9663352966309
3100010,2010,2.52995300292969,30.7862167358398
3100010,2011,2.52995300292969,30.7862167358398
3100012,2011,2.49448823928833,31.0923099517822
3110001,2011,1.84558916091919,34.7231597900391
3110003,2010,2.35744428634644,34.5862770080566
3110003,2011,2.35744428634644,34.5862770080566
3110004,2011,1.76908838748932,34.8571166992188
3130001,2011,3.57426166534424,31.1324863433838
3130002,2011,3.34775972366333,31.1935329437256
3130002,2010,3.34775972366333,31.1935329437256
3130003,2011,3.25135397911072,31.404354095459
3130003,2011,3.43934202194214,31.2182464599609
3150016,2011,1.79521262645721,32.899227142334
3160016,2010,2.84705948829651,32.124927520752
3160016,2011,2.84705948829651,32.124927520752
3170009,2011,1.98235940933228,33.0550918579102
3170009,2011,2.3119683265686,33.0099906921387
3170010,2011,1.99999451637268,33.2409324645996
3170010,2010,1.99999451637268,33.2409324645996
3170011,2011,1.77958250045776,33.0395240783691
3180001,2011,3.49815559387207,34.1300354003906
3180002,2011,3.69233274459839,33.9645347595215
3180003,2011,3.60678219795227,34.1263580322266
3180003,2010,3.60678219795227,34.1263580322266
3180004,2011,3.51759910583496,34.1603584289551
3190005,2011,3.40311789512634,30.9614372253418
3190012,2010,3.44252777099609,30.9456558227539
3190012,2011,3.44252777099609,30.9456558227539
3200018,2010,3.20126748085022,30.9642467498779
3200018,2011,3.09759187698364,30.8847064971924
3200018,2011,3.20126748085022,30.9642467498779
3200018,2011,3.2123076915741,30.9191608428955
3200021,2010,3.27729225158691,30.9756202697754
3200021,2011,3.27729225158691,30.9756202697754
3200024,2011,3.09164381027222,31.0199394226074
3200024,2011,2.7136914730072,30.9214210510254
3200027,2010,3.03893709182739,31.1524143218994
3200027,2011,3.06657600402832,31.0652465820312
3200027,2011,3.03893709182739,31.1524143218994
3200030,2011,3.24445223808289,31.1587162017822
3210021,2010,2.35250067710876,32.2547607421875
3210021,2011,2.35250067710876,32.2547607421875
3210023,2011,2.3648579120636,32.6032752990723
3210028,2010,2.45030450820923,32.4588470458984
3210028,2010,2.29793643951416,32.4508323669434
3210030,2011,2.15202903747559,32.5299224853516
4010003,2011,0.684333980083466,30.0505027770996
4010005,2011,0.785143792629242,30.2475070953369
4020002,2010,-0.556546568870544,30.1343879699707
4020002,2011,-0.556546568870544,30.1343879699707
4020007,2011,-0.303979516029358,30.3784961700439
4020011,2011,-0.165047481656075,30.1528797149658
4020011,2011,-0.260062783956528,30.129674911499
4020011,2010,-0.260062783956528,30.129674911499
4020016,2011,-0.5497967004776,30.0675220489502
4020020,2010,-0.553773462772369,30.3036918640137
4020020,2011,-0.553773462772369,30.3036918640137
4020025,2011,-0.528355836868286,29.9541797637939
4020025,2010,-0.528355836868286,29.9541797637939
4020030,2011,-0.661935746669769,30.3042678833008
4020030,2011,-0.567364752292633,30.4266242980957
4030002,2011,1.44564294815063,31.3347625732422
4030004,2010,1.36187076568604,31.4513874053955
4030004,2011,1.36187076568604,31.4513874053955
4030006,2011,1.47465217113495,31.3388938903809
4030007,2010,1.44195747375488,31.155403137207
4030007,2011,1.44195747375488,31.155403137207
4030009,2011,1.25608265399933,30.8103256225586
4040003,2011,-1.24142968654633,29.9611663818359
4040006,2011,-1.25521552562714,30.0568199157715
4040008,2010,-1.40499544143677,29.949390411377
4040008,2011,-1.40499544143677,29.949390411377
4040010,2011,-1.16621911525726,29.7942943572998
4040012,2011,-1.15726232528687,30.0624504089355
4050002,2010,0.64079874753952,30.3012828826904
4050002,2011,0.64079874753952,30.3012828826904
4050005,2011,0.626914322376251,30.2771186828613
4050006,2011,0.447067439556122,30.1652870178223
4050010,2010,0.578551709651947,30.1612014770508
4050010,2011,0.578551709651947,30.1612014770508
4060003,2010,0.177929356694221,30.0738525390625
4060003,2011,0.177929356694221,30.0738525390625
4060008,2011,0.000341503007803112,29.7339096069336
4060010,2010,0.0804493054747581,29.8522396087646
4060010,2011,0.0804493054747581,29.8522396087646
4060011,2011,0.35821470618248,30.0851936340332
4060013,2010,0.0584137737751007,29.9493350982666
4060013,2011,0.0584137737751007,29.9493350982666
4070002,2011,0.940079212188721,30.811918258667
4070003,2011,1.02071845531464,31.1242160797119
4070005,2011,0.887235939502716,30.6932125091553
4070007,2011,1.00910222530365,30.5577793121338
4070007,2010,1.00910222530365,30.5577793121338
4070009,2011,0.914466857910156,31.0712184906006
4080002,2010,-1.15060031414032,29.6728382110596
4080002,2011,-1.15060031414032,29.6728382110596
4080004,2011,-1.34085130691528,29.7682571411133
4090002,2010,1.69431710243225,31.7118549346924
4090002,2011,1.69431710243225,31.7118549346924
4090005,2010,1.62602508068085,31.5849761962891
4090005,2011,1.62602508068085,31.5849761962891
4090009,2011,1.74665224552155,31.6700687408447
4090011,2011,2.22743916511536,32.2615852355957
4100001,2011,-0.608761012554169,30.6722297668457
4100001,2010,-0.608761012554169,30.6722297668457
4100005,2011,-0.593402326107025,30.6618728637695
4100026,2011,-0.56057220697403,30.6788005828857
4100029,2011,-0.323038339614868,30.5947933197021
4100029,2010,-0.323038339614868,30.5947933197021
4100038,2010,-0.74503880739212,30.4248142242432
4100038,2011,-0.69743824005127,30.4774150848389
4110002,2011,-0.860807299613953,30.2692756652832
4110004,2011,-0.760570764541626,30.1790943145752
4110006,2011,-0.867663264274597,30.3541145324707
4110007,2011,-0.982336580753326,30.45973777771
4110009,2010,-0.987176835536957,30.1298351287842
4110009,2011,-0.987176835536957,30.1298351287842
4120003,2011,-0.96490079164505,29.9596881866455
4120005,2011,1.91633701324463,33.9665489196777
4120005,2011,-0.640430748462677,29.8059825897217
4130002,2010,0.389080584049225,30.4866619110107
4130002,2011,0.389080584049225,30.4866619110107
4130003,2011,0.142605289816856,30.495325088501
4130005,2011,-0.105038173496723,30.2642192840576
4130005,2010,-0.105038173496723,30.2642192840576
4140001,2010,-0.896750926971436,29.7783241271973
4140001,2011,-0.896750926971436,29.7783241271973
4140003,2011,-0.779665112495422,29.6530265808105
4140005,2010,-0.92032378911972,29.8012294769287
4140005,2011,-0.92032378911972,29.8012294769287
4150002,2011,0.599728763103485,30.6424827575684
4150004,2011,0.419650048017502,31.0364627838135
4150006,2011,0.591023623943329,30.4715900421143
4150007,2010,0.728757619857788,30.6465892791748
4150007,2011,0.728757619857788,30.6465892791748
4150009,2011,0.822011709213257,30.7921314239502
4160007,2011,2.09265446662903,31.4800834655762
4160007,2010,2.09265446662903,31.4800834655762
4170008,2011,-0.132562950253487,30.4788208007812
4170008,2010,-0.132562950253487,30.4788208007812
4170014,2010,0.0148298358544707,30.5203266143799
4170014,2011,0.0148298358544707,30.5203266143799
4170014,2011,0.0808010026812553,30.4895534515381
4170017,2011,-0.227396413683891,30.4021682739258
4180011,2011,-0.925601899623871,30.7941589355469
4180020,2011,-0.757246434688568,30.8071994781494
4180023,2011,-0.855295062065125,30.6595821380615
4180023,2010,-0.855295062065125,30.6595821380615
4190032,2011,-0.15113827586174,30.9488544464111
4190035,2010,-0.278873801231384,30.8901271820068
4190035,2011,-0.278873801231384,30.8901271820068
1020002,2011,0.419838577508926,32.6081809997559
1020008,2011,0.785026848316193,33.3249053955078
1020011,2011,0.2386794090271,32.6208229064941
1020015,2011,0.326390743255615,32.5551452636719
1030003,2011,0.610604584217072,31.9676303863525
1040004,2011,0.471293449401855,32.8645896911621
1040006,2011,0.347104102373123,32.5375289916992
1040008,2011,0.350512117147446,32.6247978210449
1050008,2011,-0.152902647852898,31.8917274475098
1050008,2010,0.284322291612625,32.5622215270996
1050015,2011,-0.435466885566711,31.3689880371094
1050026,2011,-0.301559329032898,31.7502498626709
1050026,2011,-0.314386487007141,31.768533706665
1050030,2011,-0.314625114202499,31.7481575012207
1050033,2011,-0.27213916182518,31.7503662109375
1060003,2011,0.0299270804971457,32.0245895385742
1060005,2011,0.126303881406784,31.809871673584
1060005,2011,0.170688912272453,32.4613609313965
1060005,2011,0.189466461539268,32.4375190734863
1060005,2011,-0.011469641700387,32.0953979492188
1070016,2011,0.343906313180923,32.5416831970215
1070020,2011,0.426389187574387,31.8379459381104
1080002,2011,0.286152809858322,32.6383666992188
1080006,2011,0.359630525112152,33.1372489929199
1080027,2011,0.338240087032318,32.6403274536133
1090004,2011,1.39986944198608,32.2564964294434
1090004,2011,1.57053363323212,32.3624420166016
1100001,2011,-0.999311327934265,31.4185981750488
1100007,2011,-0.417683213949203,31.1459484100342
1100007,2011,-0.670389473438263,31.1604404449463
1100009,2011,0.268996745347977,32.5728454589844
1100009,2011,0.285991013050079,32.538703918457
1110003,2011,-0.229320719838142,31.4010314941406
1130008,2011,0.505781412124634,32.329402923584
1130008,2011,0.297392398118973,32.5121841430664
1130008,2011,0.227407097816467,32.467414855957
1140003,2011,-0.402727663516998,31.3498954772949
1150004,2011,0.32007160782814,32.555046081543
1150004,2011,0.389594316482544,32.5794258117676
1150004,2011,0.369839280843735,32.5665283203125
1160011,2011,0.584685146808624,32.5620079040527
1160013,2011,0.369963735342026,32.5560455322266
2010008,2011,1.1177716255188,33.8638305664062
2030018,2011,0.828696727752686,33.2164840698242
2030018,2011,0.547453582286835,33.1652755737305
2040002,2011,0.823249995708466,34.2178001403809
2050013,2011,1.06010282039642,33.0102233886719
2050013,2011,0.391492933034897,32.9793014526367
2050017,2011,0.721441149711609,33.069709777832
2070005,2011,2.05196261405945,33.977970123291
2070005,2011,1.89014375209808,33.823802947998
2080001,2011,0.355950325727463,32.6122016906738
2080005,2011,1.43425595760345,33.849781036377
2080008,2010,2.2566249370575,32.9248352050781
2100002,2011,0.0706271082162857,32.4769554138184
2110003,2011,1.74421155452728,33.049633026123
2110007,2011,1.72766292095184,33.5183486938477
2110009,2011,1.67027997970581,33.7054595947266
2120009,2011,0.640629768371582,32.9984588623047
2120011,2011,0.288416594266891,32.5790481567383
2140002,2011,0.57459944486618,33.4334487915039
2140002,2011,0.576142966747284,33.4181022644043
2140002,2011,0.562989771366119,33.4349784851074
2140002,2011,0.629517555236816,33.5412788391113
2150004,2011,0.326278805732727,32.5814552307129
2170009,2011,2.54137110710144,34.6665420532227
2220022,2011,0.75813615322113,33.419563293457
2220022,2011,0.931526362895966,31.4458980560303
2220022,2011,1.21972632408142,33.3827209472656
2220022,2011,0.844220042228699,33.4109115600586
2230018,2011,0.804886937141418,34.3069801330566
2230018,2011,0.644552290439606,34.2682495117188
2240013,2011,0.351066559553146,32.667366027832
2240013,2011,0.757181465625763,33.6212882995605
3020003,2011,2.56120586395264,32.9409027099609
3020003,2011,1.96819818019867,32.5683441162109
3020005,2011,2.60470652580261,32.8625717163086
3020005,2011,2.25625014305115,32.8728981018066
3020005,2011,2.27572822570801,32.9039154052734
3020016,2010,1.86747825145721,32.7966499328613
3030009,2011,0.325154215097427,32.6269226074219
3040002,2011,0.449585735797882,34.080509185791
3040002,2011,1.46846723556519,34.0943183898926
3040004,2011,2.94761490821838,32.2698440551758
3040007,2011,2.86015605926514,32.4313430786133
3040007,2011,2.91334438323975,32.1738739013672
3040014,2011,2.77530694007874,32.280387878418
3070005,2011,2.474280834198,32.7197456359863
3070005,2011,2.49378085136414,32.7844848632812
3070007,2011,2.5273814201355,33.2008895874023
3070018,2011,2.11359143257141,33.1176986694336
3070018,2011,0.327177673578262,32.5470695495605
3070022,2011,2.29568600654602,33.0078506469727
3070023,2011,2.13755464553833,33.2075042724609
3090001,2011,2.77836799621582,32.3072166442871
3090002,2011,3.60344052314758,31.6128997802734
3090002,2011,3.66808867454529,31.7156181335449
3100001,2011,2.41769194602966,31.0396976470947
3100010,2011,2.59279322624207,30.797737121582
3100010,2011,2.63730120658875,30.8576393127441
3100010,2011,2.50494575500488,31.0968360900879
3130001,2011,3.41740727424622,31.1809616088867
3170009,2011,2.34069156646729,33.0564002990723
3170009,2011,2.32385993003845,33.0019454956055
3170009,2011,2.33012795448303,33.0397720336914
3200024,2011,2.80026865005493,30.921443939209
3200024,2011,2.74202919006348,30.9543418884277
3210028,2010,2.49765157699585,32.5025482177734
3210028,2010,2.4464111328125,32.2825775146484
4020002,2011,-0.492146402597427,30.5141677856445
4020016,2011,-0.603493630886078,29.9941101074219
4020025,2011,-0.536995410919189,30.0173168182373
4030009,2011,0.914398610591888,30.7580909729004
4040008,2011,-1.46793389320374,29.9231452941895
4040008,2011,-1.24129557609558,29.7741756439209
4040010,2011,-1.38021421432495,30.0106334686279
4080004,2011,-1.15031540393829,29.5914306640625
4100038,2011,-0.654303014278412,30.3842182159424
4110007,2011,-1.19142282009125,29.8102531433105
4120005,2011,-0.59185004234314,29.8889656066895
1010002,2009,-0.530628025531769,32.3274917602539
1020001,2010,0.333187997341156,32.5706558227539
1020002,2009,0.313044995069504,32.5691452026367
1020002,2010,0.313044995069504,32.5691452026367
1020003,2009,0.303095996379852,32.5733451843262
1020004,2009,0.345753014087677,32.5462951660156
1020005,2010,0.378048986196518,32.5941314697266
1020006,2010,0.371428996324539,32.5650634765625
1020007,2010,0.365141004323959,32.5970153808594
1020007,2009,0.365141004323959,32.5970153808594
1020008,2009,0.356909990310669,32.5883522033691
1020009,2010,0.362533986568451,32.5747261047363
1020010,2010,0.345997989177704,32.5832252502441
1020010,2009,0.345997989177704,32.5832252502441
1020011,2010,0.289272993803024,32.6159744262695
1020012,2010,0.312797009944916,32.6114730834961
1020013,2010,0.303220987319946,32.6197471618652
1020014,2009,0.285813003778458,32.5787391662598
1020014,2010,0.285813003778458,32.5787391662598
1020015,2009,0.301654994487762,32.6005516052246
1020016,2009,0.310160011053085,32.6017799377441
1020017,2010,0.273187011480331,32.6248092651367
1020018,2010,0.295154988765717,32.5853996276855
1020019,2009,0.285391986370087,32.6176643371582
1020019,2010,0.285391986370087,32.6176643371582
1020020,2009,0.344781994819641,32.5875282287598
1020020,2010,0.344781994819641,32.5875282287598
1020021,2009,0.367720007896423,32.6239585876465
1020022,2010,0.368404000997543,32.5902557373047
1020022,2009,0.368404000997543,32.5902557373047
1020023,2010,0.328184992074966,32.6340675354004
1020024,2010,0.32192799448967,32.6380882263184
1020025,2010,0.337204992771149,32.6085891723633
1020025,2009,0.337204992771149,32.6085891723633
1020026,2009,0.305940985679626,32.5291442871094
1020026,2010,0.305940985679626,32.5291442871094
1020027,2010,0.289860010147095,32.553035736084
1020027,2009,0.289860010147095,32.553035736084
1020028,2009,0.356766998767853,32.5571060180664
1020028,2010,0.356766998767853,32.5571060180664
1020029,2010,0.330749988555908,32.5421371459961
1020030,2010,0.289792001247406,32.5353813171387
1020031,2009,0.279320001602173,32.5660514831543
1020032,2009,0.332453012466431,32.5423698425293
1020033,2010,0.317142993211746,32.5373229980469
1020033,2009,0.317142993211746,32.5373229980469
1020034,2009,0.304610013961792,32.543773651123
1030003,2010,0.827926993370056,31.8434658050537
1030003,2009,0.827926993370056,31.8434658050537
1030005,2010,0.923509001731873,31.5785617828369
1040002,2009,0.71214497089386,32.5294303894043
1040002,2010,0.71214497089386,32.5294303894043
1040004,2009,0.589527010917664,32.6231079101562
1040006,2010,0.662384986877441,32.7091407775879
1040008,2009,0.811501026153564,32.5159187316895
1040008,2010,0.811501026153564,32.5159187316895
1050001,2010,-0.34314700961113,31.7253131866455
1050003,2009,-0.14214800298214,31.8796768188477
1050003,2010,-0.14214800298214,31.8796768188477
1050004,2009,-0.0795710012316704,31.6357078552246
1050004,2010,-0.0795710012316704,31.6357078552246
1050008,2010,-0.248542994260788,31.6678161621094
1050012,2009,-0.344247996807098,31.5716667175293
1050012,2010,-0.344247996807098,31.5716667175293
1050015,2010,-0.471199989318848,31.3637866973877
1050019,2010,-0.522386014461517,31.3553428649902
1050019,2009,-0.522386014461517,31.3553428649902
1050023,2009,-0.576781988143921,31.6916370391846
1050023,2010,-0.576781988143921,31.6916370391846
1050026,2010,-0.291444003582001,31.7913436889648
1050030,2009,0.000976999988779426,31.7997989654541
1050030,2010,0.000976999988779426,31.7997989654541
1050033,2010,-0.19768300652504,31.8102912902832
1060003,2009,0.112060002982616,31.7603454589844
1060003,2010,0.112060002982616,31.7603454589844
1060005,2009,0.270253986120224,31.6484508514404
1060005,2010,0.270253986120224,31.6484508514404
1060007,2009,0.0716100037097931,32.0928726196289
1060007,2010,0.0716100037097931,32.0928726196289
1060009,2009,0.196654006838799,32.2552299499512
1060009,2010,0.196654006838799,32.2552299499512
1070001,2009,0.552686989307404,31.3820266723633
1070001,2010,0.552686989307404,31.3820266723633
1070002,2010,0.39071398973465,32.0738220214844
1070008,2010,0.213035002350807,31.0526390075684
1070012,2010,0.53796797990799,31.368236541748
1070016,2009,0.630704998970032,31.7877235412598
1070016,2010,0.630704998970032,31.7877235412598
1070020,2009,0.487563997507095,31.8009243011475
1070020,2010,0.487563997507095,31.8009243011475
1070023,2009,0.586750984191895,31.7181568145752
1070023,2010,0.586750984191895,31.7181568145752
1080002,2009,0.354954987764359,32.9335060119629
1080002,2010,0.354954987764359,32.9335060119629
1080003,2010,0.411417007446289,33.1413688659668
1080006,2009,0.316350013017654,33.1603584289551
1080006,2010,0.316350013017654,33.1603584289551
1080009,2010,0.369691014289856,33.1874313354492
1080009,2009,0.369691014289856,33.1874313354492
1080013,2009,0.376262992620468,33.1910133361816
1080013,2010,0.376262992620468,33.1910133361816
1080016,2010,0.112190000712872,33.4779624938965
1080016,2009,0.112190000712872,33.4779624938965
1080020,2010,0.435741990804672,32.8037338256836
1080023,2009,0.411848992109299,32.6887550354004
1080023,2010,0.411848992109299,32.6887550354004
1080027,2010,0.619388997554779,32.8121566772461
1080030,2009,0.684823989868164,32.8292083740234
1080030,2010,0.684823989868164,32.8292083740234
1080033,2010,0.625140011310577,32.9195823669434
1080033,2009,0.625140011310577,32.9195823669434
1090004,2010,1.58244705200195,32.1892929077148
1100001,2009,-0.639231026172638,31.5299873352051
1100001,2010,-0.639231026172638,31.5299873352051
1100005,2010,-0.887125015258789,31.711088180542
1100007,2010,-0.518612027168274,31.1944370269775
1100007,2009,-0.518612027168274,31.1944370269775
1100009,2010,-0.508831024169922,31.3332862854004
1100009,2009,-0.508831024169922,31.3332862854004
1100012,2009,-0.503360986709595,31.6160697937012
1100012,2010,-0.503360986709595,31.6160697937012
1110001,2009,0.145366996526718,31.2310581207275
1110001,2010,0.145366996526718,31.2310581207275
1110003,2010,-0.292248010635376,31.4787216186523
1110005,2009,-0.151019006967545,31.4375495910645
1110005,2010,-0.151019006967545,31.4375495910645
1120001,2009,0.72658097743988,32.9185066223145
1120001,2010,0.72658097743988,32.9185066223145
1120003,2010,0.827234983444214,32.8440856933594
1120006,2010,0.732909977436066,32.9587593078613
1130002,2009,0.0677279978990555,32.4715919494629
1130002,2010,0.0677279978990555,32.4715919494629
1130003,2009,0.218554005026817,32.5398979187012
1130003,2010,0.218554005026817,32.5398979187012
1130004,2010,0.350127011537552,32.6699867248535
1130006,2009,0.375993013381958,32.5358734130859
1130006,2010,0.375993013381958,32.5358734130859
1130007,2010,0.261842012405396,32.556755065918
1130008,2009,0.0560900010168552,32.3109283447266
1130008,2010,0.0560900010168552,32.3109283447266
1130010,2010,0.0393440015614033,32.5403861999512
1130012,2010,0.265680998563766,32.4627532958984
1130012,2009,0.265680998563766,32.4627532958984
1130014,2010,0.160929992794991,32.5529327392578
1130016,2009,0.326054006814957,32.5104064941406
1130016,2010,0.326054006814957,32.5104064941406
1130019,2009,0.347712993621826,32.6829795837402
1130019,2010,0.347712993621826,32.6829795837402
1130021,2009,0.349635004997253,32.5372314453125
1130021,2010,0.349635004997253,32.5372314453125
1130023,2010,0.255861014127731,32.6040191650391
1130023,2009,0.255861014127731,32.6040191650391
1130025,2010,0.239827007055283,32.5439300537109
1100003,2009,-0.295331001281738,31.2187824249268
1100003,2010,-0.295331001281738,31.2187824249268
1070004,2010,0.274722993373871,31.9426536560059
1070027,2009,0.402622997760773,32.0810546875
1070027,2010,0.402622997760773,32.0810546875
1070031,2010,0.543995976448059,32.1898193359375
1040011,2010,0.684432983398438,32.3014259338379
1040011,2009,0.684432983398438,32.3014259338379
1040013,2009,1.15960001945496,32.0026092529297
1040013,2010,1.15960001945496,32.0026092529297
2010004,2009,0.431405007839203,33.8126411437988
2010004,2010,0.431405007839203,33.8126411437988
2010006,2009,0.31351900100708,33.8706398010254
2010006,2010,0.31351900100708,33.8706398010254
2010008,2010,0.711597979068756,33.6848335266113
2010009,2009,0.103998996317387,33.7830924987793
2010009,2010,0.103998996317387,33.7830924987793
2020001,2009,0.467747986316681,34.0916976928711
2020005,2010,0.490653991699219,34.0917701721191
2020007,2010,0.38901498913765,34.0578117370605
2020007,2009,0.38901498913765,34.0578117370605
2030001,2010,0.615904986858368,33.4700546264648
2030004,2009,0.623696982860565,33.4741477966309
2030004,2010,0.623696982860565,33.4741477966309
2030008,2009,0.551626026630402,33.618896484375
2030008,2010,0.551626026630402,33.618896484375
2030018,2009,0.572827994823456,33.4740257263184
2030023,2010,0.674983024597168,33.5198974609375
2030028,2009,1.01656496524811,33.3279762268066
2030028,2010,1.01656496524811,33.3279762268066
2030033,2010,0.775407016277313,33.3474769592285
2040002,2009,0.42272099852562,33.2024993896484
2040002,2010,0.42272099852562,33.2024993896484
2040006,2010,0.432437002658844,33.2406768798828
2040009,2010,0.485487997531891,33.2385559082031
2040009,2009,0.485487997531891,33.2385559082031
2040012,2010,0.62576299905777,33.2887725830078
2040012,2009,0.62576299905777,33.2887725830078
2040014,2009,0.551319003105164,33.125862121582
2040014,2010,0.551319003105164,33.125862121582
2040015,2010,0.545563995838165,33.0937652587891
2050001,2010,0.924404978752136,33.1305084228516
2050004,2009,1.209233045578,33.047924041748
2050004,2010,1.209233045578,33.047924041748
2050009,2010,1.232990026474,33.331226348877
2050013,2009,1.060103058815,33.0102233886719
2050013,2010,1.060103058815,33.0102233886719
2050017,2009,0.900533974170685,33.1015129089355
2050017,2010,0.900533974170685,33.1015129089355
2050030,2010,0.773993015289307,33.0747528076172
2060003,2010,1.3821849822998,34.4044532775879
2070005,2009,1.86953103542328,33.9480819702148
2070006,2010,1.66368901729584,33.967887878418
2080001,2009,1.47599601745605,33.9171676635742
2080001,2010,1.47599601745605,33.9171676635742
2080005,2010,1.37214004993439,33.9079666137695
2080007,2009,1.53158402442932,34.0501136779785
2080007,2010,1.53158402442932,34.0501136779785
2080008,2009,1.58896803855896,33.8601341247559
2080008,2010,1.58896803855896,33.8601341247559
2090006,2009,1.07075500488281,34.1721992492676
2090006,2010,1.07075500488281,34.1721992492676
2090033,2009,1.02946805953979,34.2461814880371
2090033,2010,1.02946805953979,34.2461814880371
2100002,2009,1.18389999866486,33.7195930480957
2100004,2010,1.14941596984863,33.9205665588379
2100004,2009,1.14941596984863,33.9205665588379
2100006,2010,1.31359696388245,33.7401695251465
2100007,2009,1.26080000400543,33.7970542907715
2100007,2010,1.26080000400543,33.7970542907715
2110003,2010,1.74108505249023,33.6019668579102
2110004,2009,1.56147396564484,33.3062973022461
2110004,2010,1.56147396564484,33.3062973022461
2110006,2010,1.52577102184296,33.5503845214844
2110006,2009,1.52577102184296,33.5503845214844
2110007,2010,1.74095797538757,33.5833396911621
2110009,2010,1.70041394233704,33.6885223388672
2110009,2009,1.70041394233704,33.6885223388672
2120003,2009,0.71111798286438,34.1736373901367
2120008,2009,0.819428980350494,34.0940742492676
2120008,2010,0.819428980350494,34.0940742492676
2120009,2010,0.657477021217346,34.1587715148926
2120009,2009,0.657477021217346,34.1587715148926
2120011,2010,0.696134984493256,34.0029640197754
2120013,2009,0.696241974830627,34.1093864440918
2120013,2010,0.696241974830627,34.1093864440918
2140002,2010,0.513224005699158,33.4177093505859
2140003,2009,0.423703014850616,33.6121711730957
2140003,2010,0.423703014850616,33.6121711730957
2150001,2010,1.24573802947998,34.2635726928711
2150002,2009,1.21842396259308,34.2704315185547
2150002,2010,1.21842396259308,34.2704315185547
2150004,2010,1.15165495872498,34.261589050293
2150004,2009,1.15165495872498,34.261589050293
2150006,2009,1.27609801292419,34.3719062805176
2150006,2010,1.27609801292419,34.3719062805176
2150007,2010,1.3747730255127,34.3019981384277
2070003,2009,2.02890801429749,33.590747833252
2100009,2010,1.12054705619812,34.0546684265137
2100009,2009,1.12054705619812,34.0546684265137
2090037,2010,1.054034948349,34.3706207275391
2080003,2010,1.19971597194672,34.1584243774414
2080003,2009,1.19971597194672,34.1584243774414
2060001,2010,1.33163094520569,34.6608619689941
2060001,2009,1.33163094520569,34.6608619689941
2120006,2010,1.01852297782898,34.0729484558105
2050022,2009,1.0357780456543,33.3878631591797
2050022,2010,1.0357780456543,33.3878631591797
2050026,2009,1.08883798122406,33.4021606445312
2050026,2010,1.08883798122406,33.4021606445312
2090011,2009,0.825317025184631,34.2723846435547
2090011,2010,0.825317025184631,34.2723846435547
2090014,2010,0.802708029747009,34.3096466064453
2090014,2009,0.802708029747009,34.3096466064453
2090018,2010,0.8838210105896,34.3841171264648
2090022,2010,0.808688998222351,34.3362693786621
2090022,2009,0.808688998222351,34.3362693786621
2090026,2010,0.857629001140594,34.3664779663086
2090029,2010,0.869543015956879,34.3812675476074
2090029,2009,0.869543015956879,34.3812675476074
2030013,2010,0.961449027061462,33.5919456481934
2030013,2009,0.961449027061462,33.5919456481934
3010003,2009,3.39455389976501,31.942964553833
3010003,2010,3.39455389976501,31.942964553833
3020002,2010,1.97871398925781,32.5296211242676
3020002,2009,1.97871398925781,32.5296211242676
3020003,2009,2.43073296546936,32.7466316223145
3020003,2010,2.43073296546936,32.7466316223145
3020005,2010,2.42946004867554,32.8906021118164
3020008,2010,2.42460107803345,32.851692199707
3020008,2009,2.42460107803345,32.851692199707
3020010,2010,2.14705204963684,32.6508445739746
3020013,2009,2.02559494972229,32.7174186706543
3020013,2010,2.02559494972229,32.7174186706543
3020016,2010,1.83483397960663,32.3841743469238
3020016,2009,1.83483397960663,32.3841743469238
3020018,2009,1.67746794223785,32.3701286315918
3020035,2009,1.90533494949341,32.371997833252
3020035,2010,1.90533494949341,32.371997833252
3030002,2010,3.00683903694153,30.913631439209
3030006,2009,3.09229302406311,30.889102935791
3030006,2010,3.09229302406311,30.889102935791
3030009,2010,3.06571292877197,30.9412212371826
3030015,2010,2.61549806594849,31.1452007293701
3030033,2009,2.74137592315674,30.9613132476807
3030033,2010,2.74137592315674,30.9613132476807
3040002,2010,2.76951503753662,32.2951393127441
3040002,2009,2.76951503753662,32.2951393127441
3040004,2010,2.76196503639221,32.3320617675781
3040009,2010,2.81874704360962,32.2802124023438
3040014,2009,2.50530600547791,32.3839073181152
3040014,2010,2.50530600547791,32.3839073181152
3050001,2010,3.30915689468384,32.8738670349121
3060006,2009,3.03833198547363,34.1470222473145
3060007,2010,3.03545689582825,34.0450592041016
3060007,2009,3.03545689582825,34.0450592041016
3070002,2010,2.2441840171814,32.8969917297363
3070002,2009,2.2441840171814,32.8969917297363
3070005,2010,2.26362800598145,32.8983764648438
3070005,2009,2.26362800598145,32.8983764648438
3070007,2009,2.21651005744934,32.8898048400879
3070007,2010,2.21651005744934,32.8898048400879
3070012,2009,2.31616306304932,32.9403533935547
3070017,2009,2.20474600791931,33.1740913391113
3070017,2010,2.20474600791931,33.1740913391113
3070018,2010,2.12212109565735,33.191463470459
3070018,2009,2.12212109565735,33.191463470459
3070022,2009,2.18861699104309,33.1163444519043
3070022,2010,2.18861699104309,33.1163444519043
3070023,2010,2.1117799282074,33.1042327880859
3070025,2009,2.31113600730896,32.9849128723145
3070025,2010,2.31113600730896,32.9849128723145
3080001,2009,2.14581203460693,34.2044410705566
3080001,2010,2.14581203460693,34.2044410705566
3080002,2010,2.37368106842041,34.501106262207
3080002,2009,2.37368106842041,34.501106262207
3080004,2009,2.566241979599,34.6404800415039
3080004,2010,2.566241979599,34.6404800415039
3090001,2010,3.28149700164795,31.5641326904297
3090002,2009,3.52506995201111,31.7135047912598
3100001,2010,2.47238397598267,31.0622043609619
3100004,2009,2.41697692871094,30.9864540100098
3100004,2010,2.41697692871094,30.9864540100098
3100006,2010,2.35689806938171,31.4175453186035
3100007,2009,2.58457088470459,30.9352512359619
3100007,2010,2.58457088470459,30.9352512359619
3100008,2010,2.3598198890686,30.9178142547607
3100008,2009,2.3598198890686,30.9178142547607
3100009,2010,2.51362705230713,30.8818950653076
3100010,2009,2.52995300292969,30.7862167358398
3100012,2010,2.49448800086975,31.0923099517822
3110001,2010,1.8455890417099,34.7231597900391
3110003,2009,2.35744404792786,34.5862770080566
3110003,2010,2.35744404792786,34.5862770080566
3110004,2010,1.76908802986145,34.8571166992188
3130001,2010,3.57426190376282,31.1324863433838
3130002,2010,3.34775996208191,31.1935329437256
3130002,2009,3.34775996208191,31.1935329437256
3130003,2010,3.25135397911072,31.404354095459
3070016,2010,1.79521298408508,32.899227142334
3070009,2009,1.98235905170441,33.0550918579102
3070009,2010,1.98235905170441,33.0550918579102
3070010,2010,1.99999403953552,33.2409324645996
3070010,2009,1.99999403953552,33.2409324645996
3070011,2010,1.77958202362061,33.0395240783691
3060001,2009,3.49815607070923,34.1300354003906
3060001,2010,3.49815607070923,34.1300354003906
3060002,2010,3.69233298301697,33.9645347595215
3060003,2010,3.60678195953369,34.1263580322266
3060003,2009,3.60678195953369,34.1263580322266
3060004,2010,3.51759910583496,34.1603584289551
3030005,2009,3.40311789512634,30.9614372253418
3030005,2010,3.40311789512634,30.9614372253418
3030012,2009,3.44252800941467,30.9456558227539
3030012,2010,3.44252800941467,30.9456558227539
3030018,2009,3.20126795768738,30.9642486572266
3030018,2010,3.20126795768738,30.9642486572266
3030021,2009,3.27729201316833,30.9756202697754
3030021,2010,3.27729201316833,30.9756202697754
3030024,2010,3.0916440486908,31.0199394226074
3030027,2009,3.03893709182739,31.1524143218994
3030027,2010,3.03893709182739,31.1524143218994
3030030,2010,3.24445199966431,31.1587142944336
3020021,2009,2.35250091552734,32.2547607421875
3020021,2010,2.35250091552734,32.2547607421875
3020023,2010,2.3648579120636,32.6032752990723
3020028,2009,2.297935962677,32.4508323669434
3020028,2010,2.297935962677,32.4508323669434
3020030,2010,2.15202903747559,32.5299224853516
4010003,2009,0.684333980083466,30.0505027770996
4010003,2010,0.684333980083466,30.0505027770996
4010005,2009,0.785143971443176,30.2475070953369
4010005,2010,0.785143971443176,30.2475070953369
4020002,2009,-0.556546986103058,30.1343898773193
4020002,2010,-0.556546986103058,30.1343898773193
4020007,2010,-0.303979992866516,30.3784942626953
4020011,2009,-0.260062992572784,30.129674911499
4020011,2010,-0.260062992572784,30.129674911499
4020016,2010,-0.549796998500824,30.0675201416016
4020020,2009,-0.553772985935211,30.3036918640137
4020020,2010,-0.553772985935211,30.3036918640137
4020025,2010,-0.52835601568222,29.9541797637939
4020025,2009,-0.52835601568222,29.9541797637939
4020030,2009,-0.567364990711212,30.4266242980957
4020030,2010,-0.567364990711212,30.4266242980957
4030002,2010,1.44564294815063,31.3347625732422
4030004,2009,1.36187100410461,31.4513874053955
4030004,2010,1.36187100410461,31.4513874053955
4030006,2010,1.47465205192566,31.3388938903809
4030007,2009,1.44195699691772,31.155403137207
4030007,2010,1.44195699691772,31.155403137207
4030009,2010,1.2560830116272,30.8103256225586
4040003,2009,-1.24143004417419,29.9611663818359
4040003,2010,-1.24143004417419,29.9611663818359
4040006,2009,-1.25521600246429,30.0568199157715
4040006,2010,-1.25521600246429,30.0568199157715
4040008,2009,-1.40499496459961,29.949390411377
4040008,2010,-1.40499496459961,29.949390411377
4040010,2010,-1.16621899604797,29.7942943572998
4040012,2010,-1.157261967659,30.0624504089355
4040012,2009,-1.157261967659,30.0624504089355
4050002,2009,0.640798985958099,30.3012828826904
4050002,2010,0.640798985958099,30.3012828826904
4050005,2010,0.626914024353027,30.2771186828613
4050006,2010,0.447066992521286,30.1652870178223
4050010,2009,0.578552007675171,30.1612014770508
4050010,2010,0.578552007675171,30.1612014770508
4060003,2009,0.177928999066353,30.0738525390625
4060003,2010,0.177928999066353,30.0738525390625
4060008,2010,0.000342000013915822,29.7339096069336
4060008,2009,0.000342000013915822,29.7339096069336
4060010,2009,0.0804490000009537,29.8522396087646
4060010,2010,0.0804490000009537,29.8522396087646
4060011,2010,0.358215004205704,30.0851936340332
4060013,2010,0.0584140010178089,29.9493350982666
4060013,2009,0.0584140010178089,29.9493350982666
4070002,2010,0.940078973770142,30.811918258667
4070003,2010,1.02071797847748,31.1242141723633
4070005,2009,0.887235999107361,30.6932125091553
4070005,2010,0.887235999107361,30.6932125091553
4070007,2010,1.00910198688507,30.5577793121338
4070009,2010,0.914466977119446,31.0712184906006
4080002,2009,-1.15059995651245,29.6728382110596
4080002,2010,-1.15059995651245,29.6728382110596
4080004,2010,-1.34085094928741,29.7682571411133
4090002,2009,1.69431698322296,31.7118549346924
4090002,2010,1.69431698322296,31.7118549346924
4090005,2009,1.62602496147156,31.5849761962891
4090005,2010,1.62602496147156,31.5849761962891
4090009,2010,1.74665200710297,31.6700687408447
4090009,2009,1.74665200710297,31.6700687408447
4090011,2009,2.22743892669678,32.2615852355957
4100001,2009,-0.608761012554169,30.6722297668457
4100005,2009,-0.593402028083801,30.6618728637695
4100026,2010,-0.560572028160095,30.6788005828857
4100029,2010,-0.323038011789322,30.5947933197021
4100029,2009,-0.323038011789322,30.5947933197021
4100038,2010,-0.745038986206055,30.4248142242432
4100038,2009,-0.745038986206055,30.4248142242432
4110002,2010,-0.860807001590729,30.2692756652832
4110004,2009,-0.760571002960205,30.1790943145752
4110004,2010,-0.760571002960205,30.1790943145752
4110006,2009,-0.867663025856018,30.3541145324707
4110006,2010,-0.867663025856018,30.3541145324707
4110007,2010,-0.98233699798584,30.45973777771
4110009,2009,-0.987177014350891,30.1298351287842
4110009,2010,-0.987177014350891,30.1298351287842
4120003,2010,-0.964900970458984,29.9596881866455
4120005,2010,-0.640430986881256,29.8059825897217
4130002,2009,0.389081001281738,30.4866619110107
4130002,2010,0.389081001281738,30.4866619110107
4130003,2010,0.142605006694794,30.495325088501
4130005,2009,-0.105038002133369,30.2642192840576
4130005,2010,-0.105038002133369,30.2642192840576
4140001,2009,-0.89675098657608,29.7783241271973
4140001,2010,-0.89675098657608,29.7783241271973
4140003,2010,-0.779664993286133,29.6530265808105
4140005,2009,-0.9203240275383,29.8012294769287
4140005,2010,-0.9203240275383,29.8012294769287
4150002,2010,0.599729001522064,30.6424827575684
4150004,2009,0.419649988412857,31.0364627838135
4150004,2010,0.419649988412857,31.0364627838135
4150006,2009,0.591023981571198,30.4715900421143
4150006,2010,0.591023981571198,30.4715900421143
4150007,2009,0.728757977485657,30.6465892791748
4150007,2010,0.728757977485657,30.6465892791748
4150009,2010,0.822012007236481,30.7921314239502
4090007,2010,2.09265398979187,31.4800834655762
4100008,2010,-0.13256299495697,30.4788208007812
4100008,2009,-0.13256299495697,30.4788208007812
4100014,2009,0.0148299997672439,30.5203266143799
4100014,2010,0.0148299997672439,30.5203266143799
4100017,2010,-0.227395996451378,30.4021663665771
4100011,2010,-0.92560201883316,30.7941589355469
4100020,2009,-0.757246017456055,30.8071994781494
4100020,2010,-0.757246017456055,30.8071994781494
4100023,2010,-0.85529500246048,30.6595821380615
4100023,2009,-0.85529500246048,30.6595821380615
4100032,2010,-0.151137992739677,30.9488544464111
4100035,2009,-0.278874009847641,30.8901271820068
4100035,2010,-0.278874009847641,30.8901271820068
10130002,2012,-0.530627489089966,32.3274917602539
10130002,2012,0.289080739021301,32.5606498718262
10130002,2012,-0.0435730405151844,32.0053062438965
10210001,2012,0.33318766951561,32.5706558227539
10210002,2011,0.313044756650925,32.5691452026367
10210002,2012,0.313044756650925,32.5691452026367
10210003,2012,0.303095519542694,32.5733451843262
10210004,2012,0.345752984285355,32.5462989807129
10210005,2012,0.378049045801163,32.5941276550293
10210006,2012,0.371428996324539,32.5650596618652
10210007,2012,0.36514076590538,32.5970153808594
10210008,2012,0.356909781694412,32.5883522033691
10210008,2012,0.785026848316193,33.3249053955078
10210008,2011,0.356909781694412,32.5883522033691
10210009,2011,0.362534463405609,32.5747261047363
10210010,2012,0.345997929573059,32.5832252502441
10210011,2012,0.289272874593735,32.6159744262695
10210011,2012,0.2386794090271,32.6208229064941
10210012,2012,0.312796533107758,32.6114730834961
10210013,2011,0.303221106529236,32.6197471618652
10210013,2012,0.303221106529236,32.6197471618652
10210014,2011,0.285813391208649,32.5787391662598
10210014,2012,0.285813391208649,32.5787391662598
10210014,2012,0.390592843294144,32.5215911865234
10210014,2012,0.231386110186577,32.590991973877
10210015,2012,0.301654934883118,32.6005477905273
10210015,2012,0.326390743255615,32.5551452636719
10210017,2012,0.273187041282654,32.6248092651367
10210018,2012,0.295154541730881,32.5853996276855
10210019,2012,0.285392194986343,32.6176643371582
10210019,2012,0.410726010799408,32.488712310791
10210019,2011,0.365630447864532,32.555477142334
10210019,2011,0.285392194986343,32.6176643371582
10210020,2012,0.34478223323822,32.587532043457
10210021,2012,0.367720067501068,32.6239585876465
10210022,2012,0.368404358625412,32.5902557373047
10210023,2012,0.32818478345871,32.6340675354004
10210024,2012,0.321927607059479,32.6380882263184
10210025,2011,0.33720475435257,32.6085891723633
10210025,2012,0.417212635278702,33.2152442932129
10210026,2012,0.305940717458725,32.5291442871094
10210026,2011,0.305940717458725,32.5291442871094
10210027,2012,0.289859712123871,32.553035736084
10210028,2012,0.356767296791077,32.5571060180664
10210029,2012,0.330750405788422,32.5421409606934
10210031,2011,0.279319494962692,32.5660514831543
10210031,2012,0.279319494962692,32.5660514831543
10210032,2011,0.332452565431595,32.5423698425293
10210034,2012,0.30460998415947,32.543773651123
10330003,2012,0.827926635742188,31.8434658050537
10330003,2011,0.827926635742188,31.8434658050537
10330005,2012,0.923509061336517,31.5785617828369
10330005,2012,0.887243986129761,31.7009468078613
10410002,2012,0.71214485168457,32.5294303894043
10410002,2012,0.586552023887634,32.5252227783203
10430004,2012,0.589527010917664,32.6231079101562
10430004,2011,0.589527010917664,32.6231079101562
10430004,2012,0.471293449401855,32.8645896911621
10430006,2012,0.662385106086731,32.7091407775879
10430006,2012,0.25701767206192,32.5793304443359
10430006,2011,0.662385106086731,32.7091407775879
10430006,2012,0.347104102373123,32.5375289916992
10430008,2012,0.794874548912048,32.4711418151855
10430008,2012,0.811501383781433,32.5159187316895
10430008,2012,0.350512117147446,32.6247978210449
10510001,2012,-0.343147128820419,31.7253131866455
10510003,2012,-0.142147570848465,31.8796768188477
10530004,2012,-0.0795709863305092,31.6357078552246
10530004,2011,-0.0795709863305092,31.6357078552246
10530004,2012,0.339910417795181,32.5585670471191
10530008,2012,-0.205463990569115,31.5668087005615
10530008,2012,-0.248543187975883,31.6678161621094
10530012,2012,-0.344247996807098,31.5716648101807
10530015,2012,-0.471200257539749,31.3637866973877
10530019,2012,-0.522386312484741,31.3553428649902
10530023,2012,-0.576782405376434,31.6916370391846
10530023,2011,-0.576782405376434,31.6916370391846
10530026,2012,-0.291444003582001,31.7913436889648
10530026,2012,-0.301559329032898,31.7502498626709
10530026,2012,-0.314386487007141,31.768533706665
10530030,2011,0.000976596027612686,31.7997989654541
10530030,2012,-0.314625114202499,31.7481575012207
10530033,2012,-0.197683021426201,31.8102912902832
10530033,2012,-0.27213916182518,31.7503662109375
10630003,2012,0.112059839069843,31.7603454589844
10630003,2012,0.0299270804971457,32.0245895385742
10630003,2012,0.346186548471451,32.2513008117676
10630005,2012,0.270254284143448,31.6484489440918
10630005,2011,0.270254284143448,31.6484489440918
10630005,2012,0.21624767780304,31.5747833251953
10630005,2011,0.335266023874283,31.6469745635986
10630005,2012,0.170688912272453,32.4613609313965
10630005,2012,0.189466461539268,32.4375190734863
10630007,2012,0.0716098621487617,32.0928726196289
10630009,2011,0.196654409170151,32.2552299499512
10630009,2012,0.196654409170151,32.2552299499512
10710001,2011,0.552687466144562,31.3820266723633
10710001,2012,0.480719834566116,31.6931667327881
10710001,2012,0.552687466144562,31.3820266723633
10710002,2012,0.390713512897491,32.0738220214844
10730008,2012,0.213034510612488,31.0526390075684
10730012,2012,0.537967622280121,31.368236541748
10730012,2012,0.413774818181992,31.2379608154297
10730016,2012,0.63070547580719,31.7877235412598
10730016,2012,0.524179399013519,31.3594627380371
10730020,2011,0.487563967704773,31.8009243011475
10730020,2012,0.446488440036774,31.8257064819336
10730020,2012,0.426389187574387,31.8379459381104
10730020,2012,0.487563967704773,31.8009243011475
10730020,2012,0.401924014091492,32.1020774841309
10730023,2012,0.575504064559937,31.8198223114014
10730023,2012,0.586751282215118,31.7181549072266
10730027,2012,0.402623325586319,32.0810546875
10810002,2011,0.354955315589905,32.9335060119629
10810002,2012,0.286152809858322,32.6383666992188
10810002,2012,0.354955315589905,32.9335060119629
10810002,2011,0.32752513885498,32.9794807434082
10810003,2012,0.411417484283447,33.1413688659668
10830006,2012,0.316349565982819,33.1603584289551
10830006,2012,0.359630525112152,33.1372489929199
10830009,2012,0.369690954685211,33.1874313354492
10830009,2011,0.369690954685211,33.1874313354492
10830013,2012,0.376263439655304,33.1910133361816
10830016,2012,0.112189784646034,33.4779624938965
10830016,2011,0.112189784646034,33.4779624938965
10830016,2012,0.515556812286377,33.4361724853516
10830020,2012,0.435742348432541,32.8037338256836
10830020,2012,0.372613370418549,32.7563743591309
10830020,2012,0.389507055282593,32.8391036987305
10830020,2012,0.463651865720749,32.7899627685547
10830023,2012,0.411849081516266,32.6887550354004
10830023,2012,0.337927013635635,32.5367279052734
10830027,2012,0.619389116764069,32.8121566772461
10830027,2012,0.338240087032318,32.6403274536133
10830030,2012,0.684824407100677,32.8292083740234
10830033,2012,0.625139534473419,32.9195861816406
10830033,2011,0.625139534473419,32.9195861816406
10930004,2012,1.58244657516479,32.1892929077148
10930004,2012,1.5148845911026,32.1014823913574
10930004,2012,1.60925388336182,32.1914749145508
10930004,2012,1.39986944198608,32.2564964294434
10930004,2012,1.57053363323212,32.3624420166016
11010001,2012,-0.639231383800507,31.5299892425537
11010001,2012,0.372188210487366,32.5684623718262
11030005,2012,-0.8871248960495,31.711088180542
11030007,2012,-0.612109959125519,31.1836376190186
11030007,2012,-0.51861160993576,31.1944370269775
11030007,2012,-0.364492684602737,31.1595478057861
11030007,2012,-0.670389473438263,31.1604404449463
11030009,2012,-0.508830487728119,31.3332862854004
11030009,2011,-0.508830487728119,31.3332862854004
11030009,2012,0.268996745347977,32.5728454589844
11030009,2012,0.285991013050079,32.538703918457
11030012,2012,-0.503361105918884,31.6160697937012
11030012,2012,0.258136421442032,32.5653228759766
11130001,2011,0.145366743206978,31.2310600280762
11130001,2012,0.145366743206978,31.2310600280762
11130003,2012,-0.292247772216797,31.4787216186523
11130005,2012,-0.155980333685875,31.400016784668
11130005,2012,-0.151018559932709,31.4375495910645
11210001,2011,0.726580560207367,32.9185066223145
11210001,2012,0.726580560207367,32.9185066223145
11230003,2012,0.82723480463028,32.8440856933594
11230006,2012,0.732910215854645,32.9587593078613
11310002,2012,0.0677282065153122,32.4715919494629
11310003,2012,0.218554243445396,32.5398979187012
11310004,2012,0.350127428770065,32.6699867248535
11310006,2012,0.375993281602859,32.5358734130859
11310007,2012,0.261842280626297,32.556755065918
11330008,2011,0.0560901910066605,32.3109283447266
11330008,2012,0.505781412124634,32.329402923584
11330008,2012,0.297392398118973,32.5121841430664
11330010,2012,0.0393437594175339,32.5403861999512
11330012,2012,0.265680611133575,32.4627571105957
11330014,2012,0.160929515957832,32.5529327392578
11330016,2012,0.326053887605667,32.5104064941406
11330019,2011,0.34771341085434,32.6829795837402
11330019,2012,0.34771341085434,32.6829795837402
11330021,2012,0.349634975194931,32.5372314453125
11330023,2011,0.255861133337021,32.6040191650391
11330023,2012,0.255861133337021,32.6040191650391
11330025,2012,0.239827170968056,32.5439300537109
11330025,2012,0.482223629951477,32.567211151123
11030003,2012,-0.107999116182327,31.1247825622559
11030003,2011,-0.29533115029335,31.2187824249268
11030003,2012,-0.29533115029335,31.2187824249268
11030003,2012,-0.402727663516998,31.3498954772949
10730004,2012,0.751306176185608,31.7029800415039
10730004,2012,0.27472311258316,31.9426517486572
10730004,2012,0.32007160782814,32.555046081543
10730004,2012,0.389594316482544,32.5794258117676
10730004,2012,0.369839280843735,32.5665283203125
10730027,2011,0.402623325586319,32.0810546875
10730027,2012,0.480199247598648,31.7791748046875
10730031,2012,0.543995559215546,32.1898193359375
10730031,2012,0.502339541912079,32.12890625
10730031,2012,0.627311944961548,32.0867080688477
10430011,2012,0.64454174041748,32.2456817626953
10430011,2011,0.684433221817017,32.3014259338379
10430011,2012,0.584685146808624,32.5620079040527
10430013,2012,1.15960025787354,32.0026092529297
10430013,2012,1.05097627639771,32.4674682617188
10430013,2012,0.767357647418976,32.5258140563965
10430013,2012,0.369963735342026,32.5560455322266
20130004,2012,0.431405365467072,33.8126411437988
20130006,2012,0.31351912021637,33.8706359863281
20130008,2012,0.64493328332901,33.7126388549805
20130008,2012,0.711598098278046,33.6848335266113
20130008,2012,1.1177716255188,33.8638305664062
20130009,2012,0.103999450802803,33.7830924987793
20210001,2012,0.46774822473526,34.0916976928711
20230005,2012,0.490654230117798,34.0917701721191
20230007,2012,0.389015406370163,34.0578117370605
20310001,2012,0.615904808044434,33.4700546264648
20310004,2012,0.623697280883789,33.4741477966309
20330008,2011,0.551625669002533,33.618896484375
20330008,2012,0.551625669002533,33.618896484375
20330018,2011,0.572827994823456,33.4740257263184
20330018,2012,0.828696727752686,33.2164840698242
20330018,2012,0.572827994823456,33.4740257263184
20330018,2012,0.547453582286835,33.1652755737305
20330023,2012,0.674982845783234,33.5198974609375
20330028,2012,1.01656532287598,33.3279800415039
20330033,2012,0.775407314300537,33.3474769592285
20410002,2012,0.422720521688461,33.2024993896484
20410002,2011,0.653539955615997,30.275634765625
20410002,2012,0.823249995708466,34.2178001403809
20410002,2012,0.508613526821136,33.1530990600586
20410006,2012,0.432436555624008,33.2406768798828
20410009,2012,0.485487937927246,33.2385559082031
20410009,2011,0.485487937927246,33.2385559082031
20430012,2012,0.625762522220612,33.2887725830078
20430014,2011,0.551319479942322,33.125862121582
20430014,2012,0.551319479942322,33.125862121582
20430015,2012,0.545563697814941,33.0937652587891
20430015,2012,0.660239696502686,33.2418060302734
20510001,2012,0.924405336380005,33.1305084228516
20510001,2012,0.602689206600189,33.7079124450684
20530004,2011,1.20923256874084,33.047924041748
20530004,2012,1.20923256874084,33.047924041748
20530009,2012,1.23299014568329,33.331226348877
20530009,2012,-0.370604664087296,31.749454498291
20530013,2012,1.06010282039642,33.0102233886719
20530013,2012,0.391492933034897,32.9793014526367
20530017,2011,0.90053391456604,33.1015129089355
20530017,2012,0.721441149711609,33.069709777832
20530017,2012,1.05894637107849,33.1644973754883
20530017,2012,0.90053391456604,33.1015129089355
20530030,2012,0.773993253707886,33.0747528076172
20630003,2012,1.38218474388123,34.4044532775879
20730005,2011,1.86953103542328,33.9480819702148
20730005,2012,2.05196261405945,33.977970123291
20730005,2012,1.89014375209808,33.823802947998
20730005,2012,1.86953103542328,33.9480819702148
20730006,2012,1.66368937492371,33.967887878418
20810001,2012,1.47599637508392,33.9171676635742
20810001,2012,0.702604353427887,34.1930999755859
20810001,2012,0.355950325727463,32.6122016906738
20810001,2012,1.55056166648865,34.0585899353027
20830005,2012,1.31225717067719,33.8341369628906
20830005,2012,1.37214016914368,33.9079666137695
20830005,2012,1.43425595760345,33.849781036377
20830007,2012,1.5315842628479,34.0501136779785
20830008,2011,1.58896815776825,33.8601341247559
20830008,2012,1.58896815776825,33.8601341247559
20830008,2012,1.49167764186859,33.9666748046875
20830008,2012,2.2566249370575,32.9248352050781
20910003,2012,1.07345378398895,34.1650390625
20910003,2011,1.07345378398895,34.1650390625
20910006,2012,1.07075548171997,34.1721992492676
20930033,2011,1.02946770191193,34.2461814880371
20930033,2012,1.02946770191193,34.2461814880371
21010002,2011,1.1838995218277,33.7195930480957
21030004,2012,1.14941644668579,33.9205665588379
21030004,2011,1.14941644668579,33.9205665588379
21030006,2012,1.31359672546387,33.7401695251465
21030007,2012,1.26079976558685,33.7970542907715
10530033,2012,1.95079851150513,32.1478996276855
10710001,2011,0.671626806259155,31.2620639801025
10710001,2011,0.686091244220734,31.2665863037109
10930004,2012,1.7825722694397,32.1667938232422
10930004,2011,1.64418232440948,31.5741443634033
21110003,2012,1.74108505249023,33.6019668579102
21110003,2012,2.12810254096985,33.5726165771484
21110003,2012,1.74421155452728,33.049633026123
21130004,2012,1.56147372722626,33.3062973022461
21130006,2012,1.52577114105225,33.5503845214844
21130006,2011,1.52577114105225,33.5503845214844
21130006,2011,1.50145709514618,33.4706115722656
21130006,2012,1.83443355560303,33.5172080993652
21130006,2011,1.50963222980499,33.3904228210449
21130007,2012,1.74095821380615,33.5833396911621
21130007,2012,1.72766292095184,33.5183486938477
21130009,2012,1.70041382312775,33.6885223388672
21130009,2012,1.67027997970581,33.7054595947266
21210003,2012,0.711117923259735,34.1736373901367
21230008,2012,0.819429337978363,34.0940742492676
21230009,2012,0.657477378845215,34.1587715148926
21230009,2011,0.657477378845215,34.1587715148926
21230009,2012,0.640629768371582,32.9984588623047
21230011,2012,0.696134746074677,34.0029640197754
21230011,2012,0.288416594266891,32.5790481567383
21230013,2011,0.696242272853851,34.1093864440918
21230013,2012,0.696242272853851,34.1093864440918
21430002,2012,0.513224303722382,33.4177093505859
21430002,2012,0.786843597888947,33.5675315856934
21430002,2012,0.57459944486618,33.4334487915039
21430002,2012,0.576142966747284,33.4181022644043
21430002,2012,0.380855351686478,32.5164604187012
21430002,2012,0.562989771366119,33.4349784851074
21430002,2012,0.629517555236816,33.5412788391113
21430003,2012,0.423703491687775,33.6121711730957
21510001,2012,1.2457377910614,34.2635726928711
21530002,2011,1.2184237241745,34.2704315185547
21530002,2012,1.2184237241745,34.2704315185547
21530004,2012,1.15165543556213,34.261589050293
21530004,2012,0.326278805732727,32.5814552307129
21530006,2011,1.27609848976135,34.3719062805176
21530006,2012,1.27609848976135,34.3719062805176
21530006,2011,0.649369120597839,34.1515159606934
21530006,2012,0.661986351013184,34.140625
21530007,2012,1.3747730255127,34.3019981384277
20730003,2012,2.02890801429749,33.590747833252
20730003,2012,2.0371253490448,33.4809303283691
21030009,2012,1.12054681777954,34.0546684265137
21030009,2011,1.12054681777954,34.0546684265137
21030009,2012,2.54137110710144,34.6665420532227
20930037,2012,1.05403518676758,34.3706207275391
20830003,2012,1.19971585273743,34.1584243774414
20830003,2011,1.19971585273743,34.1584243774414
20130004,2012,0.403172373771667,33.5244331359863
20630001,2012,1.33163118362427,34.6608619689941
20530009,2012,1.13588058948517,32.9908790588379
20530009,2012,1.11415433883667,33.2152366638184
20730006,2012,1.72660863399506,33.8913764953613
21110003,2012,2.08050131797791,33.6641159057617
21110003,2012,1.73786163330078,34.095272064209
21110003,2012,1.76605308055878,33.0238914489746
21110003,2012,0.329069077968597,32.6401329040527
21110003,2012,1.82034254074097,33.2951164245605
21130004,2012,1.5665864944458,33.2737236022949
21130006,2012,1.73496079444885,33.4685592651367
21230006,2012,1.01852333545685,34.0729484558105
21430002,2012,1.05075490474701,33.4236488342285
21430002,2012,0.733247816562653,33.5968589782715
21530002,2012,1.05927336215973,34.1466407775879
20530022,2012,0.818856716156006,33.2036972045898
20530022,2012,1.03577780723572,33.3878631591797
20530022,2012,0.75813615322113,33.419563293457
20530022,2012,1.21972632408142,33.3827209472656
20530026,2011,1.08883786201477,33.4021606445312
20530026,2012,1.08883786201477,33.4021606445312
20930011,2012,0.825316965579987,34.2723846435547
20930014,2012,0.802708446979523,34.3096466064453
20930014,2011,0.802708446979523,34.3096466064453
20930018,2012,0.883820950984955,34.3841171264648
20930018,2012,0.804886937141418,34.3069801330566
20930022,2012,0.808688759803772,34.3362693786621
20930026,2012,0.857629358768463,34.3664779663086
20930029,2012,0.869543254375458,34.3812675476074
20330013,2012,0.961448907852173,33.5919456481934
20330013,2012,0.351066559553146,32.667366027832
20330013,2012,0.757181465625763,33.6212882995605
30230005,2012,2.6007080078125,32.8501586914062
30230005,2012,2.54251909255981,32.8874397277832
30230008,2012,2.42460131645203,32.851692199707
30230010,2012,0.325885891914368,32.5444068908691
30230016,2012,1.83483409881592,32.3841743469238
30230035,2012,2.20869064331055,32.8817863464355
30310002,2012,0.290199130773544,32.5759086608887
30410004,2012,2.76196455955505,32.3320617675781
30410004,2012,2.96017646789551,32.2611236572266
30430014,2012,2.54238772392273,32.3276977539062
30630006,2012,3.03833198547363,34.1470222473145
30710005,2012,2.3958466053009,32.5130233764648
30710007,2012,2.5273814201355,33.2008895874023
30730017,2012,2.20474600791931,33.1740913391113
30730022,2012,2.18861675262451,33.1163444519043
30830004,2011,2.56624221801758,34.6404800415039
30930001,2012,3.35872411727905,31.5594615936279
30930001,2012,3.28149676322937,31.5641326904297
30930001,2012,3.19387555122375,32.8506355285645
30930002,2012,3.52506995201111,31.7135047912598
31030010,2012,2.52995300292969,30.7862167358398
31130003,2012,2.35744428634644,34.5862770080566
30730016,2012,1.79521262645721,32.899227142334
30730009,2012,1.98235940933228,33.0550918579102
30730009,2012,1.99222588539124,32.8047180175781
30730009,2012,2.33012795448303,33.0397720336914
30730011,2012,1.58144092559814,32.8386688232422
30630003,2012,3.60678219795227,34.1263580322266
30330021,2012,3.17237067222595,30.9081649780273
30330024,2012,2.7136914730072,30.9214210510254
30230028,2012,2.29793643951416,32.4508323669434
40130003,2012,0.684333980083466,30.0505027770996
40230016,2012,-0.619053721427917,29.9435253143311
40230030,2012,-0.588487982749939,30.6899280548096
40230030,2012,0.688543796539307,30.3381462097168
40310002,2012,1.44564294815063,31.3347625732422
40330006,2012,1.47465217113495,31.3388938903809
40430010,2012,-1.38021421432495,30.0106334686279
41030026,2012,-0.56057220697403,30.6788005828857
41030038,2012,-0.654303014278412,30.3842182159424
41110002,2012,-0.946784973144531,30.3120307922363
41330003,2011,0.142605289816856,30.495325088501
41030014,2012,0.0148298358544707,30.5203266143799
41030017,2012,0.30630150437355,32.5940170288086
41030017,2012,-0.227396413683891,30.4021682739258
41030020,2012,0.651609599590302,30.6466178894043
41030023,2012,-0.855295062065125,30.6595821380615
41030035,2012,-0.278873801231384,30.8901271820068
10430006,2012,0.624699711799622,32.5529403686523
10730012,2012,0.739024102687836,32.9351539611816
11030005,2012,-0.579034507274628,31.5738925933838
30130003,2012,3.39455413818359,31.942964553833
30130003,2012,3.33956956863403,31.8304347991943
30130003,2012,3.38225317001343,32.3138694763184
20130004,2012,0.457418084144592,33.6858711242676
20130004,2012,0.540446817874908,33.7905082702637
20130006,2012,0.356245428323746,34.0076866149902
20430012,2012,0.541162073612213,33.8659553527832
20830005,2012,1.4455726146698,33.4816360473633
30210002,2012,2.15481948852539,32.6993865966797
30210002,2012,1.97871387004852,32.5296211242676
30210002,2012,2.11768364906311,32.5353012084961
21030006,2012,1.42019391059875,34.3404159545898
21230011,2012,0.329365700483322,32.564769744873
20930037,2012,1.01349663734436,34.3168792724609
30230003,2011,2.43073320388794,32.7466316223145
30230003,2012,2.56120586395264,32.9409027099609
30230003,2012,1.96819818019867,32.5683441162109
30230003,2012,2.43073320388794,32.7466316223145
30230005,2012,2.42945981025696,32.8906021118164
30230005,2012,2.60470652580261,32.8625717163086
30230005,2012,2.25625014305115,32.8728981018066
30230005,2012,2.27572822570801,32.9039154052734
30230005,2012,0.351295322179794,32.6307220458984
30230008,2011,2.42460131645203,32.851692199707
30230010,2012,2.14705204963684,32.6508445739746
30230013,2012,1.88566279411316,32.4086265563965
30230013,2012,2.02559471130371,32.7174186706543
30230013,2012,2.29200911521912,32.7195281982422
30230013,2012,1.85034811496735,32.7078704833984
30230013,2012,2.29922199249268,32.7220840454102
30230016,2012,1.86747825145721,32.7966499328613
30230016,2011,1.83483409881592,32.3841743469238
30230018,2012,2.03341221809387,32.8325843811035
30230035,2012,2.17402648925781,32.6161270141602
30230035,2012,1.90533483028412,32.3719940185547
30230035,2012,1.74660897254944,32.1670837402344
30230013,2012,2.09518933296204,32.4133453369141
30310002,2012,3.00683951377869,30.913631439209
30410007,2012,2.85869312286377,32.5328102111816
30510001,2012,2.9921190738678,32.7246627807617
30710005,2012,2.2636284828186,32.8983764648438
30710005,2012,2.4909245967865,32.7375297546387
30710005,2012,2.41977453231812,32.5182495117188
30730012,2012,2.31616306304932,32.9403533935547
30730012,2012,0.317999452352524,32.5423927307129
30730018,2012,2.12212133407593,33.191463470459
31110001,2012,1.84558916091919,34.7231597900391
31110001,2012,1.77690458297729,34.5669364929199
30330021,2011,0.329715937376022,32.577938079834
30230030,2012,2.15202903747559,32.5299224853516
30230030,2012,1.8964284658432,32.6634521484375
30330006,2012,3.09229350090027,30.889102935791
30330006,2011,3.09229350090027,30.889102935791
30330006,2012,3.0139000415802,31.3441505432129
30330009,2012,3.06571340560913,30.9412231445312
30330009,2012,2.39480662345886,31.126745223999
30330015,2012,2.61549758911133,31.1452007293701
30330015,2012,2.65484762191772,31.1845073699951
30330033,2012,2.74137544631958,30.9613151550293
30330033,2012,2.78837084770203,30.9091682434082
30410002,2012,2.76146292686462,32.2359580993652
30410002,2012,2.7695152759552,32.2951393127441
30410002,2011,2.7695152759552,32.2951393127441
30410002,2012,1.46846723556519,34.0943183898926
30410002,2012,1.9975837469101,32.5424842834473
30410004,2012,3.03326845169067,32.8037414550781
30410004,2012,2.94761490821838,32.2698440551758
30410007,2012,2.78554129600525,32.3996620178223
30410007,2012,2.83723330497742,32.5306053161621
30410007,2012,2.86015605926514,32.4313430786133
30410007,2011,2.77324104309082,32.3021507263184
30410007,2012,2.77324104309082,32.3021507263184
30410007,2012,2.79109644889832,32.414722442627
30410007,2012,2.7868857383728,32.4112701416016
30410007,2012,2.91334438323975,32.1738739013672
30410007,2012,2.83684015274048,32.4078254699707
41530009,2012,0.822011709213257,30.7921314239502
30430009,2012,2.95916128158569,32.2330055236816
30430009,2012,2.81874656677246,32.2802124023438
30430009,2012,2.98075461387634,32.3118438720703
30430009,2012,2.94561386108398,32.2034111022949
30430009,2012,2.87572145462036,32.3775596618652
30430014,2012,2.50530576705933,32.3839073181152
30430014,2012,2.77530694007874,32.280387878418
30510001,2012,3.36475419998169,33.0603523254395
30510001,2012,3.30915713310242,32.8738670349121
30510001,2012,3.27909302711487,33.177806854248
30510001,2012,3.43252635002136,32.7281150817871
30630002,2012,3.69233274459839,33.9645347595215
30630007,2012,3.08654856681824,34.1376533508301
30630007,2012,3.03545713424683,34.0450592041016
30630007,2011,3.03545713424683,34.0450592041016
30710002,2011,2.24418377876282,32.8969917297363
30710002,2012,2.24418377876282,32.8969917297363
30710002,2012,2.36052346229553,33.2130241394043
30710005,2012,2.48079371452332,33.0631141662598
30710005,2012,2.474280834198,32.7197456359863
30710005,2012,2.49378085136414,32.7844848632812
30710007,2011,2.21650981903076,32.8898048400879
30710007,2012,2.21650981903076,32.8898048400879
30710007,2012,2.52146339416504,33.2035675048828
30730012,2012,2.5860641002655,32.6980056762695
30730012,2012,2.32800364494324,33.2625541687012
30730017,2012,1.8266932964325,32.4814224243164
30730018,2011,2.12212133407593,33.191463470459
30730018,2012,2.11359143257141,33.1176986694336
30730018,2012,0.327177673578262,32.5470695495605
30730020,2012,2.37312650680542,33.0343399047852
30730020,2012,2.42715930938721,33.0419387817383
30730020,2012,2.40863752365112,33.0646171569824
30730020,2012,2.43456292152405,33.0632095336914
30730022,2011,2.18861675262451,33.1163444519043
30730022,2012,2.29568600654602,33.0078506469727
30730023,2012,2.11178040504456,33.1042327880859
30730023,2012,2.12083601951599,33.1334571838379
30730023,2012,2.13755464553833,33.2075042724609
30730025,2012,2.31113576889038,32.9849128723145
30730025,2012,2.22304749488831,32.8626556396484
30730025,2012,2.23748445510864,32.9107971191406
30830001,2011,2.14581179618835,34.2044410705566
30830001,2012,2.14581179618835,34.2044410705566
30830002,2012,2.45021510124207,34.4914665222168
30830002,2012,2.37368083000183,34.501106262207
30830004,2012,2.56624221801758,34.6404800415039
30830004,2012,2.58115363121033,34.5756759643555
30930001,2012,2.77836799621582,32.3072166442871
30930001,2012,3.69256734848022,31.7316665649414
30930002,2012,3.60344052314758,31.6128997802734
30930002,2012,3.66808867454529,31.7156181335449
31010001,2012,2.47238349914551,31.0622043609619
31010001,2012,0.366757988929749,32.5923805236816
31010001,2012,2.41769194602966,31.0396976470947
31010001,2012,2.48970556259155,30.931245803833
31010004,2012,2.41697716712952,30.9864540100098
31010004,2012,2.51300311088562,30.8655757904053
31010004,2012,2.76268696784973,30.9548358917236
31030006,2012,2.35689759254456,31.4175453186035
31030007,2012,2.58457088470459,30.9352512359619
31030007,2012,2.49669146537781,30.8758354187012
31030007,2012,2.46428513526917,31.2192363739014
31030007,2012,2.54407477378845,30.978385925293
31030007,2012,2.62893199920654,30.8573627471924
31030008,2012,2.35982012748718,30.9178142547607
31030008,2011,2.35982012748718,30.9178142547607
31030009,2012,2.51362681388855,30.8818950653076
31030009,2012,2.58108997344971,30.9663352966309
31030010,2011,2.52995300292969,30.7862167358398
31030010,2012,2.59279322624207,30.797737121582
31030010,2012,2.63730120658875,30.8576393127441
31030012,2012,2.49448823928833,31.0923099517822
10330003,2012,0.34773924946785,32.572135925293
10530012,2011,-0.378038644790649,31.7260093688965
10530030,2011,0.240531414747238,31.776927947998
10530030,2011,-0.120474293828011,31.8799686431885
31130004,2012,1.76908838748932,34.8571166992188
31330001,2012,3.57426166534424,31.1324863433838
31330001,2012,3.41740727424622,31.1809616088867
31330002,2012,3.34775972366333,31.1935329437256
31330002,2011,3.34775972366333,31.1935329437256
31330003,2012,3.25135397911072,31.404354095459
31330003,2012,3.43934202194214,31.2182464599609
30430016,2012,2.84705948829651,32.124927520752
30430016,2011,2.84705948829651,32.124927520752
30430016,2012,3.01977276802063,32.2726516723633
30730009,2012,1.99565899372101,33.5602836608887
30730009,2012,2.3119683265686,33.0099906921387
30730009,2012,2.34069156646729,33.0564002990723
30730009,2012,2.32385993003845,33.0019454956055
30730010,2012,1.99999451637268,33.2409324645996
30730010,2011,1.99999451637268,33.2409324645996
30730011,2012,2.21163558959961,32.873420715332
30730011,2012,1.77958250045776,33.0395240783691
30610001,2012,3.49815559387207,34.1300354003906
30630003,2011,3.60678219795227,34.1263580322266
30630004,2012,3.51759910583496,34.1603584289551
30310005,2012,3.40311789512634,30.9614372253418
30330012,2011,3.44252777099609,30.9456558227539
30330012,2012,3.44252777099609,30.9456558227539
20130008,2012,0.378245055675507,33.5693740844727
30330018,2012,3.20126748085022,30.9642467498779
30330018,2012,3.09759187698364,30.8847064971924
30330018,2012,3.2123076915741,30.9191608428955
30330021,2012,3.27729225158691,30.9756202697754
30330021,2011,3.27729225158691,30.9756202697754
30330024,2012,3.09164381027222,31.0199394226074
30330024,2012,2.80026865005493,30.921443939209
30330024,2012,2.74202919006348,30.9543418884277
30330027,2011,3.14098596572876,30.9678134918213
30330027,2012,3.06657600402832,31.0652465820312
30330027,2011,3.03893709182739,31.1524143218994
30330027,2012,3.03893709182739,31.1524143218994
30330027,2012,3.21127128601074,31.0118370056152
30330030,2012,3.25165557861328,31.1983890533447
30330030,2012,3.24445223808289,31.1587162017822
21030006,2011,0.336948543787003,32.5895614624023
30230021,2011,2.35250067710876,32.2547607421875
30230021,2012,2.35250067710876,32.2547607421875
30230023,2012,2.3648579120636,32.6032752990723
30230028,2012,2.45030450820923,32.4588470458984
30230028,2012,2.49765157699585,32.5025482177734
30230028,2012,2.4464111328125,32.2825775146484
40130003,2012,0.597221910953522,30.0092067718506
40130005,2011,0.785143792629242,30.2475070953369
40130005,2012,0.785143792629242,30.2475070953369
40210002,2012,-0.556546568870544,30.1343879699707
40210002,2012,-0.492146402597427,30.5141677856445
40230007,2012,-0.303979516029358,30.3784961700439
40230011,2012,-0.260062783956528,30.129674911499
40230016,2012,-0.5497967004776,30.0675220489502
40230016,2012,-0.603493630886078,29.9941101074219
40230016,2011,0.543038308620453,30.5602741241455
40230016,2012,-0.539219200611115,30.7055931091309
40230020,2012,-0.553773462772369,30.3036918640137
40230020,2011,0.610065340995789,30.1967735290527
40230025,2012,-0.528355836868286,29.9541797637939
40230025,2011,-0.528355836868286,29.9541797637939
40230025,2012,-0.536995410919189,30.0173168182373
40230030,2012,-0.567364752292633,30.4266242980957
40230030,2012,0.736392080783844,30.2365856170654
40310002,2012,1.42373299598694,31.2255592346191
40330004,2011,1.36187076568604,31.4513874053955
40330004,2012,1.36187076568604,31.4513874053955
40330007,2012,1.44195747375488,31.155403137207
40330009,2012,1.25608265399933,30.8103256225586
40330009,2012,1.23367488384247,30.961950302124
40330009,2012,0.914398610591888,30.7580909729004
40410003,2012,-1.24142968654633,29.9611663818359
40410003,2012,-0.60032856464386,30.6659412384033
40430006,2012,-1.25521552562714,30.0568199157715
40430008,2011,-1.40499544143677,29.949390411377
40430008,2012,-1.40499544143677,29.949390411377
40430008,2012,-1.46793389320374,29.9231452941895
40430008,2012,-1.24129557609558,29.7741756439209
40430010,2012,-1.16621911525726,29.7942943572998
40430012,2012,-1.15726232528687,30.0624504089355
40510002,2011,0.64079874753952,30.3012828826904
40510002,2012,0.64079874753952,30.3012828826904
40510005,2012,0.626914322376251,30.2771186828613
40530006,2012,0.447067439556122,30.1652870178223
40530010,2012,0.578551709651947,30.1612014770508
40530010,2011,0.578551709651947,30.1612014770508
40610003,2011,0.177929356694221,30.0738525390625
40610003,2012,0.252456456422806,30.1200008392334
40610003,2012,0.177929356694221,30.0738525390625
40630008,2012,0.000341503007803112,29.7339096069336
40630010,2011,0.0804493054747581,29.8522396087646
40630010,2012,0.0804493054747581,29.8522396087646
40630011,2012,0.35821470618248,30.0851936340332
40630011,2012,0.358734905719757,30.0881900787354
40630013,2012,0.0584137737751007,29.9493350982666
40710002,2012,0.940079212188721,30.811918258667
40730003,2012,1.02071845531464,31.1242160797119
40730005,2012,0.887235939502716,30.6932125091553
40730007,2012,1.00910222530365,30.5577793121338
40730007,2011,1.00910222530365,30.5577793121338
40730009,2012,0.914466857910156,31.0712184906006
40830002,2012,-1.15060031414032,29.6728382110596
40830004,2012,-1.34085130691528,29.7682571411133
40830004,2012,-1.15031540393829,29.5914306640625
40830004,2011,-1.34085130691528,29.7682571411133
40910002,2012,1.69431710243225,31.7118549346924
40930005,2012,1.62602508068085,31.5849761962891
40930009,2012,1.74665224552155,31.6700687408447
40930011,2012,2.22743916511536,32.2615852355957
41010001,2012,-0.608761012554169,30.6722297668457
41010001,2011,-0.608761012554169,30.6722297668457
41010005,2012,-0.593402326107025,30.6618728637695
41030029,2012,-0.323038339614868,30.5947933197021
41030029,2012,-0.015238362364471,30.9372711181641
41030038,2011,-0.74503880739212,30.4248142242432
41030038,2012,-0.74503880739212,30.4248142242432
41030038,2012,-0.69743824005127,30.4774150848389
41110002,2012,-0.860807299613953,30.2692756652832
41130004,2012,-0.760570764541626,30.1790943145752
41130006,2012,-0.867663264274597,30.3541145324707
41130006,2011,-0.867663264274597,30.3541145324707
41130007,2012,-0.982336580753326,30.45973777771
41130007,2012,-1.19142282009125,29.8102531433105
41130009,2012,-0.987176835536957,30.1298351287842
41130009,2011,0.165164172649384,30.4961166381836
41130009,2012,0.459744095802307,31.5957298278809
41230003,2012,-0.96490079164505,29.9596881866455
41230005,2012,-0.640430748462677,29.8059825897217
41330002,2011,0.389080584049225,30.4866619110107
41330002,2012,0.389080584049225,30.4866619110107
41330003,2012,0.142605289816856,30.495325088501
41330003,2012,0.189983159303665,30.5490627288818
41330005,2012,-0.105038173496723,30.2642192840576
41330005,2011,-0.105038173496723,30.2642192840576
41410001,2012,-0.896750926971436,29.7783241271973
41430003,2012,-0.779665112495422,29.6530265808105
41430005,2012,-0.92032378911972,29.8012294769287
41510002,2012,0.599728763103485,30.6424827575684
41530004,2012,0.419650048017502,31.0364627838135
41530004,2011,0.419650048017502,31.0364627838135
41530006,2012,0.591023623943329,30.4715900421143
41530007,2011,0.728757619857788,30.6465892791748
41530007,2012,0.728757619857788,30.6465892791748
40930007,2012,2.09265446662903,31.4800834655762
40930007,2011,2.09265446662903,31.4800834655762
41010008,2012,-0.132562950253487,30.4788208007812
41030014,2012,0.0808010026812553,30.4895534515381
41030011,2012,-0.925601899623871,30.7941589355469
41030020,2012,-0.757246434688568,30.8071994781494
41030023,2011,-0.855295062065125,30.6595821380615
41030032,2012,-0.15113827586174,30.9488544464111
