ea_id,FS_year,lat_modified,lon_modified,FNID
4040006,2011,-1.255215526,30.05681992,UG2011L101
4040008,2010,-1.404995441,29.94939041,UG2011L101
4040008,2011,-1.404995441,29.94939041,UG2011L101
4040010,2011,-1.166219115,29.79429436,UG2011L101
4040012,2011,-1.157262325,30.06245041,UG2011L101
4080002,2010,-1.150600314,29.67283821,UG2011L101
4080002,2011,-1.150600314,29.67283821,UG2011L101
4080004,2011,-1.340851307,29.76825714,UG2011L101
4040008,2011,-1.467933893,29.92314529,UG2011L101
4040008,2011,-1.241295576,29.77417564,UG2011L101
4040010,2011,-1.380214214,30.01063347,UG2011L101
4080004,2011,-1.150315404,29.59143066,UG2011L101
4110007,2011,-1.19142282,29.81025314,UG2011L101
4040006,2009,-1.255216002,30.05681992,UG2011L101
4040006,2010,-1.255216002,30.05681992,UG2011L101
4040008,2009,-1.404994965,29.94939041,UG2011L101
4040008,2010,-1.404994965,29.94939041,UG2011L101
4040010,2010,-1.166218996,29.79429436,UG2011L101
4040012,2010,-1.157261968,30.06245041,UG2011L101
4040012,2009,-1.157261968,30.06245041,UG2011L101
4080002,2009,-1.150599957,29.67283821,UG2011L101
4080002,2010,-1.150599957,29.67283821,UG2011L101
4080004,2010,-1.340850949,29.76825714,UG2011L101
40430010,2012,-1.380214214,30.01063347,UG2011L101
40430006,2012,-1.255215526,30.05681992,UG2011L101
40430008,2011,-1.404995441,29.94939041,UG2011L101
40430008,2012,-1.404995441,29.94939041,UG2011L101
40430008,2012,-1.467933893,29.92314529,UG2011L101
40430008,2012,-1.241295576,29.77417564,UG2011L101
40430010,2012,-1.166219115,29.79429436,UG2011L101
40430012,2012,-1.157262325,30.06245041,UG2011L101
40830002,2012,-1.150600314,29.67283821,UG2011L101
40830004,2012,-1.340851307,29.76825714,UG2011L101
40830004,2012,-1.150315404,29.59143066,UG2011L101
40830004,2011,-1.340851307,29.76825714,UG2011L101
41130007,2012,-1.19142282,29.81025314,UG2011L101
4020007,2011,-0.303979516,30.37849617,UG2011L102
4020011,2011,-0.260062784,30.12967491,UG2011L102
4020011,2010,-0.260062784,30.12967491,UG2011L102
4020016,2011,-0.5497967,30.06752205,UG2011L102
4020020,2010,-0.553773463,30.30369186,UG2011L102
4020020,2011,-0.553773463,30.30369186,UG2011L102
4020025,2011,-0.528355837,29.95417976,UG2011L102
4020025,2010,-0.528355837,29.95417976,UG2011L102
4020030,2011,-0.661935747,30.30426788,UG2011L102
4020030,2011,-0.567364752,30.4266243,UG2011L102
4100026,2011,-0.560572207,30.67880058,UG2011L102
4100029,2011,-0.32303834,30.59479332,UG2011L102
4100029,2010,-0.32303834,30.59479332,UG2011L102
4100038,2010,-0.745038807,30.42481422,UG2011L102
4100038,2011,-0.69743824,30.47741508,UG2011L102
4110004,2011,-0.760570765,30.17909431,UG2011L102
4110006,2011,-0.867663264,30.35411453,UG2011L102
4110007,2011,-0.982336581,30.45973778,UG2011L102
4110009,2010,-0.987176836,30.12983513,UG2011L102
4110009,2011,-0.987176836,30.12983513,UG2011L102
4120003,2011,-0.964900792,29.95968819,UG2011L102
4120005,2011,-0.640430748,29.80598259,UG2011L102
4130005,2011,-0.105038173,30.26421928,UG2011L102
4130005,2010,-0.105038173,30.26421928,UG2011L102
4170014,2010,0.014829836,30.52032661,UG2011L102
4170014,2011,0.014829836,30.52032661,UG2011L102
4170014,2011,0.080801003,30.48955345,UG2011L102
4170017,2011,-0.227396414,30.40216827,UG2011L102
4180023,2011,-0.855295062,30.65958214,UG2011L102
4180023,2010,-0.855295062,30.65958214,UG2011L102
4020002,2011,-0.492146403,30.51416779,UG2011L102
4020016,2011,-0.603493631,29.99411011,UG2011L102
4020025,2011,-0.536995411,30.01731682,UG2011L102
4100038,2011,-0.654303014,30.38421822,UG2011L102
4120005,2011,-0.591850042,29.88896561,UG2011L102
4020007,2010,-0.303979993,30.37849426,UG2011L102
4020011,2009,-0.260062993,30.12967491,UG2011L102
4020011,2010,-0.260062993,30.12967491,UG2011L102
4020016,2010,-0.549796999,30.06752014,UG2011L102
4020020,2009,-0.553772986,30.30369186,UG2011L102
4020020,2010,-0.553772986,30.30369186,UG2011L102
4020025,2010,-0.528356016,29.95417976,UG2011L102
4020025,2009,-0.528356016,29.95417976,UG2011L102
4020030,2009,-0.567364991,30.4266243,UG2011L102
4020030,2010,-0.567364991,30.4266243,UG2011L102
4100026,2010,-0.560572028,30.67880058,UG2011L102
4100029,2010,-0.323038012,30.59479332,UG2011L102
4100029,2009,-0.323038012,30.59479332,UG2011L102
4100038,2010,-0.745038986,30.42481422,UG2011L102
4100038,2009,-0.745038986,30.42481422,UG2011L102
4110004,2009,-0.760571003,30.17909431,UG2011L102
4110004,2010,-0.760571003,30.17909431,UG2011L102
4110006,2009,-0.867663026,30.35411453,UG2011L102
4110006,2010,-0.867663026,30.35411453,UG2011L102
4110007,2010,-0.982336998,30.45973778,UG2011L102
4110009,2009,-0.987177014,30.12983513,UG2011L102
4110009,2010,-0.987177014,30.12983513,UG2011L102
4120003,2010,-0.96490097,29.95968819,UG2011L102
4120005,2010,-0.640430987,29.80598259,UG2011L102
4130005,2009,-0.105038002,30.26421928,UG2011L102
4130005,2010,-0.105038002,30.26421928,UG2011L102
4100014,2009,0.01483,30.52032661,UG2011L102
4100014,2010,0.01483,30.52032661,UG2011L102
4100017,2010,-0.227395996,30.40216637,UG2011L102
4100023,2010,-0.855295002,30.65958214,UG2011L102
4100023,2009,-0.855295002,30.65958214,UG2011L102
40230016,2012,-0.619053721,29.94352531,UG2011L102
41030026,2012,-0.560572207,30.67880058,UG2011L102
41030038,2012,-0.654303014,30.38421822,UG2011L102
41110002,2012,-0.946784973,30.31203079,UG2011L102
41030014,2012,0.014829836,30.52032661,UG2011L102
41030017,2012,-0.227396414,30.40216827,UG2011L102
41030023,2012,-0.855295062,30.65958214,UG2011L102
40210002,2012,-0.492146403,30.51416779,UG2011L102
40230007,2012,-0.303979516,30.37849617,UG2011L102
40230011,2012,-0.260062784,30.12967491,UG2011L102
40230016,2012,-0.5497967,30.06752205,UG2011L102
40230016,2012,-0.603493631,29.99411011,UG2011L102
40230016,2012,-0.539219201,30.70559311,UG2011L102
40230020,2012,-0.553773463,30.30369186,UG2011L102
40230025,2012,-0.528355837,29.95417976,UG2011L102
40230025,2011,-0.528355837,29.95417976,UG2011L102
40230025,2012,-0.536995411,30.01731682,UG2011L102
40230030,2012,-0.567364752,30.4266243,UG2011L102
41030029,2012,-0.32303834,30.59479332,UG2011L102
41030038,2011,-0.745038807,30.42481422,UG2011L102
41030038,2012,-0.745038807,30.42481422,UG2011L102
41030038,2012,-0.69743824,30.47741508,UG2011L102
41130004,2012,-0.760570765,30.17909431,UG2011L102
41130006,2012,-0.867663264,30.35411453,UG2011L102
41130006,2011,-0.867663264,30.35411453,UG2011L102
41130007,2012,-0.982336581,30.45973778,UG2011L102
41130009,2012,-0.987176836,30.12983513,UG2011L102
41230003,2012,-0.964900792,29.95968819,UG2011L102
41230005,2012,-0.640430748,29.80598259,UG2011L102
41330005,2012,-0.105038173,30.26421928,UG2011L102
41330005,2011,-0.105038173,30.26421928,UG2011L102
41030014,2012,0.080801003,30.48955345,UG2011L102
41030023,2011,-0.855295062,30.65958214,UG2011L102
4140003,2011,-0.779665112,29.65302658,UG2011L103
4140003,2010,-0.779664993,29.65302658,UG2011L103
41430003,2012,-0.779665112,29.65302658,UG2011L103
4060008,2011,0.000341503,29.73390961,UG2011L104
4060010,2010,0.080449305,29.85223961,UG2011L104
4060010,2011,0.080449305,29.85223961,UG2011L104
4060013,2010,0.058413774,29.9493351,UG2011L104
4060013,2011,0.058413774,29.9493351,UG2011L104
4060008,2010,0.000342,29.73390961,UG2011L104
4060008,2009,0.000342,29.73390961,UG2011L104
4060010,2009,0.080449,29.85223961,UG2011L104
4060010,2010,0.080449,29.85223961,UG2011L104
4060013,2010,0.058414001,29.9493351,UG2011L104
4060013,2009,0.058414001,29.9493351,UG2011L104
40630008,2012,0.000341503,29.73390961,UG2011L104
40630010,2011,0.080449305,29.85223961,UG2011L104
40630010,2012,0.080449305,29.85223961,UG2011L104
40630013,2012,0.058413774,29.9493351,UG2011L104
2060003,2011,1.382184744,34.40445328,UG2011L105
2090033,2010,1.029467702,34.24618149,UG2011L105
2090033,2011,1.029467702,34.24618149,UG2011L105
2150001,2011,1.245737791,34.26357269,UG2011L105
2150002,2010,1.218423724,34.27043152,UG2011L105
2150002,2011,1.218423724,34.27043152,UG2011L105
2150004,2011,1.151655436,34.26158905,UG2011L105
2230011,2011,0.825316966,34.27238464,UG2011L105
2230014,2011,0.802708447,34.30964661,UG2011L105
2230014,2010,0.802708447,34.30964661,UG2011L105
2230018,2011,0.883820951,34.38411713,UG2011L105
2230022,2011,0.80868876,34.33626938,UG2011L105
2230022,2010,0.80868876,34.33626938,UG2011L105
2230026,2011,0.857629359,34.36647797,UG2011L105
2230029,2011,0.869543254,34.38126755,UG2011L105
3030033,2010,2.741375446,30.96131516,UG2011L105
3030033,2011,2.788370848,30.90916824,UG2011L105
3030033,2011,2.741375446,30.96131516,UG2011L105
3100001,2011,2.355010271,30.90074539,UG2011L105
3100001,2011,2.472383499,31.06220436,UG2011L105
3100004,2011,2.513003111,30.86557579,UG2011L105
3100007,2011,2.584570885,30.93525124,UG2011L105
3100008,2011,2.359820127,30.91781425,UG2011L105
3100008,2010,2.359820127,30.91781425,UG2011L105
3100009,2011,2.513626814,30.88189507,UG2011L105
3100009,2011,2.581089973,30.9663353,UG2011L105
3100010,2010,2.529953003,30.78621674,UG2011L105
3100010,2011,2.529953003,30.78621674,UG2011L105
3200024,2011,2.713691473,30.92142105,UG2011L105
2040002,2011,0.823249996,34.21780014,UG2011L105
2230018,2011,0.804886937,34.30698013,UG2011L105
3100001,2011,2.417691946,31.03969765,UG2011L105
3100010,2011,2.592793226,30.79773712,UG2011L105
3100010,2011,2.637301207,30.85763931,UG2011L105
3200024,2011,2.80026865,30.92144394,UG2011L105
3200024,2011,2.74202919,30.95434189,UG2011L105
2060003,2010,1.382184982,34.40445328,UG2011L105
2090033,2009,1.02946806,34.24618149,UG2011L105
2090033,2010,1.02946806,34.24618149,UG2011L105
2150001,2010,1.245738029,34.26357269,UG2011L105
2150002,2009,1.218423963,34.27043152,UG2011L105
2150002,2010,1.218423963,34.27043152,UG2011L105
2150004,2010,1.151654959,34.26158905,UG2011L105
2150004,2009,1.151654959,34.26158905,UG2011L105
2090011,2009,0.825317025,34.27238464,UG2011L105
2090011,2010,0.825317025,34.27238464,UG2011L105
2090014,2010,0.80270803,34.30964661,UG2011L105
2090014,2009,0.80270803,34.30964661,UG2011L105
2090018,2010,0.883821011,34.38411713,UG2011L105
2090022,2010,0.808688998,34.33626938,UG2011L105
2090022,2009,0.808688998,34.33626938,UG2011L105
2090026,2010,0.857629001,34.36647797,UG2011L105
2090029,2010,0.869543016,34.38126755,UG2011L105
2090029,2009,0.869543016,34.38126755,UG2011L105
3030033,2009,2.741375923,30.96131325,UG2011L105
3030033,2010,2.741375923,30.96131325,UG2011L105
3100001,2010,2.472383976,31.06220436,UG2011L105
3100007,2009,2.584570885,30.93525124,UG2011L105
3100007,2010,2.584570885,30.93525124,UG2011L105
3100008,2010,2.359819889,30.91781425,UG2011L105
3100008,2009,2.359819889,30.91781425,UG2011L105
3100009,2010,2.513627052,30.88189507,UG2011L105
3100010,2009,2.529953003,30.78621674,UG2011L105
20410002,2012,0.823249996,34.21780014,UG2011L105
20630003,2012,1.382184744,34.40445328,UG2011L105
20930033,2011,1.029467702,34.24618149,UG2011L105
20930033,2012,1.029467702,34.24618149,UG2011L105
21510001,2012,1.245737791,34.26357269,UG2011L105
21530002,2011,1.218423724,34.27043152,UG2011L105
21530002,2012,1.218423724,34.27043152,UG2011L105
21530004,2012,1.151655436,34.26158905,UG2011L105
21530002,2012,1.059273362,34.14664078,UG2011L105
20930011,2012,0.825316966,34.27238464,UG2011L105
20930014,2012,0.802708447,34.30964661,UG2011L105
20930014,2011,0.802708447,34.30964661,UG2011L105
20930018,2012,0.883820951,34.38411713,UG2011L105
20930018,2012,0.804886937,34.30698013,UG2011L105
20930022,2012,0.80868876,34.33626938,UG2011L105
20930026,2012,0.857629359,34.36647797,UG2011L105
20930029,2012,0.869543254,34.38126755,UG2011L105
31030010,2012,2.529953003,30.78621674,UG2011L105
30330024,2012,2.713691473,30.92142105,UG2011L105
20930037,2012,1.013496637,34.31687927,UG2011L105
30330033,2012,2.741375446,30.96131516,UG2011L105
30330033,2012,2.788370848,30.90916824,UG2011L105
31010001,2012,2.472383499,31.06220436,UG2011L105
31010001,2012,2.417691946,31.03969765,UG2011L105
31010001,2012,2.489705563,30.9312458,UG2011L105
31010004,2012,2.513003111,30.86557579,UG2011L105
31030007,2012,2.584570885,30.93525124,UG2011L105
31030007,2012,2.496691465,30.87583542,UG2011L105
31030007,2012,2.544074774,30.97838593,UG2011L105
31030007,2012,2.628931999,30.85736275,UG2011L105
31030008,2012,2.359820127,30.91781425,UG2011L105
31030008,2011,2.359820127,30.91781425,UG2011L105
31030009,2012,2.513626814,30.88189507,UG2011L105
31030009,2012,2.581089973,30.9663353,UG2011L105
31030010,2011,2.529953003,30.78621674,UG2011L105
31030010,2012,2.592793226,30.79773712,UG2011L105
31030010,2012,2.637301207,30.85763931,UG2011L105
30330024,2012,2.80026865,30.92144394,UG2011L105
30330024,2012,2.74202919,30.95434189,UG2011L105
4010005,2011,0.785143793,30.2475071,UG2011L106
4050006,2011,0.44706744,30.16528702,UG2011L106
4050010,2010,0.57855171,30.16120148,UG2011L106
4050010,2011,0.57855171,30.16120148,UG2011L106
4060011,2011,0.358214706,30.08519363,UG2011L106
4010005,2009,0.785143971,30.2475071,UG2011L106
4010005,2010,0.785143971,30.2475071,UG2011L106
4050006,2010,0.447066993,30.16528702,UG2011L106
4050010,2009,0.578552008,30.16120148,UG2011L106
4050010,2010,0.578552008,30.16120148,UG2011L106
4060011,2010,0.358215004,30.08519363,UG2011L106
40230030,2012,0.688543797,30.33814621,UG2011L106
40130005,2011,0.785143793,30.2475071,UG2011L106
40130005,2012,0.785143793,30.2475071,UG2011L106
40230020,2011,0.610065341,30.19677353,UG2011L106
40230030,2012,0.736392081,30.23658562,UG2011L106
40530006,2012,0.44706744,30.16528702,UG2011L106
40530010,2012,0.57855171,30.16120148,UG2011L106
40530010,2011,0.57855171,30.16120148,UG2011L106
40630011,2012,0.358214706,30.08519363,UG2011L106
40630011,2012,0.358734906,30.08819008,UG2011L106
4010003,2011,0.68433398,30.05050278,UG2011L107
4010003,2009,0.68433398,30.05050278,UG2011L107
4010003,2010,0.68433398,30.05050278,UG2011L107
40130003,2012,0.68433398,30.05050278,UG2011L107
40130003,2012,0.597221911,30.00920677,UG2011L107
40610003,2012,0.252456456,30.12000084,UG2011L108
3090001,2011,3.281496763,31.56413269,UG2011L110
4030009,2011,1.256082654,30.81032562,UG2011L110
4160007,2011,2.092654467,31.48008347,UG2011L110
4160007,2010,2.092654467,31.48008347,UG2011L110
3090001,2010,3.281497002,31.56413269,UG2011L110
4030009,2010,1.256083012,30.81032562,UG2011L110
4090007,2010,2.09265399,31.48008347,UG2011L110
30930001,2012,3.358724117,31.55946159,UG2011L110
30930001,2012,3.281496763,31.56413269,UG2011L110
40330009,2012,1.256082654,30.81032562,UG2011L110
40930007,2012,2.092654467,31.48008347,UG2011L110
40930007,2011,2.092654467,31.48008347,UG2011L110
4030004,2010,1.361870766,31.45138741,UG2011L111
4030004,2011,1.361870766,31.45138741,UG2011L111
4030006,2011,1.474652171,31.33889389,UG2011L111
4030007,2010,1.441957474,31.15540314,UG2011L111
4030007,2011,1.441957474,31.15540314,UG2011L111
4070003,2011,1.020718455,31.12421608,UG2011L111
4070005,2011,0.88723594,30.69321251,UG2011L111
4070009,2011,0.914466858,31.07121849,UG2011L111
4030009,2011,0.914398611,30.75809097,UG2011L111
4030004,2009,1.361871004,31.45138741,UG2011L111
4030004,2010,1.361871004,31.45138741,UG2011L111
4030006,2010,1.474652052,31.33889389,UG2011L111
4030007,2009,1.441956997,31.15540314,UG2011L111
4030007,2010,1.441956997,31.15540314,UG2011L111
4070003,2010,1.020717978,31.12421417,UG2011L111
4070005,2009,0.887235999,30.69321251,UG2011L111
4070005,2010,0.887235999,30.69321251,UG2011L111
4070009,2010,0.914466977,31.07121849,UG2011L111
40330006,2012,1.474652171,31.33889389,UG2011L111
40310002,2012,1.423732996,31.22555923,UG2011L111
40330004,2011,1.361870766,31.45138741,UG2011L111
40330004,2012,1.361870766,31.45138741,UG2011L111
40330007,2012,1.441957474,31.15540314,UG2011L111
40330009,2012,1.233674884,30.9619503,UG2011L111
40330009,2012,0.914398611,30.75809097,UG2011L111
40730003,2012,1.020718455,31.12421608,UG2011L111
40730005,2012,0.88723594,30.69321251,UG2011L111
40730009,2012,0.914466858,31.07121849,UG2011L111
4090005,2010,1.626025081,31.5849762,UG2011L113
4090005,2011,1.626025081,31.5849762,UG2011L113
4090009,2011,1.746652246,31.67006874,UG2011L113
4090005,2009,1.626024961,31.5849762,UG2011L113
4090005,2010,1.626024961,31.5849762,UG2011L113
4090009,2010,1.746652007,31.67006874,UG2011L113
4090009,2009,1.746652007,31.67006874,UG2011L113
10930004,2011,1.644182324,31.57414436,UG2011L113
40930005,2012,1.626025081,31.5849762,UG2011L113
40930009,2012,1.746652246,31.67006874,UG2011L113
3210021,2010,2.352500677,32.25476074,UG2011L114
3210021,2011,2.352500677,32.25476074,UG2011L114
3210028,2010,2.450304508,32.45884705,UG2011L114
3210028,2010,2.29793644,32.45083237,UG2011L114
4090011,2011,2.227439165,32.26158524,UG2011L114
3210028,2010,2.497651577,32.50254822,UG2011L114
3020021,2009,2.352500916,32.25476074,UG2011L114
3020021,2010,2.352500916,32.25476074,UG2011L114
3020028,2009,2.297935963,32.45083237,UG2011L114
3020028,2010,2.297935963,32.45083237,UG2011L114
4090011,2009,2.227438927,32.26158524,UG2011L114
10530033,2012,1.950798512,32.14789963,UG2011L114
30230028,2012,2.29793644,32.45083237,UG2011L114
30710005,2012,2.419774532,32.51824951,UG2011L114
30230021,2011,2.352500677,32.25476074,UG2011L114
30230021,2012,2.352500677,32.25476074,UG2011L114
30230028,2012,2.450304508,32.45884705,UG2011L114
30230028,2012,2.497651577,32.50254822,UG2011L114
40930011,2012,2.227439165,32.26158524,UG2011L114
3030006,2011,3.092293501,30.88910294,UG2011L115
3030006,2010,3.092293501,30.88910294,UG2011L115
3030009,2011,3.065713406,30.94122314,UG2011L115
3130001,2011,3.574261665,31.13248634,UG2011L115
3130002,2011,3.347759724,31.19353294,UG2011L115
3130002,2010,3.347759724,31.19353294,UG2011L115
3190012,2010,3.442527771,30.94565582,UG2011L115
3190012,2011,3.442527771,30.94565582,UG2011L115
3200018,2010,3.201267481,30.96424675,UG2011L115
3200018,2011,3.097591877,30.8847065,UG2011L115
3200018,2011,3.201267481,30.96424675,UG2011L115
3200018,2011,3.212307692,30.91916084,UG2011L115
3200021,2010,3.277292252,30.97562027,UG2011L115
3200021,2011,3.277292252,30.97562027,UG2011L115
3200024,2011,3.09164381,31.01993942,UG2011L115
3200027,2010,3.038937092,31.15241432,UG2011L115
3200027,2011,3.066576004,31.06524658,UG2011L115
3200027,2011,3.038937092,31.15241432,UG2011L115
3200030,2011,3.244452238,31.1587162,UG2011L115
3130001,2011,3.417407274,31.18096161,UG2011L115
3030006,2009,3.092293024,30.88910294,UG2011L115
3030006,2010,3.092293024,30.88910294,UG2011L115
3030009,2010,3.065712929,30.94122124,UG2011L115
3130001,2010,3.574261904,31.13248634,UG2011L115
3130002,2010,3.347759962,31.19353294,UG2011L115
3130002,2009,3.347759962,31.19353294,UG2011L115
3030012,2009,3.442528009,30.94565582,UG2011L115
3030012,2010,3.442528009,30.94565582,UG2011L115
3030018,2009,3.201267958,30.96424866,UG2011L115
3030018,2010,3.201267958,30.96424866,UG2011L115
3030021,2009,3.277292013,30.97562027,UG2011L115
3030021,2010,3.277292013,30.97562027,UG2011L115
3030024,2010,3.091644049,31.01993942,UG2011L115
3030027,2009,3.038937092,31.15241432,UG2011L115
3030027,2010,3.038937092,31.15241432,UG2011L115
3030030,2010,3.244452,31.15871429,UG2011L115
30330021,2012,3.172370672,30.90816498,UG2011L115
30330006,2012,3.092293501,30.88910294,UG2011L115
30330006,2011,3.092293501,30.88910294,UG2011L115
30330009,2012,3.065713406,30.94122314,UG2011L115
31010004,2012,2.762686968,30.95483589,UG2011L115
31330001,2012,3.574261665,31.13248634,UG2011L115
31330001,2012,3.417407274,31.18096161,UG2011L115
31330002,2012,3.347759724,31.19353294,UG2011L115
31330002,2011,3.347759724,31.19353294,UG2011L115
30330012,2011,3.442527771,30.94565582,UG2011L115
30330012,2012,3.442527771,30.94565582,UG2011L115
30330018,2012,3.201267481,30.96424675,UG2011L115
30330018,2012,3.097591877,30.8847065,UG2011L115
30330018,2012,3.212307692,30.91916084,UG2011L115
30330021,2012,3.277292252,30.97562027,UG2011L115
30330021,2011,3.277292252,30.97562027,UG2011L115
30330024,2012,3.09164381,31.01993942,UG2011L115
30330027,2011,3.140985966,30.96781349,UG2011L115
30330027,2012,3.066576004,31.06524658,UG2011L115
30330027,2011,3.038937092,31.15241432,UG2011L115
30330027,2012,3.038937092,31.15241432,UG2011L115
30330027,2012,3.211271286,31.01183701,UG2011L115
30330030,2012,3.244452238,31.1587162,UG2011L115
3010003,2011,3.394554138,31.94296455,UG2011L116
3010003,2011,3.339569569,31.8304348,UG2011L116
3030006,2011,3.013900042,31.34415054,UG2011L116
3030015,2011,2.615497589,31.14520073,UG2011L116
3030015,2011,2.654847622,31.18450737,UG2011L116
3050001,2011,3.43252635,32.72811508,UG2011L116
3090001,2011,3.692567348,31.73166656,UG2011L116
3090002,2010,3.525069952,31.71350479,UG2011L116
3090002,2011,3.525069952,31.71350479,UG2011L116
3100006,2011,2.356897593,31.41754532,UG2011L116
3130003,2011,3.251353979,31.4043541,UG2011L116
3130003,2011,3.439342022,31.21824646,UG2011L116
3090002,2011,3.603440523,31.61289978,UG2011L116
3010003,2009,3.3945539,31.94296455,UG2011L116
3010003,2010,3.3945539,31.94296455,UG2011L116
3030015,2010,2.615498066,31.14520073,UG2011L116
3090002,2009,3.525069952,31.71350479,UG2011L116
3100006,2010,2.356898069,31.41754532,UG2011L116
3130003,2010,3.251353979,31.4043541,UG2011L116
30930002,2012,3.525069952,31.71350479,UG2011L116
30130003,2012,3.394554138,31.94296455,UG2011L116
30130003,2012,3.339569569,31.8304348,UG2011L116
30130003,2012,3.38225317,32.31386948,UG2011L116
30330006,2012,3.013900042,31.34415054,UG2011L116
30330009,2012,2.394806623,31.12674522,UG2011L116
30330015,2012,2.615497589,31.14520073,UG2011L116
30330015,2012,2.654847622,31.18450737,UG2011L116
30510001,2012,3.43252635,32.72811508,UG2011L116
30930001,2012,3.692567348,31.73166656,UG2011L116
30930002,2012,3.603440523,31.61289978,UG2011L116
31030006,2012,2.356897593,31.41754532,UG2011L116
31030007,2012,2.464285135,31.21923637,UG2011L116
31330003,2012,3.251353979,31.4043541,UG2011L116
31330003,2012,3.439342022,31.21824646,UG2011L116
30330030,2012,3.251655579,31.19838905,UG2011L116
3040002,2011,2.761462927,32.2359581,UG2011L117
3040007,2011,2.785541296,32.39966202,UG2011L117
3040007,2011,2.791096449,32.41472244,UG2011L117
3040007,2011,2.786885738,32.41127014,UG2011L117
3040007,2011,2.836840153,32.40782547,UG2011L117
3040009,2011,2.959161282,32.23300552,UG2011L117
3040009,2011,2.818746567,32.2802124,UG2011L117
3040009,2011,2.980754614,32.31184387,UG2011L117
3040009,2011,2.945613861,32.2034111,UG2011L117
3040009,2011,2.875721455,32.37755966,UG2011L117
3160016,2010,2.847059488,32.12492752,UG2011L117
3160016,2011,2.847059488,32.12492752,UG2011L117
3040004,2011,2.947614908,32.26984406,UG2011L117
3040007,2011,2.860156059,32.43134308,UG2011L117
3040007,2011,2.913344383,32.1738739,UG2011L117
3040009,2010,2.818747044,32.2802124,UG2011L117
30410004,2012,2.960176468,32.26112366,UG2011L117
30410007,2012,2.858693123,32.53281021,UG2011L117
30410002,2012,2.761462927,32.2359581,UG2011L117
30410004,2012,2.947614908,32.26984406,UG2011L117
30410007,2012,2.785541296,32.39966202,UG2011L117
30410007,2012,2.837233305,32.53060532,UG2011L117
30410007,2012,2.860156059,32.43134308,UG2011L117
30410007,2012,2.791096449,32.41472244,UG2011L117
30410007,2012,2.786885738,32.41127014,UG2011L117
30410007,2012,2.913344383,32.1738739,UG2011L117
30410007,2012,2.836840153,32.40782547,UG2011L117
30430009,2012,2.959161282,32.23300552,UG2011L117
30430009,2012,2.818746567,32.2802124,UG2011L117
30430009,2012,2.980754614,32.31184387,UG2011L117
30430009,2012,2.945613861,32.2034111,UG2011L117
30430009,2012,2.875721455,32.37755966,UG2011L117
30430016,2012,2.847059488,32.12492752,UG2011L117
30430016,2011,2.847059488,32.12492752,UG2011L117
30430016,2012,3.019772768,32.27265167,UG2011L117
3020002,2010,2.154819489,32.6993866,UG2011L118
3020002,2010,1.97871387,32.52962112,UG2011L118
3020002,2010,2.117683649,32.53530121,UG2011L118
3020005,2011,2.42945981,32.89060211,UG2011L118
3020008,2011,2.424601316,32.8516922,UG2011L118
3020008,2010,2.424601316,32.8516922,UG2011L118
3020010,2011,2.14705205,32.65084457,UG2011L118
3020013,2010,1.885662794,32.40862656,UG2011L118
3020013,2010,2.025594711,32.71741867,UG2011L118
3020013,2010,2.292009115,32.7195282,UG2011L118
3020013,2010,1.850348115,32.70787048,UG2011L118
3020013,2010,2.299221992,32.72208405,UG2011L118
3020016,2011,1.834834099,32.38417435,UG2011L118
3020016,2010,1.834834099,32.38417435,UG2011L118
3020018,2011,2.033412218,32.83258438,UG2011L118
3020035,2011,1.90533483,32.37199402,UG2011L118
3020035,2011,1.746608973,32.16708374,UG2011L118
3070002,2011,2.360523462,33.21302414,UG2011L118
3070005,2011,2.480793715,33.06311417,UG2011L118
3070007,2010,2.216509819,32.88980484,UG2011L118
3070007,2011,2.216509819,32.88980484,UG2011L118
3070007,2011,2.521463394,33.2035675,UG2011L118
3070012,2010,2.5860641,32.69800568,UG2011L118
3070012,2010,2.316163063,32.94035339,UG2011L118
3070012,2010,2.328003645,33.26255417,UG2011L118
3070017,2011,2.204746008,33.17409134,UG2011L118
3070018,2011,2.122121334,33.19146347,UG2011L118
3070018,2010,2.122121334,33.19146347,UG2011L118
3070020,2011,2.373126507,33.0343399,UG2011L118
3070020,2011,2.427159309,33.04193878,UG2011L118
3070020,2011,2.408637524,33.06461716,UG2011L118
3070020,2011,2.434562922,33.06320953,UG2011L118
3070022,2010,2.188616753,33.11634445,UG2011L118
3070022,2011,2.188616753,33.11634445,UG2011L118
3070023,2011,2.111780405,33.10423279,UG2011L118
3070023,2011,2.12083602,33.13345718,UG2011L118
3070025,2010,2.311135769,32.98491287,UG2011L118
3070025,2011,2.311135769,32.98491287,UG2011L118
3170009,2011,1.982359409,33.05509186,UG2011L118
3170009,2011,2.311968327,33.00999069,UG2011L118
3170010,2011,1.999994516,33.24093246,UG2011L118
3170010,2010,1.999994516,33.24093246,UG2011L118
3170011,2011,1.7795825,33.03952408,UG2011L118
3210023,2011,2.364857912,32.6032753,UG2011L118
3210030,2011,2.152029037,32.52992249,UG2011L118
2110003,2011,1.744211555,33.04963303,UG2011L118
3020003,2011,1.96819818,32.56834412,UG2011L118
3070005,2011,2.474280834,32.71974564,UG2011L118
3070005,2011,2.493780851,32.78448486,UG2011L118
3070007,2011,2.52738142,33.20088959,UG2011L118
3070018,2011,2.113591433,33.11769867,UG2011L118
3070022,2011,2.295686007,33.00785065,UG2011L118
3070023,2011,2.137554646,33.20750427,UG2011L118
3170009,2011,2.340691566,33.0564003,UG2011L118
3170009,2011,2.32385993,33.0019455,UG2011L118
3170009,2011,2.330127954,33.03977203,UG2011L118
3020002,2010,1.978713989,32.52962112,UG2011L118
3020002,2009,1.978713989,32.52962112,UG2011L118
3020005,2010,2.429460049,32.89060211,UG2011L118
3020008,2010,2.424601078,32.8516922,UG2011L118
3020008,2009,2.424601078,32.8516922,UG2011L118
3020010,2010,2.14705205,32.65084457,UG2011L118
3020013,2009,2.02559495,32.71741867,UG2011L118
3020013,2010,2.02559495,32.71741867,UG2011L118
3020016,2010,1.83483398,32.38417435,UG2011L118
3020016,2009,1.83483398,32.38417435,UG2011L118
3020035,2009,1.905334949,32.37199783,UG2011L118
3020035,2010,1.905334949,32.37199783,UG2011L118
3070007,2009,2.216510057,32.88980484,UG2011L118
3070007,2010,2.216510057,32.88980484,UG2011L118
3070012,2009,2.316163063,32.94035339,UG2011L118
3070017,2009,2.204746008,33.17409134,UG2011L118
3070017,2010,2.204746008,33.17409134,UG2011L118
3070018,2010,2.122121096,33.19146347,UG2011L118
3070018,2009,2.122121096,33.19146347,UG2011L118
3070022,2009,2.188616991,33.11634445,UG2011L118
3070022,2010,2.188616991,33.11634445,UG2011L118
3070023,2010,2.111779928,33.10423279,UG2011L118
3070025,2009,2.311136007,32.98491287,UG2011L118
3070025,2010,2.311136007,32.98491287,UG2011L118
3070009,2009,1.982359052,33.05509186,UG2011L118
3070009,2010,1.982359052,33.05509186,UG2011L118
3070010,2010,1.99999404,33.24093246,UG2011L118
3070010,2009,1.99999404,33.24093246,UG2011L118
3070011,2010,1.779582024,33.03952408,UG2011L118
3020023,2010,2.364857912,32.6032753,UG2011L118
3020030,2010,2.152029037,32.52992249,UG2011L118
21110003,2012,1.744211555,33.04963303,UG2011L118
21110003,2012,1.766053081,33.02389145,UG2011L118
30230008,2012,2.424601316,32.8516922,UG2011L118
30230016,2012,1.834834099,32.38417435,UG2011L118
30230035,2012,2.208690643,32.88178635,UG2011L118
30710005,2012,2.395846605,32.51302338,UG2011L118
30710007,2012,2.52738142,33.20088959,UG2011L118
30730017,2012,2.204746008,33.17409134,UG2011L118
30730022,2012,2.188616753,33.11634445,UG2011L118
30730009,2012,1.982359409,33.05509186,UG2011L118
30730009,2012,1.992225885,32.80471802,UG2011L118
30730009,2012,2.330127954,33.03977203,UG2011L118
30210002,2012,2.154819489,32.6993866,UG2011L118
30210002,2012,1.97871387,32.52962112,UG2011L118
30210002,2012,2.117683649,32.53530121,UG2011L118
30230003,2012,1.96819818,32.56834412,UG2011L118
30230005,2012,2.42945981,32.89060211,UG2011L118
30230008,2011,2.424601316,32.8516922,UG2011L118
30230010,2012,2.14705205,32.65084457,UG2011L118
30230013,2012,1.885662794,32.40862656,UG2011L118
30230013,2012,2.025594711,32.71741867,UG2011L118
30230013,2012,2.292009115,32.7195282,UG2011L118
30230013,2012,1.850348115,32.70787048,UG2011L118
30230013,2012,2.299221992,32.72208405,UG2011L118
30230016,2011,1.834834099,32.38417435,UG2011L118
30230018,2012,2.033412218,32.83258438,UG2011L118
30230035,2012,2.174026489,32.61612701,UG2011L118
30230035,2012,1.90533483,32.37199402,UG2011L118
30230035,2012,1.746608973,32.16708374,UG2011L118
30230013,2012,2.095189333,32.41334534,UG2011L118
30710005,2012,2.490924597,32.73752975,UG2011L118
30730012,2012,2.316163063,32.94035339,UG2011L118
30730018,2012,2.122121334,33.19146347,UG2011L118
30230030,2012,2.152029037,32.52992249,UG2011L118
30230030,2012,1.896428466,32.66345215,UG2011L118
30410002,2012,1.997583747,32.54248428,UG2011L118
30710002,2012,2.360523462,33.21302414,UG2011L118
30710005,2012,2.480793715,33.06311417,UG2011L118
30710005,2012,2.474280834,32.71974564,UG2011L118
30710005,2012,2.493780851,32.78448486,UG2011L118
30710007,2011,2.216509819,32.88980484,UG2011L118
30710007,2012,2.216509819,32.88980484,UG2011L118
30710007,2012,2.521463394,33.2035675,UG2011L118
30730012,2012,2.5860641,32.69800568,UG2011L118
30730012,2012,2.328003645,33.26255417,UG2011L118
30730017,2012,1.826693296,32.48142242,UG2011L118
30730018,2011,2.122121334,33.19146347,UG2011L118
30730018,2012,2.113591433,33.11769867,UG2011L118
30730020,2012,2.373126507,33.0343399,UG2011L118
30730020,2012,2.427159309,33.04193878,UG2011L118
30730020,2012,2.408637524,33.06461716,UG2011L118
30730020,2012,2.434562922,33.06320953,UG2011L118
30730022,2011,2.188616753,33.11634445,UG2011L118
30730022,2012,2.295686007,33.00785065,UG2011L118
30730023,2012,2.111780405,33.10423279,UG2011L118
30730023,2012,2.12083602,33.13345718,UG2011L118
30730023,2012,2.137554646,33.20750427,UG2011L118
30730025,2012,2.311135769,32.98491287,UG2011L118
30730025,2012,2.223047495,32.86265564,UG2011L118
30730009,2012,2.311968327,33.00999069,UG2011L118
30730009,2012,2.340691566,33.0564003,UG2011L118
30730009,2012,2.32385993,33.0019455,UG2011L118
30730010,2012,1.999994516,33.24093246,UG2011L118
30730010,2011,1.999994516,33.24093246,UG2011L118
30730011,2012,2.21163559,32.87342072,UG2011L118
30730011,2012,1.7795825,33.03952408,UG2011L118
30230023,2012,2.364857912,32.6032753,UG2011L118
3040014,2011,2.505305767,32.38390732,UG2011L119
3210028,2010,2.446411133,32.28257751,UG2011L119
3040014,2009,2.505306005,32.38390732,UG2011L119
3040014,2010,2.505306005,32.38390732,UG2011L119
30430014,2012,2.542387724,32.32769775,UG2011L119
30430014,2012,2.505305767,32.38390732,UG2011L119
30230028,2012,2.446411133,32.28257751,UG2011L119
3050001,2011,3.3647542,33.06035233,UG2011L121
3050001,2011,3.322916746,33.00099182,UG2011L121
3020003,2011,2.561205864,32.94090271,UG2011L121
3020005,2011,2.604706526,32.86257172,UG2011L121
30230005,2012,2.600708008,32.85015869,UG2011L121
30230005,2012,2.542519093,32.88743973,UG2011L121
30930001,2012,3.193875551,32.85063553,UG2011L121
30230003,2012,2.561205864,32.94090271,UG2011L121
30230005,2012,2.604706526,32.86257172,UG2011L121
30510001,2012,2.992119074,32.72466278,UG2011L121
30410004,2012,3.033268452,32.80374146,UG2011L121
30510001,2012,3.3647542,33.06035233,UG2011L121
30510001,2012,3.279093027,33.17780685,UG2011L121
3060002,2011,3.692332745,33.96453476,UG2011L122
3180002,2011,3.692332745,33.96453476,UG2011L122
3060002,2010,3.692332983,33.96453476,UG2011L122
30630002,2012,3.692332745,33.96453476,UG2011L122
3060006,2010,3.038331985,34.14702225,UG2011L123
3060006,2011,3.038331985,34.14702225,UG2011L123
3060007,2011,3.086548567,34.13765335,UG2011L123
3060007,2011,3.035457134,34.0450592,UG2011L123
3060007,2010,3.035457134,34.0450592,UG2011L123
3080002,2011,2.450215101,34.49146652,UG2011L123
3080002,2011,2.37368083,34.50110626,UG2011L123
3080004,2011,2.581153631,34.57567596,UG2011L123
3110003,2010,2.357444286,34.58627701,UG2011L123
3110003,2011,2.357444286,34.58627701,UG2011L123
3180001,2011,3.498155594,34.1300354,UG2011L123
3180003,2011,3.606782198,34.12635803,UG2011L123
3180003,2010,3.606782198,34.12635803,UG2011L123
3180004,2011,3.517599106,34.16035843,UG2011L123
3060006,2009,3.038331985,34.14702225,UG2011L123
3060007,2010,3.035456896,34.0450592,UG2011L123
3060007,2009,3.035456896,34.0450592,UG2011L123
3080002,2010,2.373681068,34.50110626,UG2011L123
3080002,2009,2.373681068,34.50110626,UG2011L123
3110003,2009,2.357444048,34.58627701,UG2011L123
3110003,2010,2.357444048,34.58627701,UG2011L123
3060001,2009,3.498156071,34.1300354,UG2011L123
3060001,2010,3.498156071,34.1300354,UG2011L123
3060003,2010,3.60678196,34.12635803,UG2011L123
3060003,2009,3.60678196,34.12635803,UG2011L123
3060004,2010,3.517599106,34.16035843,UG2011L123
30630006,2012,3.038331985,34.14702225,UG2011L123
31130003,2012,2.357444286,34.58627701,UG2011L123
30630003,2012,3.606782198,34.12635803,UG2011L123
30630007,2012,3.086548567,34.13765335,UG2011L123
30630007,2012,3.035457134,34.0450592,UG2011L123
30630007,2011,3.035457134,34.0450592,UG2011L123
30830002,2012,2.450215101,34.49146652,UG2011L123
30830002,2012,2.37368083,34.50110626,UG2011L123
30830004,2012,2.581153631,34.57567596,UG2011L123
30610001,2012,3.498155594,34.1300354,UG2011L123
30630003,2011,3.606782198,34.12635803,UG2011L123
30630004,2012,3.517599106,34.16035843,UG2011L123
3080004,2011,2.566242218,34.64048004,UG2011L125
3080004,2010,2.566242218,34.64048004,UG2011L125
3110004,2011,1.769088387,34.8571167,UG2011L125
2170009,2011,2.541371107,34.66654205,UG2011L125
3080004,2009,2.56624198,34.64048004,UG2011L125
3080004,2010,2.56624198,34.64048004,UG2011L125
3110004,2010,1.76908803,34.8571167,UG2011L125
21030009,2012,2.541371107,34.66654205,UG2011L125
30830004,2011,2.566242218,34.64048004,UG2011L125
30830004,2012,2.566242218,34.64048004,UG2011L125
31130004,2012,1.769088387,34.8571167,UG2011L125
2150007,2011,1.374773026,34.30199814,UG2011L126
2200001,2011,1.331631184,34.66086197,UG2011L126
2200001,2010,1.331631184,34.66086197,UG2011L126
3080001,2010,2.145811796,34.20444107,UG2011L126
3080001,2011,2.145811796,34.20444107,UG2011L126
2150007,2010,1.374773026,34.30199814,UG2011L126
2060001,2010,1.331630945,34.66086197,UG2011L126
2060001,2009,1.331630945,34.66086197,UG2011L126
3080001,2009,2.145812035,34.20444107,UG2011L126
3080001,2010,2.145812035,34.20444107,UG2011L126
21530007,2012,1.374773026,34.30199814,UG2011L126
20630001,2012,1.331631184,34.66086197,UG2011L126
21030006,2012,1.420193911,34.34041595,UG2011L126
31110001,2012,1.776904583,34.56693649,UG2011L126
30830001,2011,2.145811796,34.20444107,UG2011L126
30830001,2012,2.145811796,34.20444107,UG2011L126
2070005,2010,1.869531035,33.94808197,UG2011L127
2070005,2011,1.869531035,33.94808197,UG2011L127
2070006,2011,1.663689375,33.96788788,UG2011L127
2080001,2010,1.475996375,33.91716766,UG2011L127
2080001,2011,1.475996375,33.91716766,UG2011L127
2080005,2011,1.312257171,33.83413696,UG2011L127
2080005,2011,1.372140169,33.90796661,UG2011L127
2080007,2010,1.531584263,34.05011368,UG2011L127
2080007,2011,1.531584263,34.05011368,UG2011L127
2080008,2010,1.588968158,33.86013412,UG2011L127
2080008,2011,1.588968158,33.86013412,UG2011L127
2100002,2010,1.183899522,33.71959305,UG2011L127
2100002,2011,1.108116269,33.82862473,UG2011L127
2100004,2011,1.149416447,33.92056656,UG2011L127
2100004,2010,1.149416447,33.92056656,UG2011L127
2100006,2011,1.313596725,33.74016953,UG2011L127
2100007,2010,1.260799766,33.79705429,UG2011L127
2100007,2011,1.260799766,33.79705429,UG2011L127
2110004,2011,1.561473727,33.3062973,UG2011L127
2110006,2011,1.525771141,33.55038452,UG2011L127
2110006,2010,1.525771141,33.55038452,UG2011L127
2110006,2010,1.501457095,33.47061157,UG2011L127
2110006,2011,1.834433556,33.5172081,UG2011L127
2110006,2010,1.50963223,33.39042282,UG2011L127
2110007,2011,1.740958214,33.58333969,UG2011L127
2110009,2011,1.700413823,33.68852234,UG2011L127
2110009,2010,1.700413823,33.68852234,UG2011L127
2160003,2011,2.028908014,33.59074783,UG2011L127
2160003,2011,2.037125349,33.48093033,UG2011L127
2170009,2011,1.120546818,34.05466843,UG2011L127
2170009,2010,1.120546818,34.05466843,UG2011L127
2190003,2011,1.199715853,34.15842438,UG2011L127
2190003,2010,1.199715853,34.15842438,UG2011L127
2210006,2011,1.018523335,34.07294846,UG2011L127
2010008,2011,1.117771626,33.86383057,UG2011L127
2070005,2011,2.051962614,33.97797012,UG2011L127
2070005,2011,1.890143752,33.82380295,UG2011L127
2080005,2011,1.434255958,33.84978104,UG2011L127
2110007,2011,1.727662921,33.51834869,UG2011L127
2110009,2011,1.67027998,33.70545959,UG2011L127
3040002,2011,1.468467236,34.09431839,UG2011L127
2070005,2009,1.869531035,33.94808197,UG2011L127
2070006,2010,1.663689017,33.96788788,UG2011L127
2080001,2009,1.475996017,33.91716766,UG2011L127
2080001,2010,1.475996017,33.91716766,UG2011L127
2080005,2010,1.37214005,33.90796661,UG2011L127
2080007,2009,1.531584024,34.05011368,UG2011L127
2080007,2010,1.531584024,34.05011368,UG2011L127
2080008,2009,1.588968039,33.86013412,UG2011L127
2080008,2010,1.588968039,33.86013412,UG2011L127
2100002,2009,1.183899999,33.71959305,UG2011L127
2100004,2010,1.14941597,33.92056656,UG2011L127
2100004,2009,1.14941597,33.92056656,UG2011L127
2100006,2010,1.313596964,33.74016953,UG2011L127
2100007,2009,1.260800004,33.79705429,UG2011L127
2100007,2010,1.260800004,33.79705429,UG2011L127
2110004,2009,1.561473966,33.3062973,UG2011L127
2110004,2010,1.561473966,33.3062973,UG2011L127
2110006,2010,1.525771022,33.55038452,UG2011L127
2110006,2009,1.525771022,33.55038452,UG2011L127
2110007,2010,1.740957975,33.58333969,UG2011L127
2110009,2010,1.700413942,33.68852234,UG2011L127
2110009,2009,1.700413942,33.68852234,UG2011L127
2070003,2009,2.028908014,33.59074783,UG2011L127
2100009,2010,1.120547056,34.05466843,UG2011L127
2100009,2009,1.120547056,34.05466843,UG2011L127
2080003,2010,1.199715972,34.15842438,UG2011L127
2080003,2009,1.199715972,34.15842438,UG2011L127
2120006,2010,1.018522978,34.07294846,UG2011L127
20130008,2012,1.117771626,33.86383057,UG2011L127
20730005,2011,1.869531035,33.94808197,UG2011L127
20730005,2012,2.051962614,33.97797012,UG2011L127
20730005,2012,1.890143752,33.82380295,UG2011L127
20730005,2012,1.869531035,33.94808197,UG2011L127
20730006,2012,1.663689375,33.96788788,UG2011L127
20810001,2012,1.475996375,33.91716766,UG2011L127
20810001,2012,1.550561666,34.05858994,UG2011L127
20830005,2012,1.312257171,33.83413696,UG2011L127
20830005,2012,1.372140169,33.90796661,UG2011L127
20830005,2012,1.434255958,33.84978104,UG2011L127
20830007,2012,1.531584263,34.05011368,UG2011L127
20830008,2011,1.588968158,33.86013412,UG2011L127
20830008,2012,1.588968158,33.86013412,UG2011L127
20830008,2012,1.491677642,33.9666748,UG2011L127
21010002,2011,1.183899522,33.71959305,UG2011L127
21030004,2012,1.149416447,33.92056656,UG2011L127
21030004,2011,1.149416447,33.92056656,UG2011L127
21030006,2012,1.313596725,33.74016953,UG2011L127
21030007,2012,1.260799766,33.79705429,UG2011L127
21110003,2012,2.128102541,33.57261658,UG2011L127
21130004,2012,1.561473727,33.3062973,UG2011L127
21130006,2012,1.525771141,33.55038452,UG2011L127
21130006,2011,1.525771141,33.55038452,UG2011L127
21130006,2011,1.501457095,33.47061157,UG2011L127
21130006,2012,1.834433556,33.5172081,UG2011L127
21130006,2011,1.50963223,33.39042282,UG2011L127
21130007,2012,1.740958214,33.58333969,UG2011L127
21130007,2012,1.727662921,33.51834869,UG2011L127
21130009,2012,1.700413823,33.68852234,UG2011L127
21130009,2012,1.67027998,33.70545959,UG2011L127
20730003,2012,2.028908014,33.59074783,UG2011L127
20730003,2012,2.037125349,33.48093033,UG2011L127
21030009,2012,1.120546818,34.05466843,UG2011L127
21030009,2011,1.120546818,34.05466843,UG2011L127
20830003,2012,1.199715853,34.15842438,UG2011L127
20830003,2011,1.199715853,34.15842438,UG2011L127
20730006,2012,1.726608634,33.8913765,UG2011L127
21110003,2012,2.080501318,33.66411591,UG2011L127
21110003,2012,1.737861633,34.09527206,UG2011L127
21110003,2012,1.820342541,33.29511642,UG2011L127
21130004,2012,1.566586494,33.2737236,UG2011L127
21130006,2012,1.734960794,33.46855927,UG2011L127
21230006,2012,1.018523335,34.07294846,UG2011L127
20830005,2012,1.445572615,33.48163605,UG2011L127
30410002,2012,1.468467236,34.09431839,UG2011L127
30730009,2012,1.995658994,33.56028366,UG2011L127
2150006,2010,1.27609849,34.37190628,UG2011L128
2150006,2011,1.27609849,34.37190628,UG2011L128
2180037,2011,1.054035187,34.37062073,UG2011L128
2150006,2009,1.276098013,34.37190628,UG2011L128
2150006,2010,1.276098013,34.37190628,UG2011L128
2090037,2010,1.054034948,34.37062073,UG2011L128
21530006,2011,1.27609849,34.37190628,UG2011L128
21530006,2012,1.27609849,34.37190628,UG2011L128
20930037,2012,1.054035187,34.37062073,UG2011L128
2020005,2011,0.49065423,34.09177017,UG2011L129
2020007,2011,0.389015406,34.05781174,UG2011L129
2020007,2010,0.389015406,34.05781174,UG2011L129
2120008,2011,0.819429338,34.09407425,UG2011L129
2120009,2011,0.657477379,34.15877151,UG2011L129
2120009,2010,0.657477379,34.15877151,UG2011L129
2120011,2011,0.696134746,34.00296402,UG2011L129
2120013,2010,0.696242273,34.10938644,UG2011L129
2120013,2011,0.696242273,34.10938644,UG2011L129
2150006,2011,0.649369121,34.15151596,UG2011L129
3040002,2011,0.449585736,34.08050919,UG2011L129
2020005,2010,0.490653992,34.09177017,UG2011L129
2020007,2010,0.389014989,34.05781174,UG2011L129
2020007,2009,0.389014989,34.05781174,UG2011L129
2120008,2009,0.81942898,34.09407425,UG2011L129
2120008,2010,0.81942898,34.09407425,UG2011L129
2120009,2010,0.657477021,34.15877151,UG2011L129
2120009,2009,0.657477021,34.15877151,UG2011L129
2120011,2010,0.696134984,34.00296402,UG2011L129
2120013,2009,0.696241975,34.10938644,UG2011L129
2120013,2010,0.696241975,34.10938644,UG2011L129
20230005,2012,0.49065423,34.09177017,UG2011L129
20230007,2012,0.389015406,34.05781174,UG2011L129
21230008,2012,0.819429338,34.09407425,UG2011L129
21230009,2012,0.657477379,34.15877151,UG2011L129
21230009,2011,0.657477379,34.15877151,UG2011L129
21230011,2012,0.696134746,34.00296402,UG2011L129
21230013,2011,0.696242273,34.10938644,UG2011L129
21230013,2012,0.696242273,34.10938644,UG2011L129
21530006,2011,0.649369121,34.15151596,UG2011L129
21530006,2012,0.661986351,34.140625,UG2011L129
20130006,2012,0.356245428,34.00768661,UG2011L129
20130008,2012,0.644933283,33.71263885,UG2011L130
2010004,2011,0.431405365,33.81264114,UG2011L131
2010006,2010,0.31351912,33.87063599,UG2011L131
2010006,2011,0.31351912,33.87063599,UG2011L131
2140003,2010,0.423703492,33.61217117,UG2011L131
2140003,2011,0.423703492,33.61217117,UG2011L131
2010004,2009,0.431405008,33.81264114,UG2011L131
2010004,2010,0.431405008,33.81264114,UG2011L131
2010006,2009,0.313519001,33.8706398,UG2011L131
2010006,2010,0.313519001,33.8706398,UG2011L131
2140003,2009,0.423703015,33.61217117,UG2011L131
2140003,2010,0.423703015,33.61217117,UG2011L131
10830016,2012,0.515556812,33.43617249,UG2011L131
20130004,2012,0.431405365,33.81264114,UG2011L131
20130006,2012,0.31351912,33.87063599,UG2011L131
21430003,2012,0.423703492,33.61217117,UG2011L131
20130004,2012,0.403172374,33.52443314,UG2011L131
20130004,2012,0.457418084,33.68587112,UG2011L131
20130004,2012,0.540446818,33.79050827,UG2011L131
20430012,2012,0.541162074,33.86595535,UG2011L131
20130008,2012,0.378245056,33.56937408,UG2011L131
2010008,2011,0.711598098,33.68483353,UG2011L132
2030001,2011,0.615904808,33.47005463,UG2011L132
2030004,2011,0.623697281,33.4741478,UG2011L132
2030008,2010,0.551625669,33.61889648,UG2011L132
2030008,2011,0.551625669,33.61889648,UG2011L132
2030018,2010,0.572827995,33.47402573,UG2011L132
2030023,2011,0.674982846,33.51989746,UG2011L132
2030028,2010,1.016565323,33.32798004,UG2011L132
2030028,2011,1.016565323,33.32798004,UG2011L132
2030033,2011,0.775407314,33.34747696,UG2011L132
2050001,2011,0.924405336,33.13050842,UG2011L132
2050004,2010,1.209232569,33.04792404,UG2011L132
2050004,2011,1.209232569,33.04792404,UG2011L132
2050009,2011,1.232990146,33.33122635,UG2011L132
2050013,2010,1.06010282,33.01022339,UG2011L132
2050017,2010,0.900533915,33.10151291,UG2011L132
2050017,2011,1.058946371,33.16449738,UG2011L132
2050017,2011,0.900533915,33.10151291,UG2011L132
2050030,2011,0.773993254,33.07475281,UG2011L132
2140002,2011,0.513224304,33.41770935,UG2011L132
2140002,2011,0.786843598,33.56753159,UG2011L132
2220022,2011,1.035777807,33.38786316,UG2011L132
2220026,2010,1.088837862,33.40216064,UG2011L132
2220026,2011,1.088837862,33.40216064,UG2011L132
2240013,2011,0.961448908,33.59194565,UG2011L132
1020008,2011,0.785026848,33.3249054,UG2011L132
2030018,2011,0.828696728,33.21648407,UG2011L132
2050013,2011,1.06010282,33.01022339,UG2011L132
2140002,2011,0.574599445,33.43344879,UG2011L132
2140002,2011,0.576142967,33.41810226,UG2011L132
2140002,2011,0.562989771,33.43497849,UG2011L132
2140002,2011,0.629517555,33.54127884,UG2011L132
2220022,2011,0.758136153,33.41956329,UG2011L132
2220022,2011,1.219726324,33.38272095,UG2011L132
2220022,2011,0.844220042,33.41091156,UG2011L132
2240013,2011,0.757181466,33.6212883,UG2011L132
2010008,2010,0.711597979,33.68483353,UG2011L132
2030001,2010,0.615904987,33.47005463,UG2011L132
2030004,2009,0.623696983,33.4741478,UG2011L132
2030004,2010,0.623696983,33.4741478,UG2011L132
2030008,2009,0.551626027,33.61889648,UG2011L132
2030008,2010,0.551626027,33.61889648,UG2011L132
2030018,2009,0.572827995,33.47402573,UG2011L132
2030023,2010,0.674983025,33.51989746,UG2011L132
2030028,2009,1.016564965,33.32797623,UG2011L132
2030028,2010,1.016564965,33.32797623,UG2011L132
2030033,2010,0.775407016,33.34747696,UG2011L132
2050001,2010,0.924404979,33.13050842,UG2011L132
2050004,2009,1.209233046,33.04792404,UG2011L132
2050004,2010,1.209233046,33.04792404,UG2011L132
2050009,2010,1.232990026,33.33122635,UG2011L132
2050013,2009,1.060103059,33.01022339,UG2011L132
2050013,2010,1.060103059,33.01022339,UG2011L132
2050017,2009,0.900533974,33.10151291,UG2011L132
2050017,2010,0.900533974,33.10151291,UG2011L132
2050030,2010,0.773993015,33.07475281,UG2011L132
2140002,2010,0.513224006,33.41770935,UG2011L132
2050022,2009,1.035778046,33.38786316,UG2011L132
2050022,2010,1.035778046,33.38786316,UG2011L132
2050026,2009,1.088837981,33.40216064,UG2011L132
2050026,2010,1.088837981,33.40216064,UG2011L132
2030013,2010,0.961449027,33.59194565,UG2011L132
2030013,2009,0.961449027,33.59194565,UG2011L132
10210008,2012,0.785026848,33.3249054,UG2011L132
20130008,2012,0.711598098,33.68483353,UG2011L132
20310001,2012,0.615904808,33.47005463,UG2011L132
20310004,2012,0.623697281,33.4741478,UG2011L132
20330008,2011,0.551625669,33.61889648,UG2011L132
20330008,2012,0.551625669,33.61889648,UG2011L132
20330018,2011,0.572827995,33.47402573,UG2011L132
20330018,2012,0.828696728,33.21648407,UG2011L132
20330018,2012,0.572827995,33.47402573,UG2011L132
20330023,2012,0.674982846,33.51989746,UG2011L132
20330028,2012,1.016565323,33.32798004,UG2011L132
20330033,2012,0.775407314,33.34747696,UG2011L132
20510001,2012,0.924405336,33.13050842,UG2011L132
20510001,2012,0.602689207,33.70791245,UG2011L132
20530004,2011,1.209232569,33.04792404,UG2011L132
20530004,2012,1.209232569,33.04792404,UG2011L132
20530009,2012,1.232990146,33.33122635,UG2011L132
20530013,2012,1.06010282,33.01022339,UG2011L132
20530017,2011,0.900533915,33.10151291,UG2011L132
20530017,2012,1.058946371,33.16449738,UG2011L132
20530017,2012,0.900533915,33.10151291,UG2011L132
20530030,2012,0.773993254,33.07475281,UG2011L132
21430002,2012,0.513224304,33.41770935,UG2011L132
21430002,2012,0.786843598,33.56753159,UG2011L132
21430002,2012,0.574599445,33.43344879,UG2011L132
21430002,2012,0.576142967,33.41810226,UG2011L132
21430002,2012,0.562989771,33.43497849,UG2011L132
21430002,2012,0.629517555,33.54127884,UG2011L132
20530009,2012,1.135880589,32.99087906,UG2011L132
20530009,2012,1.114154339,33.21523666,UG2011L132
21430002,2012,1.050754905,33.42364883,UG2011L132
21430002,2012,0.733247817,33.59685898,UG2011L132
20530022,2012,0.818856716,33.2036972,UG2011L132
20530022,2012,1.035777807,33.38786316,UG2011L132
20530022,2012,0.758136153,33.41956329,UG2011L132
20530022,2012,1.219726324,33.38272095,UG2011L132
20530026,2011,1.088837862,33.40216064,UG2011L132
20530026,2012,1.088837862,33.40216064,UG2011L132
20330013,2012,0.961448908,33.59194565,UG2011L132
20330013,2012,0.757181466,33.6212883,UG2011L132
1080002,2010,0.354955316,32.93350601,UG2011L133
1080002,2011,0.354955316,32.93350601,UG2011L133
1080009,2011,0.369690955,33.18743134,UG2011L133
1080009,2010,0.369690955,33.18743134,UG2011L133
1080013,2011,0.37626344,33.19101334,UG2011L133
2040012,2011,0.625762522,33.28877258,UG2011L133
2040014,2010,0.55131948,33.12586212,UG2011L133
2040014,2011,0.55131948,33.12586212,UG2011L133
2040015,2011,0.545563698,33.09376526,UG2011L133
1080006,2011,0.359630525,33.13724899,UG2011L133
2030018,2011,0.547453582,33.16527557,UG2011L133
2050013,2011,0.391492933,32.97930145,UG2011L133
1080002,2009,0.354954988,32.93350601,UG2011L133
1080002,2010,0.354954988,32.93350601,UG2011L133
1080009,2010,0.369691014,33.18743134,UG2011L133
1080009,2009,0.369691014,33.18743134,UG2011L133
1080013,2009,0.376262993,33.19101334,UG2011L133
1080013,2010,0.376262993,33.19101334,UG2011L133
2040012,2010,0.625762999,33.28877258,UG2011L133
2040012,2009,0.625762999,33.28877258,UG2011L133
2040014,2009,0.551319003,33.12586212,UG2011L133
2040014,2010,0.551319003,33.12586212,UG2011L133
2040015,2010,0.545563996,33.09376526,UG2011L133
10810002,2011,0.354955316,32.93350601,UG2011L133
10810002,2012,0.354955316,32.93350601,UG2011L133
10810002,2011,0.327525139,32.97948074,UG2011L133
10830006,2012,0.359630525,33.13724899,UG2011L133
10830009,2012,0.369690955,33.18743134,UG2011L133
10830009,2011,0.369690955,33.18743134,UG2011L133
10830013,2012,0.37626344,33.19101334,UG2011L133
10830020,2012,0.389507055,32.8391037,UG2011L133
20330018,2012,0.547453582,33.16527557,UG2011L133
20430012,2012,0.625762522,33.28877258,UG2011L133
20430014,2011,0.55131948,33.12586212,UG2011L133
20430014,2012,0.55131948,33.12586212,UG2011L133
20430015,2012,0.545563698,33.09376526,UG2011L133
20430015,2012,0.660239697,33.24180603,UG2011L133
20530013,2012,0.391492933,32.97930145,UG2011L133
1040004,2010,0.589527011,32.62310791,UG2011L134
1040004,2011,0.589527011,32.62310791,UG2011L134
1050023,2010,-0.576782405,31.69163704,UG2011L134
1120001,2010,0.72658056,32.91850662,UG2011L134
1120001,2011,0.72658056,32.91850662,UG2011L134
1120003,2011,0.827234805,32.84408569,UG2011L134
1120006,2011,0.732910216,32.95875931,UG2011L134
2120009,2011,0.640629768,32.99845886,UG2011L134
1040004,2009,0.589527011,32.62310791,UG2011L134
1050023,2009,-0.576781988,31.69163704,UG2011L134
1050023,2010,-0.576781988,31.69163704,UG2011L134
1120001,2009,0.726580977,32.91850662,UG2011L134
1120001,2010,0.726580977,32.91850662,UG2011L134
1120003,2010,0.827234983,32.84408569,UG2011L134
1120006,2010,0.732909977,32.95875931,UG2011L134
10430004,2012,0.589527011,32.62310791,UG2011L134
10430004,2011,0.589527011,32.62310791,UG2011L134
10530023,2012,-0.576782405,31.69163704,UG2011L134
10530023,2011,-0.576782405,31.69163704,UG2011L134
11210001,2011,0.72658056,32.91850662,UG2011L134
11210001,2012,0.72658056,32.91850662,UG2011L134
11230003,2012,0.827234805,32.84408569,UG2011L134
11230006,2012,0.732910216,32.95875931,UG2011L134
21230009,2012,0.640629768,32.99845886,UG2011L134
10730012,2012,0.739024103,32.93515396,UG2011L134
1020019,2011,0.15409188,32.55601883,UG2011L135
1030003,2011,0.827926636,31.84346581,UG2011L135
1030003,2010,0.827926636,31.84346581,UG2011L135
1030003,2011,0.771274626,31.7814064,UG2011L135
1030005,2011,0.923509061,31.57856178,UG2011L135
1030005,2011,0.887243986,31.70094681,UG2011L135
1040006,2011,0.662385106,32.70914078,UG2011L135
1040006,2011,0.827145994,32.49295425,UG2011L135
1040008,2011,0.794874549,32.47114182,UG2011L135
1050004,2011,-0.079570986,31.63570786,UG2011L135
1050004,2010,-0.079570986,31.63570786,UG2011L135
1050008,2011,-0.248543188,31.66781616,UG2011L135
1050012,2010,-0.344247997,31.57166481,UG2011L135
1050012,2011,-0.344247997,31.57166481,UG2011L135
1050015,2011,-0.471200258,31.3637867,UG2011L135
1050026,2011,-0.291444004,31.79134369,UG2011L135
1050030,2010,0.000976596,31.79979897,UG2011L135
1050030,2011,0.000976596,31.79979897,UG2011L135
1050033,2011,-0.197683021,31.81029129,UG2011L135
1060007,2011,0.071609862,32.09287262,UG2011L135
1060009,2010,0.196654409,32.25522995,UG2011L135
1060009,2011,0.196654409,32.25522995,UG2011L135
1070001,2010,0.480719835,31.69316673,UG2011L135
1070002,2011,0.390713513,32.07382202,UG2011L135
1070008,2010,0.213034511,31.05263901,UG2011L135
1070008,2011,0.213034511,31.05263901,UG2011L135
1070012,2011,0.537967622,31.36823654,UG2011L135
1070016,2011,0.630705476,31.78772354,UG2011L135
1070016,2011,0.524179399,31.35946274,UG2011L135
1070020,2011,0.44648844,31.82570648,UG2011L135
1070020,2011,0.401924014,32.10207748,UG2011L135
1070023,2011,0.586751282,31.71815491,UG2011L135
1080020,2011,0.435742348,32.80373383,UG2011L135
1080020,2011,0.463651866,32.78996277,UG2011L135
1080023,2010,0.411849082,32.68875504,UG2011L135
1080023,2011,0.411849082,32.68875504,UG2011L135
1080027,2011,0.619389117,32.81215668,UG2011L135
1080030,2011,0.684824407,32.82920837,UG2011L135
1080033,2011,0.625139534,32.91958618,UG2011L135
1080033,2010,0.625139534,32.91958618,UG2011L135
1100001,2011,-0.639231384,31.52998924,UG2011L135
1100005,2011,-0.887124896,31.71108818,UG2011L135
1100012,2011,-0.503361106,31.61606979,UG2011L135
1100012,2011,0.258136421,32.56532288,UG2011L135
1110003,2011,-0.292247772,31.47872162,UG2011L135
1130003,2010,0.218554243,32.53989792,UG2011L135
1130003,2011,0.218554243,32.53989792,UG2011L135
1130004,2011,0.350127429,32.66998672,UG2011L135
1130007,2011,0.261842281,32.55675507,UG2011L135
1130014,2011,0.160929516,32.55293274,UG2011L135
1130016,2010,0.326053888,32.51040649,UG2011L135
1130016,2011,0.326053888,32.51040649,UG2011L135
1130019,2010,0.347713411,32.68297958,UG2011L135
1130019,2011,0.347713411,32.68297958,UG2011L135
1130023,2011,0.255861133,32.60401917,UG2011L135
1130025,2011,0.239827171,32.54393005,UG2011L135
1150004,2011,0.751306176,31.70298004,UG2011L135
1150004,2011,0.274723113,31.94265175,UG2011L135
1150027,2010,0.402623326,32.08105469,UG2011L135
1150031,2011,0.543995559,32.18981934,UG2011L135
1150031,2011,0.502339542,32.12890625,UG2011L135
1150031,2011,0.627311945,32.08670807,UG2011L135
1160011,2011,0.64454174,32.24568176,UG2011L135
1160011,2010,0.684433222,32.30142593,UG2011L135
1160013,2011,0.767357647,32.52581406,UG2011L135
4130002,2010,0.389080584,30.48666191,UG2011L135
4130002,2011,0.389080584,30.48666191,UG2011L135
4130003,2011,0.14260529,30.49532509,UG2011L135
4150004,2011,0.419650048,31.03646278,UG2011L135
4150006,2011,0.591023624,30.47159004,UG2011L135
4150007,2010,0.72875762,30.64658928,UG2011L135
4150007,2011,0.72875762,30.64658928,UG2011L135
4150009,2011,0.822011709,30.79213142,UG2011L135
1020002,2011,0.419838578,32.608181,UG2011L135
1030003,2011,0.610604584,31.96763039,UG2011L135
1040004,2011,0.471293449,32.86458969,UG2011L135
1050015,2011,-0.435466886,31.36898804,UG2011L135
1050026,2011,-0.314386487,31.76853371,UG2011L135
1050033,2011,-0.272139162,31.75036621,UG2011L135
1060005,2011,0.126303881,31.80987167,UG2011L135
1060005,2011,0.170688912,32.46136093,UG2011L135
1060005,2011,0.189466462,32.43751907,UG2011L135
1070020,2011,0.426389188,31.83794594,UG2011L135
1080027,2011,0.338240087,32.64032745,UG2011L135
1100009,2011,0.268996745,32.57284546,UG2011L135
1130008,2011,0.505781412,32.32940292,UG2011L135
1130008,2011,0.227407098,32.46741486,UG2011L135
1140003,2011,-0.402727664,31.34989548,UG2011L135
1160011,2011,0.584685147,32.5620079,UG2011L135
2220022,2011,0.931526363,31.44589806,UG2011L135
2240013,2011,0.35106656,32.66736603,UG2011L135
1030003,2010,0.827926993,31.84346581,UG2011L135
1030003,2009,0.827926993,31.84346581,UG2011L135
1030005,2010,0.923509002,31.57856178,UG2011L135
1040006,2010,0.662384987,32.70914078,UG2011L135
1050004,2009,-0.079571001,31.63570786,UG2011L135
1050004,2010,-0.079571001,31.63570786,UG2011L135
1050008,2010,-0.248542994,31.66781616,UG2011L135
1050012,2009,-0.344247997,31.57166672,UG2011L135
1050012,2010,-0.344247997,31.57166672,UG2011L135
1050015,2010,-0.471199989,31.3637867,UG2011L135
1050026,2010,-0.291444004,31.79134369,UG2011L135
1050030,2009,0.000977,31.79979897,UG2011L135
1050030,2010,0.000977,31.79979897,UG2011L135
1050033,2010,-0.197683007,31.81029129,UG2011L135
1060007,2009,0.071610004,32.09287262,UG2011L135
1060007,2010,0.071610004,32.09287262,UG2011L135
1060009,2009,0.196654007,32.25522995,UG2011L135
1060009,2010,0.196654007,32.25522995,UG2011L135
1070002,2010,0.39071399,32.07382202,UG2011L135
1070008,2010,0.213035002,31.05263901,UG2011L135
1070012,2010,0.53796798,31.36823654,UG2011L135
1070016,2009,0.630704999,31.78772354,UG2011L135
1070016,2010,0.630704999,31.78772354,UG2011L135
1070023,2009,0.586750984,31.71815681,UG2011L135
1070023,2010,0.586750984,31.71815681,UG2011L135
1080020,2010,0.435741991,32.80373383,UG2011L135
1080023,2009,0.411848992,32.68875504,UG2011L135
1080023,2010,0.411848992,32.68875504,UG2011L135
1080027,2010,0.619388998,32.81215668,UG2011L135
1080030,2009,0.68482399,32.82920837,UG2011L135
1080030,2010,0.68482399,32.82920837,UG2011L135
1080033,2010,0.625140011,32.91958237,UG2011L135
1080033,2009,0.625140011,32.91958237,UG2011L135
1100001,2009,-0.639231026,31.52998734,UG2011L135
1100001,2010,-0.639231026,31.52998734,UG2011L135
1100005,2010,-0.887125015,31.71108818,UG2011L135
1100012,2009,-0.503360987,31.61606979,UG2011L135
1100012,2010,-0.503360987,31.61606979,UG2011L135
1110003,2010,-0.292248011,31.47872162,UG2011L135
1130003,2009,0.218554005,32.53989792,UG2011L135
1130003,2010,0.218554005,32.53989792,UG2011L135
1130004,2010,0.350127012,32.66998672,UG2011L135
1130007,2010,0.261842012,32.55675507,UG2011L135
1130014,2010,0.160929993,32.55293274,UG2011L135
1130016,2009,0.326054007,32.51040649,UG2011L135
1130016,2010,0.326054007,32.51040649,UG2011L135
1130019,2009,0.347712994,32.68297958,UG2011L135
1130019,2010,0.347712994,32.68297958,UG2011L135
1130023,2010,0.255861014,32.60401917,UG2011L135
1130023,2009,0.255861014,32.60401917,UG2011L135
1130025,2010,0.239827007,32.54393005,UG2011L135
1070004,2010,0.274722993,31.94265366,UG2011L135
1070027,2009,0.402622998,32.08105469,UG2011L135
1070027,2010,0.402622998,32.08105469,UG2011L135
1070031,2010,0.543995976,32.18981934,UG2011L135
1040011,2010,0.684432983,32.30142593,UG2011L135
1040011,2009,0.684432983,32.30142593,UG2011L135
4130002,2009,0.389081001,30.48666191,UG2011L135
4130002,2010,0.389081001,30.48666191,UG2011L135
4130003,2010,0.142605007,30.49532509,UG2011L135
4150004,2009,0.419649988,31.03646278,UG2011L135
4150004,2010,0.419649988,31.03646278,UG2011L135
4150006,2009,0.591023982,30.47159004,UG2011L135
4150006,2010,0.591023982,30.47159004,UG2011L135
4150007,2009,0.728757977,30.64658928,UG2011L135
4150007,2010,0.728757977,30.64658928,UG2011L135
4150009,2010,0.822012007,30.79213142,UG2011L135
10330003,2012,0.827926636,31.84346581,UG2011L135
10330003,2011,0.827926636,31.84346581,UG2011L135
10330005,2012,0.923509061,31.57856178,UG2011L135
10330005,2012,0.887243986,31.70094681,UG2011L135
10430004,2012,0.471293449,32.86458969,UG2011L135
10430006,2012,0.662385106,32.70914078,UG2011L135
10430006,2012,0.257017672,32.57933044,UG2011L135
10430006,2011,0.662385106,32.70914078,UG2011L135
10430008,2012,0.794874549,32.47114182,UG2011L135
10530004,2012,-0.079570986,31.63570786,UG2011L135
10530004,2011,-0.079570986,31.63570786,UG2011L135
10530008,2012,-0.205463991,31.5668087,UG2011L135
10530008,2012,-0.248543188,31.66781616,UG2011L135
10530012,2012,-0.344247997,31.57166481,UG2011L135
10530015,2012,-0.471200258,31.3637867,UG2011L135
10530026,2012,-0.291444004,31.79134369,UG2011L135
10530026,2012,-0.314386487,31.76853371,UG2011L135
10530030,2011,0.000976596,31.79979897,UG2011L135
10530033,2012,-0.197683021,31.81029129,UG2011L135
10530033,2012,-0.272139162,31.75036621,UG2011L135
10630003,2012,0.346186548,32.25130081,UG2011L135
10630005,2012,0.170688912,32.46136093,UG2011L135
10630005,2012,0.189466462,32.43751907,UG2011L135
10630007,2012,0.071609862,32.09287262,UG2011L135
10630009,2011,0.196654409,32.25522995,UG2011L135
10630009,2012,0.196654409,32.25522995,UG2011L135
10710001,2012,0.480719835,31.69316673,UG2011L135
10710002,2012,0.390713513,32.07382202,UG2011L135
10730008,2012,0.213034511,31.05263901,UG2011L135
10730012,2012,0.537967622,31.36823654,UG2011L135
10730012,2012,0.413774818,31.23796082,UG2011L135
10730016,2012,0.630705476,31.78772354,UG2011L135
10730016,2012,0.524179399,31.35946274,UG2011L135
10730020,2012,0.44648844,31.82570648,UG2011L135
10730020,2012,0.426389188,31.83794594,UG2011L135
10730020,2012,0.401924014,32.10207748,UG2011L135
10730023,2012,0.586751282,31.71815491,UG2011L135
10730027,2012,0.402623326,32.08105469,UG2011L135
10830020,2012,0.435742348,32.80373383,UG2011L135
10830020,2012,0.463651866,32.78996277,UG2011L135
10830023,2012,0.411849082,32.68875504,UG2011L135
10830027,2012,0.619389117,32.81215668,UG2011L135
10830027,2012,0.338240087,32.64032745,UG2011L135
10830030,2012,0.684824407,32.82920837,UG2011L135
10830033,2012,0.625139534,32.91958618,UG2011L135
10830033,2011,0.625139534,32.91958618,UG2011L135
11010001,2012,-0.639231384,31.52998924,UG2011L135
11030005,2012,-0.887124896,31.71108818,UG2011L135
11030009,2012,0.268996745,32.57284546,UG2011L135
11030012,2012,-0.503361106,31.61606979,UG2011L135
11030012,2012,0.258136421,32.56532288,UG2011L135
11130003,2012,-0.292247772,31.47872162,UG2011L135
11310003,2012,0.218554243,32.53989792,UG2011L135
11310004,2012,0.350127429,32.66998672,UG2011L135
11310007,2012,0.261842281,32.55675507,UG2011L135
11330008,2012,0.505781412,32.32940292,UG2011L135
11330014,2012,0.160929516,32.55293274,UG2011L135
11330016,2012,0.326053888,32.51040649,UG2011L135
11330019,2011,0.347713411,32.68297958,UG2011L135
11330019,2012,0.347713411,32.68297958,UG2011L135
11330023,2011,0.255861133,32.60401917,UG2011L135
11330023,2012,0.255861133,32.60401917,UG2011L135
11330025,2012,0.239827171,32.54393005,UG2011L135
11330025,2012,0.48222363,32.56721115,UG2011L135
11030003,2012,-0.402727664,31.34989548,UG2011L135
10730004,2012,0.751306176,31.70298004,UG2011L135
10730004,2012,0.274723113,31.94265175,UG2011L135
10730027,2011,0.402623326,32.08105469,UG2011L135
10730031,2012,0.543995559,32.18981934,UG2011L135
10730031,2012,0.502339542,32.12890625,UG2011L135
10730031,2012,0.627311945,32.08670807,UG2011L135
10430011,2012,0.64454174,32.24568176,UG2011L135
10430011,2011,0.684433222,32.30142593,UG2011L135
10430011,2012,0.584685147,32.5620079,UG2011L135
10430013,2012,0.767357647,32.52581406,UG2011L135
20530009,2012,-0.370604664,31.7494545,UG2011L135
10710001,2011,0.671626806,31.26206398,UG2011L135
10710001,2011,0.686091244,31.2665863,UG2011L135
20330013,2012,0.35106656,32.66736603,UG2011L135
41330003,2011,0.14260529,30.49532509,UG2011L135
10430006,2012,0.624699712,32.55294037,UG2011L135
11030005,2012,-0.579034507,31.57389259,UG2011L135
41530009,2012,0.822011709,30.79213142,UG2011L135
10530012,2011,-0.378038645,31.72600937,UG2011L135
40230016,2011,0.543038309,30.56027412,UG2011L135
41130009,2011,0.165164173,30.49611664,UG2011L135
41130009,2012,0.459744096,31.59572983,UG2011L135
41330002,2011,0.389080584,30.48666191,UG2011L135
41330002,2012,0.389080584,30.48666191,UG2011L135
41330003,2012,0.14260529,30.49532509,UG2011L135
41330003,2012,0.189983159,30.54906273,UG2011L135
41530004,2012,0.419650048,31.03646278,UG2011L135
41530004,2011,0.419650048,31.03646278,UG2011L135
41530006,2012,0.591023624,30.47159004,UG2011L135
41530007,2011,0.72875762,30.64658928,UG2011L135
41530007,2012,0.72875762,30.64658928,UG2011L135
2010009,2011,0.103999451,33.7830925,UG2011L136
2010009,2009,0.103998996,33.7830925,UG2011L136
2010009,2010,0.103998996,33.7830925,UG2011L136
20130009,2012,0.103999451,33.7830925,UG2011L136
1020014,2010,0.23138611,32.59099197,UG2011L137
1020017,2011,0.273187041,32.62480927,UG2011L137
1080006,2010,0.316349566,33.16035843,UG2011L137
1080006,2011,0.316349566,33.16035843,UG2011L137
1100005,2011,-0.90362674,31.76547241,UG2011L137
1130002,2011,0.067728207,32.47159195,UG2011L137
1130008,2010,0.056090191,32.31092834,UG2011L137
1130008,2011,0.056090191,32.31092834,UG2011L137
2040009,2011,0.485487938,33.23855591,UG2011L137
2040009,2010,0.485487938,33.23855591,UG2011L137
4070007,2011,1.009102225,30.55777931,UG2011L137
4070007,2010,1.009102225,30.55777931,UG2011L137
1020011,2011,0.238679409,32.62082291,UG2011L137
1060005,2011,-0.011469642,32.09539795,UG2011L137
1080002,2011,0.28615281,32.6383667,UG2011L137
2050017,2011,0.72144115,33.06970978,UG2011L137
2100002,2011,0.070627108,32.47695541,UG2011L137
3020016,2010,1.867478251,32.79664993,UG2011L137
1020017,2010,0.273187011,32.62480927,UG2011L137
1080006,2009,0.316350013,33.16035843,UG2011L137
1080006,2010,0.316350013,33.16035843,UG2011L137
1130002,2009,0.067727998,32.47159195,UG2011L137
1130002,2010,0.067727998,32.47159195,UG2011L137
1130008,2009,0.056090001,32.31092834,UG2011L137
1130008,2010,0.056090001,32.31092834,UG2011L137
2040009,2010,0.485487998,33.23855591,UG2011L137
2040009,2009,0.485487998,33.23855591,UG2011L137
3020018,2009,1.677467942,32.37012863,UG2011L137
4070007,2010,1.009101987,30.55777931,UG2011L137
10130002,2012,-0.043573041,32.00530624,UG2011L137
10210011,2012,0.238679409,32.62082291,UG2011L137
10210014,2012,0.23138611,32.59099197,UG2011L137
10210017,2012,0.273187041,32.62480927,UG2011L137
10810002,2012,0.28615281,32.6383667,UG2011L137
10830006,2012,0.316349566,33.16035843,UG2011L137
11310002,2012,0.067728207,32.47159195,UG2011L137
11330008,2011,0.056090191,32.31092834,UG2011L137
20410002,2012,0.508613527,33.15309906,UG2011L137
20410009,2012,0.485487938,33.23855591,UG2011L137
20410009,2011,0.485487938,33.23855591,UG2011L137
20530017,2012,0.72144115,33.06970978,UG2011L137
10930004,2012,1.782572269,32.16679382,UG2011L137
30730011,2012,1.581440926,32.83866882,UG2011L137
30230016,2012,1.867478251,32.79664993,UG2011L137
40730007,2012,1.009102225,30.55777931,UG2011L137
40730007,2011,1.009102225,30.55777931,UG2011L137
1050019,2011,-0.522386312,31.35534286,UG2011L138
1060003,2010,0.112059839,31.76034546,UG2011L138
1060003,2011,0.112059839,31.76034546,UG2011L138
1060005,2010,0.270254284,31.64844894,UG2011L138
1060005,2010,0.335266024,31.64697456,UG2011L138
1060005,2011,0.270254284,31.64844894,UG2011L138
1070020,2010,0.487563968,31.8009243,UG2011L138
1090004,2011,1.582446575,32.18929291,UG2011L138
1090004,2011,1.514884591,32.10148239,UG2011L138
1090004,2011,1.609253883,32.19147491,UG2011L138
1100007,2011,-0.612109959,31.18363762,UG2011L138
1100007,2011,-0.51861161,31.19443703,UG2011L138
1100007,2011,-0.364492685,31.15954781,UG2011L138
1100007,2010,-0.51861161,31.19443703,UG2011L138
1100009,2010,-0.508830488,31.33328629,UG2011L138
1100009,2011,-0.508830488,31.33328629,UG2011L138
1110001,2010,0.145366743,31.23106003,UG2011L138
1110001,2011,0.145366743,31.23106003,UG2011L138
1110005,2011,-0.155980334,31.40001678,UG2011L138
1110005,2010,-0.15101856,31.43754959,UG2011L138
1110005,2011,-0.15101856,31.43754959,UG2011L138
1140003,2011,-0.107999116,31.12478256,UG2011L138
1140003,2010,-0.29533115,31.21878242,UG2011L138
1140003,2011,-0.29533115,31.21878242,UG2011L138
1150027,2011,0.480199248,31.7791748,UG2011L138
1160013,2011,1.159600258,32.00260925,UG2011L138
1160013,2011,1.050976276,32.46746826,UG2011L138
4180011,2011,-0.9256019,30.79415894,UG2011L138
4180020,2011,-0.757246435,30.80719948,UG2011L138
4190032,2011,-0.151138276,30.94885445,UG2011L138
4190035,2010,-0.278873801,30.89012718,UG2011L138
4190035,2011,-0.278873801,30.89012718,UG2011L138
1090004,2011,1.399869442,32.25649643,UG2011L138
1090004,2011,1.570533633,32.36244202,UG2011L138
1100007,2011,-0.670389473,31.16044044,UG2011L138
1110003,2011,-0.22932072,31.40103149,UG2011L138
1050019,2010,-0.522386014,31.35534286,UG2011L138
1050019,2009,-0.522386014,31.35534286,UG2011L138
1060003,2009,0.112060003,31.76034546,UG2011L138
1060003,2010,0.112060003,31.76034546,UG2011L138
1060005,2009,0.270253986,31.64845085,UG2011L138
1060005,2010,0.270253986,31.64845085,UG2011L138
1070020,2009,0.487563998,31.8009243,UG2011L138
1070020,2010,0.487563998,31.8009243,UG2011L138
1090004,2010,1.582447052,32.18929291,UG2011L138
1100007,2010,-0.518612027,31.19443703,UG2011L138
1100007,2009,-0.518612027,31.19443703,UG2011L138
1100009,2010,-0.508831024,31.33328629,UG2011L138
1100009,2009,-0.508831024,31.33328629,UG2011L138
1110001,2009,0.145366997,31.23105812,UG2011L138
1110001,2010,0.145366997,31.23105812,UG2011L138
1110005,2009,-0.151019007,31.43754959,UG2011L138
1110005,2010,-0.151019007,31.43754959,UG2011L138
1100003,2009,-0.295331001,31.21878242,UG2011L138
1100003,2010,-0.295331001,31.21878242,UG2011L138
1040013,2009,1.159600019,32.00260925,UG2011L138
1040013,2010,1.159600019,32.00260925,UG2011L138
4100011,2010,-0.925602019,30.79415894,UG2011L138
4100020,2009,-0.757246017,30.80719948,UG2011L138
4100020,2010,-0.757246017,30.80719948,UG2011L138
4100032,2010,-0.151137993,30.94885445,UG2011L138
4100035,2009,-0.27887401,30.89012718,UG2011L138
4100035,2010,-0.27887401,30.89012718,UG2011L138
10530019,2012,-0.522386312,31.35534286,UG2011L138
10630003,2012,0.112059839,31.76034546,UG2011L138
10630005,2012,0.270254284,31.64844894,UG2011L138
10630005,2011,0.270254284,31.64844894,UG2011L138
10630005,2012,0.216247678,31.57478333,UG2011L138
10630005,2011,0.335266024,31.64697456,UG2011L138
10730020,2011,0.487563968,31.8009243,UG2011L138
10730020,2012,0.487563968,31.8009243,UG2011L138
10730023,2012,0.575504065,31.81982231,UG2011L138
10930004,2012,1.582446575,32.18929291,UG2011L138
10930004,2012,1.514884591,32.10148239,UG2011L138
10930004,2012,1.609253883,32.19147491,UG2011L138
10930004,2012,1.399869442,32.25649643,UG2011L138
10930004,2012,1.570533633,32.36244202,UG2011L138
11030007,2012,-0.612109959,31.18363762,UG2011L138
11030007,2012,-0.51861161,31.19443703,UG2011L138
11030007,2012,-0.364492685,31.15954781,UG2011L138
11030007,2012,-0.670389473,31.16044044,UG2011L138
11030009,2012,-0.508830488,31.33328629,UG2011L138
11030009,2011,-0.508830488,31.33328629,UG2011L138
11130001,2011,0.145366743,31.23106003,UG2011L138
11130001,2012,0.145366743,31.23106003,UG2011L138
11130005,2012,-0.155980334,31.40001678,UG2011L138
11130005,2012,-0.15101856,31.43754959,UG2011L138
11030003,2012,-0.107999116,31.12478256,UG2011L138
11030003,2011,-0.29533115,31.21878242,UG2011L138
11030003,2012,-0.29533115,31.21878242,UG2011L138
10730027,2012,0.480199248,31.7791748,UG2011L138
10430013,2012,1.159600258,32.00260925,UG2011L138
10430013,2012,1.050976276,32.46746826,UG2011L138
41030035,2012,-0.278873801,30.89012718,UG2011L138
10530030,2011,0.240531415,31.77692795,UG2011L138
41030029,2012,-0.015238362,30.93727112,UG2011L138
41030011,2012,-0.9256019,30.79415894,UG2011L138
41030020,2012,-0.757246435,30.80719948,UG2011L138
41030032,2012,-0.151138276,30.94885445,UG2011L138
4020011,2011,-0.165047482,30.15287971,UG2011L139
1010002,2010,0.289080739,32.56064987,UG2011L140
1020001,2010,0.33318767,32.57065582,UG2011L140
1020001,2011,0.33318767,32.57065582,UG2011L140
1020002,2010,0.313044757,32.5691452,UG2011L140
1020003,2010,0.30309552,32.57334518,UG2011L140
1020004,2011,0.345752984,32.54629898,UG2011L140
1020005,2011,0.378049046,32.59412766,UG2011L140
1020006,2011,0.371428996,32.56505966,UG2011L140
1020007,2011,0.365140766,32.59701538,UG2011L140
1020007,2010,0.365140766,32.59701538,UG2011L140
1020008,2010,0.356909782,32.5883522,UG2011L140
1020008,2011,0.356909782,32.5883522,UG2011L140
1020009,2011,0.362534463,32.5747261,UG2011L140
1020010,2011,0.34599793,32.58322525,UG2011L140
1020011,2011,0.289272875,32.61597443,UG2011L140
1020012,2011,0.32207635,32.52580261,UG2011L140
1020012,2011,0.312796533,32.61147308,UG2011L140
1020013,2010,0.303221107,32.61974716,UG2011L140
1020014,2010,0.285813391,32.57873917,UG2011L140
1020014,2011,0.285813391,32.57873917,UG2011L140
1020015,2010,0.301654935,32.60054779,UG2011L140
1020016,2011,0.310160279,32.60177994,UG2011L140
1020018,2011,0.295154542,32.58539963,UG2011L140
1020019,2011,0.285392195,32.61766434,UG2011L140
1020019,2011,0.410726011,32.48871231,UG2011L140
1020019,2011,0.365630448,32.55547714,UG2011L140
1020020,2010,0.344782233,32.58753204,UG2011L140
1020020,2011,0.344782233,32.58753204,UG2011L140
1020021,2010,0.367720068,32.62395859,UG2011L140
1020022,2011,0.368404359,32.59025574,UG2011L140
1020023,2011,0.328184783,32.63406754,UG2011L140
1020024,2011,0.321927607,32.63808823,UG2011L140
1020025,2010,0.337204754,32.60858917,UG2011L140
1020026,2011,0.305940717,32.52914429,UG2011L140
1020026,2010,0.305940717,32.52914429,UG2011L140
1020027,2010,0.289859712,32.55303574,UG2011L140
1020028,2011,0.356767297,32.55710602,UG2011L140
1020029,2011,0.330750406,32.54214096,UG2011L140
1020030,2011,0.289791644,32.53538132,UG2011L140
1020031,2010,0.279319495,32.56605148,UG2011L140
1020032,2011,0.332452565,32.54236984,UG2011L140
1020033,2011,0.317143381,32.537323,UG2011L140
1020033,2010,0.317143381,32.537323,UG2011L140
1020034,2011,0.304609984,32.54377365,UG2011L140
1040002,2010,0.712144852,32.52943039,UG2011L140
1040002,2011,0.712144852,32.52943039,UG2011L140
1040008,2010,0.811501384,32.51591873,UG2011L140
1040008,2011,0.811501384,32.51591873,UG2011L140
1050001,2011,-0.343147129,31.72531319,UG2011L140
1050003,2011,-0.142147571,31.87967682,UG2011L140
1070001,2010,0.552687466,31.38202667,UG2011L140
1080003,2011,0.411417484,33.14136887,UG2011L140
1080020,2011,0.37261337,32.75637436,UG2011L140
1080023,2011,0.337927014,32.53672791,UG2011L140
1130006,2010,0.375993282,32.53587341,UG2011L140
1130006,2011,0.375993282,32.53587341,UG2011L140
1130012,2010,0.265680611,32.46275711,UG2011L140
1130021,2011,0.349634975,32.53723145,UG2011L140
2020001,2010,0.467748225,34.09169769,UG2011L140
2090003,2010,1.073453784,34.16503906,UG2011L140
2090006,2011,1.070755482,34.17219925,UG2011L140
2110003,2011,1.741085052,33.60196686,UG2011L140
2120003,2010,0.711117923,34.17363739,UG2011L140
2120003,2011,0.711117923,34.17363739,UG2011L140
3020003,2010,2.430733204,32.74663162,UG2011L140
3020003,2011,2.430733204,32.74663162,UG2011L140
3030002,2011,3.006839514,30.91363144,UG2011L140
3030002,2011,3.012506485,30.91336632,UG2011L140
3040002,2011,2.769515276,32.29513931,UG2011L140
3040002,2010,2.769515276,32.29513931,UG2011L140
3040004,2011,2.76196456,32.33206177,UG2011L140
3040007,2010,2.773241043,32.30215073,UG2011L140
3040007,2011,2.773241043,32.30215073,UG2011L140
3050001,2011,3.309157133,32.87386703,UG2011L140
3070002,2010,2.244183779,32.89699173,UG2011L140
3070002,2011,2.244183779,32.89699173,UG2011L140
3070005,2011,2.263628483,32.89837646,UG2011L140
3100004,2010,2.416977167,30.98645401,UG2011L140
3100004,2011,2.416977167,30.98645401,UG2011L140
3100012,2011,2.494488239,31.09230995,UG2011L140
3110001,2011,1.845589161,34.72315979,UG2011L140
3190005,2011,3.403117895,30.96143723,UG2011L140
4020002,2010,-0.556546569,30.13438797,UG2011L140
4020002,2011,-0.556546569,30.13438797,UG2011L140
4030002,2011,1.445642948,31.33476257,UG2011L140
4040003,2011,-1.241429687,29.96116638,UG2011L140
4050002,2010,0.640798748,30.30128288,UG2011L140
4050002,2011,0.640798748,30.30128288,UG2011L140
4050005,2011,0.626914322,30.27711868,UG2011L140
4060003,2010,0.177929357,30.07385254,UG2011L140
4060003,2011,0.177929357,30.07385254,UG2011L140
4070002,2011,0.940079212,30.81191826,UG2011L140
4090002,2010,1.694317102,31.71185493,UG2011L140
4090002,2011,1.694317102,31.71185493,UG2011L140
4100001,2011,-0.608761013,30.67222977,UG2011L140
4100001,2010,-0.608761013,30.67222977,UG2011L140
4100005,2011,-0.593402326,30.66187286,UG2011L140
4110002,2011,-0.8608073,30.26927567,UG2011L140
4120005,2011,1.916337013,33.96654892,UG2011L140
4140001,2010,-0.896750927,29.77832413,UG2011L140
4140001,2011,-0.896750927,29.77832413,UG2011L140
4140005,2010,-0.920323789,29.80122948,UG2011L140
4140005,2011,-0.920323789,29.80122948,UG2011L140
4150002,2011,0.599728763,30.64248276,UG2011L140
4170008,2011,-0.13256295,30.4788208,UG2011L140
4170008,2010,-0.13256295,30.4788208,UG2011L140
1020015,2011,0.326390743,32.55514526,UG2011L140
1040006,2011,0.347104102,32.53752899,UG2011L140
1040008,2011,0.350512117,32.62479782,UG2011L140
1050008,2011,-0.152902648,31.89172745,UG2011L140
1050008,2010,0.284322292,32.56222153,UG2011L140
1050026,2011,-0.301559329,31.75024986,UG2011L140
1050030,2011,-0.314625114,31.7481575,UG2011L140
1060003,2011,0.02992708,32.02458954,UG2011L140
1070016,2011,0.343906313,32.5416832,UG2011L140
1100007,2011,-0.417683214,31.14594841,UG2011L140
1100009,2011,0.285991013,32.53870392,UG2011L140
1130008,2011,0.297392398,32.51218414,UG2011L140
1150004,2011,0.320071608,32.55504608,UG2011L140
1150004,2011,0.389594316,32.57942581,UG2011L140
1150004,2011,0.369839281,32.56652832,UG2011L140
1160013,2011,0.369963735,32.55604553,UG2011L140
2080001,2011,0.355950326,32.61220169,UG2011L140
2080008,2010,2.256624937,32.92483521,UG2011L140
2120011,2011,0.288416594,32.57904816,UG2011L140
2150004,2011,0.326278806,32.58145523,UG2011L140
3020005,2011,2.256250143,32.8728981,UG2011L140
3020005,2011,2.275728226,32.90391541,UG2011L140
3030009,2011,0.325154215,32.62692261,UG2011L140
3040014,2011,2.77530694,32.28038788,UG2011L140
3070018,2011,0.327177674,32.54706955,UG2011L140
3090001,2011,2.778367996,32.30721664,UG2011L140
3090002,2011,3.668088675,31.71561813,UG2011L140
3100010,2011,2.504945755,31.09683609,UG2011L140
1020001,2010,0.333187997,32.57065582,UG2011L140
1020002,2009,0.313044995,32.5691452,UG2011L140
1020002,2010,0.313044995,32.5691452,UG2011L140
1020003,2009,0.303095996,32.57334518,UG2011L140
1020004,2009,0.345753014,32.54629517,UG2011L140
1020005,2010,0.378048986,32.59413147,UG2011L140
1020006,2010,0.371428996,32.56506348,UG2011L140
1020007,2010,0.365141004,32.59701538,UG2011L140
1020007,2009,0.365141004,32.59701538,UG2011L140
1020008,2009,0.35690999,32.5883522,UG2011L140
1020009,2010,0.362533987,32.5747261,UG2011L140
1020010,2010,0.345997989,32.58322525,UG2011L140
1020010,2009,0.345997989,32.58322525,UG2011L140
1020011,2010,0.289272994,32.61597443,UG2011L140
1020012,2010,0.31279701,32.61147308,UG2011L140
1020013,2010,0.303220987,32.61974716,UG2011L140
1020014,2009,0.285813004,32.57873917,UG2011L140
1020014,2010,0.285813004,32.57873917,UG2011L140
1020015,2009,0.301654994,32.60055161,UG2011L140
1020016,2009,0.310160011,32.60177994,UG2011L140
1020018,2010,0.295154989,32.58539963,UG2011L140
1020019,2009,0.285391986,32.61766434,UG2011L140
1020019,2010,0.285391986,32.61766434,UG2011L140
1020020,2009,0.344781995,32.58752823,UG2011L140
1020020,2010,0.344781995,32.58752823,UG2011L140
1020021,2009,0.367720008,32.62395859,UG2011L140
1020022,2010,0.368404001,32.59025574,UG2011L140
1020022,2009,0.368404001,32.59025574,UG2011L140
1020023,2010,0.328184992,32.63406754,UG2011L140
1020024,2010,0.321927994,32.63808823,UG2011L140
1020025,2010,0.337204993,32.60858917,UG2011L140
1020025,2009,0.337204993,32.60858917,UG2011L140
1020026,2009,0.305940986,32.52914429,UG2011L140
1020026,2010,0.305940986,32.52914429,UG2011L140
1020027,2010,0.28986001,32.55303574,UG2011L140
1020027,2009,0.28986001,32.55303574,UG2011L140
1020028,2009,0.356766999,32.55710602,UG2011L140
1020028,2010,0.356766999,32.55710602,UG2011L140
1020029,2010,0.330749989,32.54213715,UG2011L140
1020030,2010,0.289792001,32.53538132,UG2011L140
1020031,2009,0.279320002,32.56605148,UG2011L140
1020032,2009,0.332453012,32.54236984,UG2011L140
1020033,2010,0.317142993,32.537323,UG2011L140
1020033,2009,0.317142993,32.537323,UG2011L140
1020034,2009,0.304610014,32.54377365,UG2011L140
1040002,2009,0.712144971,32.52943039,UG2011L140
1040002,2010,0.712144971,32.52943039,UG2011L140
1040008,2009,0.811501026,32.51591873,UG2011L140
1040008,2010,0.811501026,32.51591873,UG2011L140
1050001,2010,-0.34314701,31.72531319,UG2011L140
1050003,2009,-0.142148003,31.87967682,UG2011L140
1050003,2010,-0.142148003,31.87967682,UG2011L140
1070001,2009,0.552686989,31.38202667,UG2011L140
1070001,2010,0.552686989,31.38202667,UG2011L140
1080003,2010,0.411417007,33.14136887,UG2011L140
1130006,2009,0.375993013,32.53587341,UG2011L140
1130006,2010,0.375993013,32.53587341,UG2011L140
1130012,2010,0.265680999,32.4627533,UG2011L140
1130012,2009,0.265680999,32.4627533,UG2011L140
1130021,2009,0.349635005,32.53723145,UG2011L140
1130021,2010,0.349635005,32.53723145,UG2011L140
2020001,2009,0.467747986,34.09169769,UG2011L140
2090006,2009,1.070755005,34.17219925,UG2011L140
2090006,2010,1.070755005,34.17219925,UG2011L140
2110003,2010,1.741085052,33.60196686,UG2011L140
2120003,2009,0.711117983,34.17363739,UG2011L140
3020003,2009,2.430732965,32.74663162,UG2011L140
3020003,2010,2.430732965,32.74663162,UG2011L140
3030002,2010,3.006839037,30.91363144,UG2011L140
3040002,2010,2.769515038,32.29513931,UG2011L140
3040002,2009,2.769515038,32.29513931,UG2011L140
3040004,2010,2.761965036,32.33206177,UG2011L140
3050001,2010,3.309156895,32.87386703,UG2011L140
3070002,2010,2.244184017,32.89699173,UG2011L140
3070002,2009,2.244184017,32.89699173,UG2011L140
3070005,2010,2.263628006,32.89837646,UG2011L140
3070005,2009,2.263628006,32.89837646,UG2011L140
3100004,2009,2.416976929,30.98645401,UG2011L140
3100004,2010,2.416976929,30.98645401,UG2011L140
3100012,2010,2.494488001,31.09230995,UG2011L140
3110001,2010,1.845589042,34.72315979,UG2011L140
3030005,2009,3.403117895,30.96143723,UG2011L140
3030005,2010,3.403117895,30.96143723,UG2011L140
4020002,2009,-0.556546986,30.13438988,UG2011L140
4020002,2010,-0.556546986,30.13438988,UG2011L140
4030002,2010,1.445642948,31.33476257,UG2011L140
4040003,2009,-1.241430044,29.96116638,UG2011L140
4040003,2010,-1.241430044,29.96116638,UG2011L140
4050002,2009,0.640798986,30.30128288,UG2011L140
4050002,2010,0.640798986,30.30128288,UG2011L140
4050005,2010,0.626914024,30.27711868,UG2011L140
4060003,2009,0.177928999,30.07385254,UG2011L140
4060003,2010,0.177928999,30.07385254,UG2011L140
4070002,2010,0.940078974,30.81191826,UG2011L140
4090002,2009,1.694316983,31.71185493,UG2011L140
4090002,2010,1.694316983,31.71185493,UG2011L140
4100001,2009,-0.608761013,30.67222977,UG2011L140
4100005,2009,-0.593402028,30.66187286,UG2011L140
4110002,2010,-0.860807002,30.26927567,UG2011L140
4140001,2009,-0.896750987,29.77832413,UG2011L140
4140001,2010,-0.896750987,29.77832413,UG2011L140
4140005,2009,-0.920324028,29.80122948,UG2011L140
4140005,2010,-0.920324028,29.80122948,UG2011L140
4150002,2010,0.599729002,30.64248276,UG2011L140
4100008,2010,-0.132562995,30.4788208,UG2011L140
4100008,2009,-0.132562995,30.4788208,UG2011L140
10130002,2012,0.289080739,32.56064987,UG2011L140
10210001,2012,0.33318767,32.57065582,UG2011L140
10210002,2011,0.313044757,32.5691452,UG2011L140
10210002,2012,0.313044757,32.5691452,UG2011L140
10210003,2012,0.30309552,32.57334518,UG2011L140
10210004,2012,0.345752984,32.54629898,UG2011L140
10210005,2012,0.378049046,32.59412766,UG2011L140
10210006,2012,0.371428996,32.56505966,UG2011L140
10210007,2012,0.365140766,32.59701538,UG2011L140
10210008,2012,0.356909782,32.5883522,UG2011L140
10210008,2011,0.356909782,32.5883522,UG2011L140
10210009,2011,0.362534463,32.5747261,UG2011L140
10210010,2012,0.34599793,32.58322525,UG2011L140
10210011,2012,0.289272875,32.61597443,UG2011L140
10210012,2012,0.312796533,32.61147308,UG2011L140
10210013,2011,0.303221107,32.61974716,UG2011L140
10210013,2012,0.303221107,32.61974716,UG2011L140
10210014,2011,0.285813391,32.57873917,UG2011L140
10210014,2012,0.285813391,32.57873917,UG2011L140
10210014,2012,0.390592843,32.52159119,UG2011L140
10210015,2012,0.301654935,32.60054779,UG2011L140
10210015,2012,0.326390743,32.55514526,UG2011L140
10210018,2012,0.295154542,32.58539963,UG2011L140
10210019,2012,0.285392195,32.61766434,UG2011L140
10210019,2012,0.410726011,32.48871231,UG2011L140
10210019,2011,0.365630448,32.55547714,UG2011L140
10210019,2011,0.285392195,32.61766434,UG2011L140
10210020,2012,0.344782233,32.58753204,UG2011L140
10210021,2012,0.367720068,32.62395859,UG2011L140
10210022,2012,0.368404359,32.59025574,UG2011L140
10210023,2012,0.328184783,32.63406754,UG2011L140
10210024,2012,0.321927607,32.63808823,UG2011L140
10210025,2011,0.337204754,32.60858917,UG2011L140
10210026,2012,0.305940717,32.52914429,UG2011L140
10210026,2011,0.305940717,32.52914429,UG2011L140
10210027,2012,0.289859712,32.55303574,UG2011L140
10210028,2012,0.356767297,32.55710602,UG2011L140
10210029,2012,0.330750406,32.54214096,UG2011L140
10210031,2011,0.279319495,32.56605148,UG2011L140
10210031,2012,0.279319495,32.56605148,UG2011L140
10210032,2011,0.332452565,32.54236984,UG2011L140
10210034,2012,0.304609984,32.54377365,UG2011L140
10410002,2012,0.712144852,32.52943039,UG2011L140
10410002,2012,0.586552024,32.52522278,UG2011L140
10430006,2012,0.347104102,32.53752899,UG2011L140
10430008,2012,0.811501384,32.51591873,UG2011L140
10430008,2012,0.350512117,32.62479782,UG2011L140
10510001,2012,-0.343147129,31.72531319,UG2011L140
10510003,2012,-0.142147571,31.87967682,UG2011L140
10530004,2012,0.339910418,32.55856705,UG2011L140
10530026,2012,-0.301559329,31.75024986,UG2011L140
10530030,2012,-0.314625114,31.7481575,UG2011L140
10630003,2012,0.02992708,32.02458954,UG2011L140
10710001,2011,0.552687466,31.38202667,UG2011L140
10710001,2012,0.552687466,31.38202667,UG2011L140
10810003,2012,0.411417484,33.14136887,UG2011L140
10830020,2012,0.37261337,32.75637436,UG2011L140
10830023,2012,0.337927014,32.53672791,UG2011L140
11010001,2012,0.37218821,32.56846237,UG2011L140
11030009,2012,0.285991013,32.53870392,UG2011L140
11310006,2012,0.375993282,32.53587341,UG2011L140
11330008,2012,0.297392398,32.51218414,UG2011L140
11330012,2012,0.265680611,32.46275711,UG2011L140
11330021,2012,0.349634975,32.53723145,UG2011L140
10730004,2012,0.320071608,32.55504608,UG2011L140
10730004,2012,0.389594316,32.57942581,UG2011L140
10730004,2012,0.369839281,32.56652832,UG2011L140
10430013,2012,0.369963735,32.55604553,UG2011L140
20210001,2012,0.467748225,34.09169769,UG2011L140
20410002,2011,0.653539956,30.27563477,UG2011L140
20810001,2012,0.702604353,34.19309998,UG2011L140
20810001,2012,0.355950326,32.61220169,UG2011L140
20830008,2012,2.256624937,32.92483521,UG2011L140
20910003,2012,1.073453784,34.16503906,UG2011L140
20910003,2011,1.073453784,34.16503906,UG2011L140
20910006,2012,1.070755482,34.17219925,UG2011L140
21110003,2012,1.741085052,33.60196686,UG2011L140
21210003,2012,0.711117923,34.17363739,UG2011L140
21230011,2012,0.288416594,32.57904816,UG2011L140
21430002,2012,0.380855352,32.51646042,UG2011L140
21530004,2012,0.326278806,32.58145523,UG2011L140
21110003,2012,0.329069078,32.6401329,UG2011L140
30230010,2012,0.325885892,32.54440689,UG2011L140
30310002,2012,0.290199131,32.57590866,UG2011L140
30410004,2012,2.76196456,32.33206177,UG2011L140
40230030,2012,-0.588487983,30.68992805,UG2011L140
40310002,2012,1.445642948,31.33476257,UG2011L140
41030017,2012,0.306301504,32.59401703,UG2011L140
41030020,2012,0.6516096,30.64661789,UG2011L140
21230011,2012,0.3293657,32.56476974,UG2011L140
30230003,2011,2.430733204,32.74663162,UG2011L140
30230003,2012,2.430733204,32.74663162,UG2011L140
30230005,2012,2.256250143,32.8728981,UG2011L140
30230005,2012,2.275728226,32.90391541,UG2011L140
30230005,2012,0.351295322,32.63072205,UG2011L140
30310002,2012,3.006839514,30.91363144,UG2011L140
30710005,2012,2.263628483,32.89837646,UG2011L140
30730012,2012,0.317999452,32.54239273,UG2011L140
31110001,2012,1.845589161,34.72315979,UG2011L140
30330021,2011,0.329715937,32.57793808,UG2011L140
30410002,2012,2.769515276,32.29513931,UG2011L140
30410002,2011,2.769515276,32.29513931,UG2011L140
30410007,2011,2.773241043,32.30215073,UG2011L140
30410007,2012,2.773241043,32.30215073,UG2011L140
30430014,2012,2.77530694,32.28038788,UG2011L140
30510001,2012,3.309157133,32.87386703,UG2011L140
30710002,2011,2.244183779,32.89699173,UG2011L140
30710002,2012,2.244183779,32.89699173,UG2011L140
30730018,2012,0.327177674,32.54706955,UG2011L140
30730025,2012,2.237484455,32.91079712,UG2011L140
30930001,2012,2.778367996,32.30721664,UG2011L140
30930002,2012,3.668088675,31.71561813,UG2011L140
31010001,2012,0.366757989,32.59238052,UG2011L140
31010004,2012,2.416977167,30.98645401,UG2011L140
31030012,2012,2.494488239,31.09230995,UG2011L140
10330003,2012,0.347739249,32.57213593,UG2011L140
10530030,2011,-0.120474294,31.87996864,UG2011L140
30310005,2012,3.403117895,30.96143723,UG2011L140
21030006,2011,0.336948544,32.58956146,UG2011L140
40210002,2012,-0.556546569,30.13438797,UG2011L140
40410003,2012,-1.241429687,29.96116638,UG2011L140
40410003,2012,-0.600328565,30.66594124,UG2011L140
40510002,2011,0.640798748,30.30128288,UG2011L140
40510002,2012,0.640798748,30.30128288,UG2011L140
40510005,2012,0.626914322,30.27711868,UG2011L140
40610003,2011,0.177929357,30.07385254,UG2011L140
40610003,2012,0.177929357,30.07385254,UG2011L140
40710002,2012,0.940079212,30.81191826,UG2011L140
40910002,2012,1.694317102,31.71185493,UG2011L140
41010001,2012,-0.608761013,30.67222977,UG2011L140
41010001,2011,-0.608761013,30.67222977,UG2011L140
41010005,2012,-0.593402326,30.66187286,UG2011L140
41110002,2012,-0.8608073,30.26927567,UG2011L140
41410001,2012,-0.896750927,29.77832413,UG2011L140
41430005,2012,-0.920323789,29.80122948,UG2011L140
41510002,2012,0.599728763,30.64248276,UG2011L140
41010008,2012,-0.13256295,30.4788208,UG2011L140
1010002,2011,-0.530627489,32.32749176,UG2011L141
1020025,2010,0.417212635,33.21524429,UG2011L141
1080016,2011,0.112189785,33.47796249,UG2011L141
1080016,2010,0.112189785,33.47796249,UG2011L141
1130010,2011,0.039343759,32.5403862,UG2011L141
2040002,2010,0.422720522,33.20249939,UG2011L141
2040002,2011,0.422720522,33.20249939,UG2011L141
2040006,2011,0.432436556,33.24067688,UG2011L141
3150016,2011,1.795212626,32.89922714,UG2011L141
1010002,2009,-0.530628026,32.32749176,UG2011L141
1080016,2010,0.112190001,33.47796249,UG2011L141
1080016,2009,0.112190001,33.47796249,UG2011L141
1130010,2010,0.039344002,32.5403862,UG2011L141
2040002,2009,0.422720999,33.20249939,UG2011L141
2040002,2010,0.422720999,33.20249939,UG2011L141
2040006,2010,0.432437003,33.24067688,UG2011L141
3070016,2010,1.795212984,32.89922714,UG2011L141
10130002,2012,-0.530627489,32.32749176,UG2011L141
10210025,2012,0.417212635,33.21524429,UG2011L141
10830016,2012,0.112189785,33.47796249,UG2011L141
10830016,2011,0.112189785,33.47796249,UG2011L141
11330010,2012,0.039343759,32.5403862,UG2011L141
20410002,2012,0.422720522,33.20249939,UG2011L141
20410006,2012,0.432436556,33.24067688,UG2011L141
30730016,2012,1.795212626,32.89922714,UG2011L141
1100001,2011,-0.999311328,31.41859818,UG2011L135
2230018,2011,0.64455229,34.26824951,UG2011L129
