<?xml version="1.0" encoding="UTF-8"?>
<metadata xml:lang="en"><Esri><CreaDate>20160627</CreaDate><CreaTime>13264100</CreaTime><ArcGISFormat>1.0</ArcGISFormat><SyncOnce>TRUE</SyncOnce><DataProperties><itemProps><itemLocation><linkage Sync="TRUE">file://\\apollo.fewsnet.local\Mapfiles\Verified Shapefiles\UG\LHZ1_Template</linkage><protocol Sync="TRUE">Local Area Network</protocol></itemLocation></itemProps><copyHistory><copy source="M:\Verified Shapefiles\LHZ1_Template" dest="\\apollo.fewsnet.local\Mapfiles\Verified Shapefiles\UG\LHZ1_Template" date="20160627" time="13264100"></copy></copyHistory><lineage><Process ToolSource="c:\program files (x86)\arcgis\desktop10.4\ArcToolbox\Toolboxes\Data Management Tools.tbx\CalculateField" Date="20160627" Time="132947">CalculateField UG_LHZ_2011 EFF_YEAR 2011 VB #</Process></lineage></DataProperties></Esri></metadata>
