<?xml version="1.0" encoding="UTF-8"?>
<metadata xml:lang="en"><Esri><CreaDate>20160706</CreaDate><CreaTime>15443600</CreaTime><ArcGISFormat>1.0</ArcGISFormat><SyncOnce>TRUE</SyncOnce><DataProperties><itemProps><itemLocation><linkage Sync="TRUE">file://\\apollo.fewsnet.local\Mapfiles\Verified Shapefiles\TZ\LHZ1_Template</linkage><protocol Sync="TRUE">Local Area Network</protocol></itemLocation></itemProps><copyHistory><copy source="M:\Verified Shapefiles\LHZ1_Template" dest="\\apollo.fewsnet.local\Mapfiles\Verified Shapefiles\TZ\LHZ1_Template" date="20160706" time="15443600"></copy></copyHistory><lineage><Process ToolSource="c:\program files (x86)\arcgis\desktop10.4\ArcToolbox\Toolboxes\Data Management Tools.tbx\CalculateField" Date="20160706" Time="154615">CalculateField TZ_LHZ_2009 FNID FNID(!LZNUM!,!COUNTRY!,!EFF_YEAR!) PYTHON_9.3 "def FNID(LZNUM,COUNTRY,EFF_YEAR):\n	if LZNUM&lt;10:\n		return(COUNTRY+str(EFF_YEAR)+"L10"+str(LZNUM))\n	else:\n		return(COUNTRY+str(EFF_YEAR)+"L1"+str(LZNUM))"</Process></lineage></DataProperties></Esri></metadata>
