"FNID","X.x","weights","X.y","X2006.01.01","X2006.02.01","X2006.03.01","X2006.04.01","X2006.05.01","X2006.06.01","X2006.07.01","X2006.08.01","X2006.09.01","X2006.10.01","X2006.11.01","X2006.12.01","X2007.01.01","X2007.02.01","X2007.03.01","X2007.04.01","X2007.05.01","X2007.06.01","X2007.07.01","X2007.08.01","X2007.09.01","X2007.10.01","X2007.11.01","X2007.12.01","X2008.01.01","X2008.02.01","X2008.03.01","X2008.04.01","X2008.05.01","X2008.06.01","X2008.07.01","X2008.08.01","X2008.09.01","X2008.10.01","X2008.11.01","X2008.12.01","X2009.01.01","X2009.02.01","X2009.03.01","X2009.04.01","X2009.05.01","X2009.06.01","X2009.07.01","X2009.08.01","X2009.09.01","X2009.10.01","X2009.11.01","X2009.12.01","X2010.01.01","X2010.02.01","X2010.03.01","X2010.04.01","X2010.05.01","X2010.06.01","X2010.07.01","X2010.08.01","X2010.09.01","X2010.10.01","X2010.11.01","X2010.12.01","X2011.01.01","X2011.02.01","X2011.03.01","X2011.04.01","X2011.05.01","X2011.06.01","X2011.07.01","X2011.08.01","X2011.09.01","X2011.10.01","X2011.11.01","X2011.12.01","X2012.01.01","X2012.02.01","X2012.03.01","X2012.04.01","X2012.05.01","X2012.06.01","X2012.07.01","X2012.08.01","X2012.09.01","X2012.10.01","X2012.11.01","X2012.12.01","X2013.01.01","X2013.02.01","X2013.03.01","X2013.04.01","X2013.05.01","X2013.06.01","X2013.07.01","X2013.08.01","X2013.09.01","X2013.10.01","X2013.11.01","X2013.12.01","X2014.01.01","X2014.02.01","X2014.03.01","X2014.04.01","X2014.05.01","X2014.06.01","X2014.07.01","X2014.08.01","X2014.09.01","X2014.11.01","X2014.12.01","X2015.01.01","X2015.02.01","X2015.03.01","X2015.04.01","X2015.05.01","X2015.06.01","X2015.07.01","X2015.08.01","X2015.09.01","X2015.10.01","X2015.11.01","X2015.12.01","X2016.01.01","X2016.02.01","X2016.03.01","X2016.04.01","X2016.05.01","X2016.06.01","X2016.07.01","X2016.08.01","X2016.09.01","X2016.10.01","X2016.11.01","X2016.12.01"
"TZ2009L101",21,0.291520163385882,10.1974305280847,0,0,0,0.461827861706517,0.461827861706517,0.461827861706517,0.461827861706517,0.461827861706517,0.461827861706517,0.516787996709443,0.516787996709443,0.516787996709443,0,0,0,0,0,0,0,0,0,0,0,0,0,0,0,0,0,0,0,0,0.20106854279274,0.20106854279274,0,0,0,0,0,0,0,0,0.924985100265323,0.924985100265323,1,1,1,1,1,1,1,1,1,1,1,1,1,1,1,1,0,0,0,0.461827861706517,0.461827861706517,0.461827861706517,0,0.662896404499257,0,0,0.20106854279274,1,0,0,0.20106854279274,0,0,0,0,0,0,0,0,0,0,0,0,0,0,0,0,0,0,0,0,0,0,0,0,0,0,0,0,0,0,0,0,0,0,0,0,0,0,0,0,0,0,0,0,0,0,0,0,0,0,0,0,0,0,0,0
"TZ2009L102",15,0.720842960384234,18.4906754915172,0,0,0,0.167702723164759,0.167702723164759,0.167702723164759,0.167702723164759,0.167702723164759,0.167702723164759,0.167702723164759,0.167702723164759,0.167702723164759,0,0,0,0,0,0,0,0,0,0,0,0,0,0,0,0,0,0,0,0,0.832297276835241,0.832297276835241,0,0,0,0,0,0,0,0,1,1,1,1,1,1,1,1,1,1,1,1,1,1,1,1,1,1,0,0,0,0.167702723164759,0.167702723164759,0.167702723164759,0,1,0,0,0.832297276835241,1,0,0,0.832297276835241,0,0,0,0,0,0,0,0,0,0,0,0,0,0,0,0,0,0,0,0,0,0,0,0,0,0,0,0,0,0,0,0,0,0,0,0,0,0,0,0,0,0,0,0,0,0,0,0,0,0,0,0,0,0,0,0
"TZ2009L103",19,0.91636275673904,19.6064207831068,0,0,0,0.0437310240992491,0.0437310240992491,0.0437310240992491,0.0437310240992491,0.0437310240992491,0.0437310240992491,0.0437310240992491,0.0437310240992491,0.0437310240992491,0,0,0,0,0,0,0,0,0,0,0,0,0,0,0,0,0,0,0,0,0.956268975900751,0.956268975900751,0,0,0,0,0,0,0,0,1,1,1,1,1,1,1,1,1,1,1,1,1,1,1,1,1,1,0,0,0,0.0437310240992491,0.0437310240992491,0.0437310240992491,0,1,0,0,0.956268975900751,1,0,0,0.956268975900751,0,0,0,0,0,0,0,0,0,0,0,0,0,0,0,0,0,0,0,0,0,0,0,0,0,0,0,0,0,0,0,0,0,0,0,0,0,0,0,0,0,0,0,0,0,0,0,0,0,0,0,0,0,0,0,0
"TZ2009L104",36,0.613009965675296,17.374305005921,0,0,0,0,0,0,0,0,0,0,0,0,0,0,0,0,0,0,0,0,0,0,0,0,0,0,0,0,0,0,0,0,0.744286291973874,0.744286291973874,0,0,0,0,0,0,0,0,0.999999999999999,0.999999999999999,0.999999999999999,0.999999999999999,0.999999999999999,0.999999999999999,0.999999999999999,0.999999999999999,0.999999999999999,0.999999999999999,0.999999999999999,0.999999999999999,0.999999999999999,0.999999999999999,0.999999999999999,0.999999999999999,0.999999999999999,0.999999999999999,0,0,0,0,0,0,0,0.740001422360268,0,0,0.740001422360268,0.999999999999999,0,0,0.740001422360268,0,0,0,0,0,0,0,0,0,0,0,0,0,0,0,0,0,0,0,0,0,0,0,0,0,0,0,0,0,0,0,0,0,0,0,0,0,0,0,0,0,0,0,0,0,0,0,0,0,0,0,0,0,0,0,0
"TZ2009L105",29,0.944234848385319,19.7416401732827,0,0,0,0.0287066474130367,0.0287066474130367,0.0287066474130367,0.0287066474130367,0.0287066474130367,0.0287066474130367,0.0287066474130367,0.0287066474130367,0.0287066474130367,0,0,0,0,0,0,0,0,0,0,0,0,0,0,0,0,0,0,0,0,0.971293352586963,0.971293352586963,0,0,0,0,0,0,0,0,1,1,1,1,1,1,1,1,1,1,1,1,1,1,1,1,1,1,0,0,0,0.0287066474130367,0.0287066474130367,0.0287066474130367,0,1,0,0,0.971293352586963,1,0,0,0.971293352586963,0,0,0,0,0,0,0,0,0,0,0,0,0,0,0,0,0,0,0,0,0,0,0,0,0,0,0,0,0,0,0,0,0,0,0,0,0,0,0,0,0,0,0,0,0,0,0,0,0,0,0,0,0,0,0,0
"TZ2009L106",33,0.937493928115008,19.7093353499879,0,0,0,0.032296072223566,0.032296072223566,0.032296072223566,0.032296072223566,0.032296072223566,0.032296072223566,0.032296072223566,0.032296072223566,0.032296072223566,0,0,0,0,0,0,0,0,0,0,0,0,0,0,0,0,0,0,0,0,0.967703927776434,0.967703927776434,0,0,0,0,0,0,0,0,1,1,1,1,1,1,1,1,1,1,1,1,1,1,1,1,1,1,0,0,0,0.032296072223566,0.032296072223566,0.032296072223566,0,1,0,0,0.967703927776434,1,0,0,0.967703927776434,0,0,0,0,0,0,0,0,0,0,0,0,0,0,0,0,0,0,0,0,0,0,0,0,0,0,0,0,0,0,0,0,0,0,0,0,0,0,0,0,0,0,0,0,0,0,0,0,0,0,0,0,0,0,0,0
"TZ2009L107",37,0.886767496837919,19.0360670544882,0,0,0,0,0,0,0,0,0,0,0,0,0,0,0,0,0,0,0,0,0,0,0,0,0,0,0,0,0,0,0,0,1,1,0,0,0,0,0,0,0,0,1,1,1,1,1,1,1,1,1,1,1,1,1,1,1,1,1,1,0,0,0,0,0,0,0,0.93975419090551,0,0,0.93975419090551,1,0,0,0.93975419090551,0,0,0,0,0,0,0,0,0,0,0,0,0,0,0,0,0,0,0,0,0,0,0,0,0,0,0,0,0,0,0,0,0,0,0,0,0,0,0,0,0,0,0,0,0,0,0,0,0,0,0,0,0,0,0,0
"TZ2009L108",41,0.764611351733069,9.18243083079287,0,0,0,0,0,0,0,0,0,0,0,0,0,0,0,0,0,0,0,0,0,0,0,0,0,0,0,0,0,0,0,0,0.136261528201189,0.136261528201189,0,0,0,0,0,0,0,0,1,1,1,1,1,1,1,1,1,1,1,1,1,1,1,1,1,1,0,0,0,0,0,0,0,0,0,0,0,1,0,0,0,0,0,0,0,0,0,0,0,0,0,0,0,0,0,0,0,0,0,0,0,0,0,0,0,0,0,0,0,0,0,0,0,0,0,0,0,0,0,0,0,0,0,0,0,0,0,0,0,0,0,0,0,0,0,0,0
"TZ2009L109",45,0.835704062050555,2.08363015349333,0,0,0,0,0,0,0,0,0,0,0,0,0,0,0,0,0,0,0,0,0,0,0,0,0,0,0,0,0,0,0,0,0.0903025127911105,0.0903025127911105,0.0903025127911105,0,0,0,0,0,0,0,0.0903025127911105,0.0903025127911105,0.999999999999999,0.999999999999999,0.999999999999999,0.999999999999999,0.999999999999999,0.999999999999999,0.999999999999999,0.999999999999999,0.999999999999999,0.999999999999999,0.999999999999999,0.999999999999999,0.999999999999999,0.999999999999999,0.999999999999999,0.999999999999999,0,0,0,0,0,0,0,0,0,0,0,0.999999999999999,0,0,0,0,0,0,0,0,0,0,0.0903025127911105,0.0903025127911105,0,0,0,0,0,0,0,0,0,0,0,0,0,0,0,0,0,0,0,0,0,0,0,0,0,0,0,0,0,0,0,0,0,0.0903025127911105,0.0903025127911105,0.0903025127911105,0,0,0,0,0,0,0,0,0,0,0
"TZ2009L110",24,1,11,0,0,0,1,1,1,1,1,1,1,1,1,0,0,0,0,0,0,0,0,0,0,0,0,0,0,0,0,0,0,0,0,0,0,0,0,0,0,0,0,0,0,1,1,1,1,1,1,1,1,1,1,1,1,1,1,1,1,1,1,0,0,0,1,1,1,0,1,0,0,0,1,0,0,0,0,0,0,0,0,0,0,0,0,0,0,0,0,0,0,0,0,0,0,0,0,0,0,0,0,0,0,0,0,0,0,0,0,0,0,0,0,0,0,0,0,0,0,0,0,0,0,0,0,0,0,0,0,0,0,0
"TZ2009L111",51,0.50210961289451,5.67522216096924,0,0,0,0.467522216096924,0.467522216096924,0.467522216096924,0.467522216096924,0.467522216096924,0.467522216096924,0.467522216096924,0.467522216096924,0.467522216096924,0,0,0,0,0,0,0,0,0,0,0,0,0,0,0,0,0,0,0,0,0,0,0,0,0,0,0,0,0,0,0.467522216096924,0.467522216096924,1,1,1,1,1,1,1,1,1,1,1,1,1,1,1,1,0,0,0,0.467522216096924,0.467522216096924,0.467522216096924,0,0.467522216096924,0,0,0,1,0,0,0,0,0,0,0,0,0,0,0,0,0,0,0,0,0,0,0,0,0,0,0,0,0,0,0,0,0,0,0,0,0,0,0,0,0,0,0,0,0,0,0,0,0,0,0,0,0,0,0,0,0,0,0,0,0,0,0
"TZ2009L112",55,0.563362357176081,1.32200792549093,0,0,0,0,0,0,0,0,0,0,0,0,0,0,0,0,0,0,0,0,0,0,0,0,0,0,0,0,0,0,0,0,0,0,0,0,0,0,0,0,0,0,0.322007925490935,0.322007925490935,1,1,1,1,1,1,1,1,1,1,1,1,1,1,1,1,0,0,0,0,0,0,0,0,0,0,0,1,0,0,0,0,0,0,0,0,0,0,0,0,0,0,0,0,0,0,0,0,0,0,0,0,0,0,0,0,0,0,0,0,0,0,0,0,0,0,0,0,0,0,0,0,0,0,0,0,0,0,0,0,0,0,0,0,0,0,0
"TZ2009L113",90,0.507978336280207,6.70146326275322,0,0,0,0.5699355995746,0.5699355995746,0.5699355995746,0.5699355995746,0.5699355995746,0.5699355995746,0.5699355995746,0.5699355995746,0.5699355995746,0,0,0,0,0,0,0,0,0,0,0,0,0,0,0,0,0,0,0,0,0,0,0,0,0,0,0,0,0,0,0.572042866581817,0.572042866581817,1,1,1,1,1,1,1,1,1,1,1,1,1,1,1,1,0,0,0,0.5699355995746,0.5699355995746,0.5699355995746,0,0.5699355995746,0,0,0,1,0,0,0,0,0,0,0,0,0,0,0,0,0,0,0,0,0,0,0,0,0,0,0,0,0,0,0,0,0,0,0,0,0,0,0,0,0,0,0,0,0,0,0,0,0,0,0,0,0,0,0,0,0,0,0,0,0,0,0
"TZ2009L114",170,0.410907449867113,3.79666073936651,0,0,0,0.00857280715887581,0.00857280715887581,0.00857280715887581,0.00857280715887581,0.00857280715887581,0.00857280715887581,0.00857280715887581,0.00857280715887581,0.00857280715887581,0,0,0,0,0,0,0,0,0,0,0,0,0,0,0,0,0,0,0,0,0.0655973890750169,0.0655973890750169,0.0655973890750169,0,0,0,0,0,0,0,0.415508130494353,0.415508130494353,1,1,1,1,1,1,1,1,1,1,1,1,1,1,1,1,0,0,0,0.00857280715887581,0.00857280715887581,0.00857280715887581,0,0.00857280715887581,0,0,0,1,0,0,0,0,0,0,0,0,0,0,0.0655973890750169,0.0655973890750169,0,0,0,0,0,0,0,0,0,0,0,0,0,0,0,0,0,0,0,0,0,0,0,0,0,0,0,0,0,0,0,0,0,0.0655973890750169,0.0655973890750169,0.0655973890750169,0,0,0,0,0,0,0,0,0,0,0
"TZ2009L115",37,1,2,0,0,0,0,0,0,0,0,0,0,0,0,0,0,0,0,0,0,0,0,0,0,0,0,0,0,0,0,0,0,0,0,0,0,0,0,0,0,0,0,0,0,1,1,1,1,1,1,1,1,1,1,1,1,1,1,1,1,1,1,0,0,0,0,0,0,0,0,0,0,0,1,0,0,0,0,0,0,0,0,0,0,0,0,0,0,0,0,0,0,0,0,0,0,0,0,0,0,0,0,0,0,0,0,0,0,0,0,0,0,0,0,0,0,0,0,0,0,0,0,0,0,0,0,0,0,0,0,0,0,0
"TZ2009L116",38,1,2,0,0,0,0,0,0,0,0,0,0,0,0,0,0,0,0,0,0,0,0,0,0,0,0,0,0,0,0,0,0,0,0,0,0,0,0,0,0,0,0,0,0,1,1,1,1,1,1,1,1,1,1,1,1,1,1,1,1,1,1,0,0,0,0,0,0,0,0,0,0,0,1,0,0,0,0,0,0,0,0,0,0,0,0,0,0,0,0,0,0,0,0,0,0,0,0,0,0,0,0,0,0,0,0,0,0,0,0,0,0,0,0,0,0,0,0,0,0,0,0,0,0,0,0,0,0,0,0,0,0,0
"TZ2009L117",205,0.39218405894109,5.28948528641203,0,0,0,0,0,0,0,0,0,0.545357751869863,0.545357751869863,0.545357751869863,0,0,0,0,0,0,0,0,0,0,0,0,0,0,0,0,0,0,0,0,0,0,0,0,0,0,0,0,0,0,0.999999999999999,0.999999999999999,0.999999999999999,0.999999999999999,0.999999999999999,0.999999999999999,0.999999999999999,0.999999999999999,0.999999999999999,0.999999999999999,0.999999999999999,0.999999999999999,0.999999999999999,0.999999999999999,0.999999999999999,0.999999999999999,0.999999999999999,0.999999999999999,0,0,0,0,0,0,0,0,0,0,0,0.999999999999999,0,0,0,0,0,0,0,0,0,0,0,0,0,0,0,0,0,0,0,0,0,0,0,0,0,0,0,0,0,0,0,0,0,0,0,0,0,0,0,0,0,0,0,0,0,0,0,0,0,0,0,0,0,0,0,0,0,0,0
"TZ2009L118",135,0.977967701200151,2.15365649904968,0,0,0,0,0,0,0,0,0,0,0,0,0,0,0,0,0,0,0,0,0,0,0,0,0,0,0,0,0,0,0,0,0,0,0,0,0,0,0,0,0,0,0.999847791866687,0.999847791866687,1,1,1,1,1,1,1,1,1,1,1,1,1,1,1,1,0,0,0,0,0,0,0,0,0,0,0,1,0,0,0,0,0,0,0,0,0,0,0,0,0,0,0,0,0,0,0,0,0,0,0,0,0,0,0,0,0,0,0,0,0,0,0,0,0,0,0,0,0,0,0,0,0,0,0,0,0,0,0,0,0,0,0,0,0,0,0
"TZ2009L119",47,1,2,0,0,0,0,0,0,0,0,0,0,0,0,0,0,0,0,0,0,0,0,0,0,0,0,0,0,0,0,0,0,0,0,0,0,0,0,0,0,0,0,0,0,1,1,1,1,1,1,1,1,1,1,1,1,1,1,1,1,1,1,0,0,0,0,0,0,0,0,0,0,0,1,0,0,0,0,0,0,0,0,0,0,0,0,0,0,0,0,0,0,0,0,0,0,0,0,0,0,0,0,0,0,0,0,0,0,0,0,0,0,0,0,0,0,0,0,0,0,0,0,0,0,0,0,0,0,0,0,0,0,0
"TZ2009L120",97,0.550970362632691,17.0210776348435,0,0,0,0,0,0,0,0,0,0,0,0,0,0,0,0,0,0,0,0,0,0,0,0,0,0,0,0,0,0,0,0,0,0,0,0,0,0,0,0,0,0,1,1,1,1,1,1,1,1,1,1,1,1,1,1,1,1,1,1,0,0,0,0,0,0,0,0.340359211614495,0,0,0,1,0,0,0,0,0,0,0,0,0,0,0,0,0,0,0,0,0,0,0,0,0,0,0,0,0,0,0,0,0,0,0,0,0,0,0,0,0,0,0,0,0,0,0,0,0,0,0,0,0,0,0,0,0,0,0,0,0,0,0
"TZ2009L121",50,1,5,0,0,0,0,0,0,0,0,0,1,1,1,0,0,0,0,0,0,0,0,0,0,0,0,0,0,0,0,0,0,0,0,0,0,0,0,0,0,0,0,0,0,1,1,1,1,1,1,1,1,1,1,1,1,1,1,1,1,1,1,0,0,0,0,0,0,0,0,0,0,0,1,0,0,0,0,0,0,0,0,0,0,0,0,0,0,0,0,0,0,0,0,0,0,0,0,0,0,0,0,0,0,0,0,0,0,0,0,0,0,0,0,0,0,0,0,0,0,0,0,0,0,0,0,0,0,0,0,0,0,0
"TZ2009L122",156,0.977829733525493,15.8521177499593,0,0,0,0,0,0,0,0,0,0,0,0,0,0,0,0,0,0,0,0,0,0,0,0,0,0,0,0,0,0,0,0,0.000689640863447038,0.000689640863447038,0,0,0,0,0,0,0,0,0.999999999999999,0.999999999999999,0.999999999999999,0.999999999999999,0.999999999999999,0.999999999999999,0.999999999999999,0.999999999999999,0.999999999999999,0.999999999999999,0.999999999999999,0.999999999999999,0.999999999999999,0.999999999999999,0.999999999999999,0.999999999999999,0.999999999999999,0.999999999999999,0,0,0,0,0,0,0,0,0,0,0,0.999999999999999,0,0,0,0,0,0,0,0,0,0,0,0,0.000689640863447038,0,0,0,0,0,0,0,0,0,0,0,0,0,0,0,0,0,0,0,0,0,0,0,0,0,0,0,0,0,0,0,0,0,0,0,0,0,0,0,0,0,0,0,0,0,0
"TZ2009L123",109,0.99490622917787,5.02808745818602,0,0,0,0,0,0,0,0,0,0.997446594710362,0.997446594710362,0.997446594710362,0,0,0,0,0,0,0,0,0,0,0,0,0,0,0,0,0,0,0,0,0,0,0,0,0,0,0,0,0,0,1,1,1,1,1,1,1,1,1,1,1,1,1,1,1,1,1,1,0,0,0,0,0,0,0,0,0,0,0,1,0,0,0,0,0,0,0,0,0,0,0,0,0,0,0,0,0,0,0,0,0,0,0,0,0,0,0,0,0,0,0,0,0,0,0,0,0,0,0,0,0,0,0,0,0,0,0,0,0,0,0,0,0,0,0,0,0,0,0
"TZ2009L124",171,0.824722125863017,15.59355153467,0,0,0,0,0,0,0,0,0,0.0492423338643634,0.0492423338643634,0.0492423338643634,0,0,0,0,0,0,0,0,0,0,0,0,0,0,0,0,0,0,0,0,0,0,0,0,0,0,0,0,0,0,1,1,1,1,1,1,1,1,1,1,1,1,1,1,1,1,1,1,0,0,0,0,0,0,0,0.0450724023926734,0,0,0,1,0,0,0,0,0,0,0,0,0,0,0,0,0,0,0,0,0,0,0,0,0,0,0,0,0,0,0,0,0,0,0,0,0,0,0,0,0,0,0,0,0,0,0,0,0,0,0,0,0,0,0,0,0,0,0,0,0,0,0
"TZ2009L125",119,0.573562833639018,6.31501253324644,0,0,0,0,0,0,0,0,0,0,0,0,0,0,0,0,0,0,0,0,0,0,0,0,0,0,0,0,0,0,0,0,0,0,0,0,0,0,0,0,0,0,1,1,1,1,1,1,1,1,1,1,1,1,1,1,1,1,1,1,0,0,0,0,0,0,0,0,0,0,0,1,0,0,0,0,0,0,0,0,0,0,0,0,0,0,0,0,0,0,0,0,0,0,0,0,0,0,0,0,0,0,0,0,0,0,0,0,0,0,0,0,0,0,0,0,0,0,0,0,0,0,0,0,0,0,0,0,0,0,0
"TZ2009L126",123,0.558274617037524,13.67069653927,0,0,0,0,0,0,0,0,0,0,0,0,0,0,0,0,0,0,0,0,0,0,0,0,0,0,0,0,0,0,0,0,1,1,0.329303460729978,0,0,0,0,0,0,0,1,1,1,1,1,1,1,1,1,1,1,1,1,1,1,1,1,1,0,0,0,0,0,0,0,0,0,0,0,1,0,0,0,0,0,0,0,0,0,0,0.329303460729978,0.329303460729978,0,0,0,0,0,0,0,0,0,0,0,0,0,0,0,0,0,0,0,0,0,0,0,0,0,0,0,0,0,0,0,0,0,0.329303460729978,0.329303460729978,0.329303460729978,0,0,0,0,0,0,0,0,0,0,0
"TZ2009L127",127,0.94839348888907,3.29156395087846,0,0,0,0,0,0,0,0,0,0,0,0,0,0,0,0,0,0,0,0,0,0,0,0.973494186283776,0,0,0,0,0,0,0,0,0.999999999999999,0.999999999999999,0.973494186283776,0.973494186283776,0.973494186283776,0.973494186283776,0.973494186283776,0.973494186283776,0.973494186283776,0.973494186283776,0.999999999999999,0.999999999999999,0.999999999999999,0.999999999999999,0.999999999999999,0.999999999999999,0.999999999999999,0.999999999999999,0.999999999999999,0.999999999999999,0.999999999999999,0.999999999999999,0.999999999999999,0.999999999999999,0.999999999999999,0.999999999999999,0.999999999999999,0.999999999999999,0,0,0,0,0,0,0,0,0,0,0,0.999999999999999,0,0,0,0,0,0,0,0,0,0,0,0,0,0,0,0,0,0,0,0,0,0,0,0,0,0,0,0,0,0,0,0,0,0,0,0,0,0,0,0,0,0,0,0,0,0,0,0,0,0,0,0,0,0,0,0,0,0,0
"TZ2009L128",266,0.442100475883958,5.79536241714475,0,0,0,0,0,0,0,0,0,0,0,0,0,0,0,0,0,0,0,0,0,0,0,0.611131738026216,0,0,0,0,0,0,0,0,0.814540386215359,0.814540386215359,0.795102906100605,0.611131738026216,0.611131738026216,0.611131738026216,0.611131738026216,0.611131738026216,0.611131738026216,0.611131738026216,1,1,1,1,1,1,1,1,1,1,1,1,1,1,1,1,1,1,0,0,0,0,0,0,0,0,0.185459613784641,0.185459613784641,0.185459613784641,1,0.185459613784641,0.185459613784641,0.185459613784641,0.185459613784641,0.185459613784641,0.185459613784641,0.185459613784641,0.185459613784641,0.185459613784641,0.185459613784641,0.36943078185903,0.36943078185903,0.185459613784641,0.185459613784641,0,0,0,0,0,0,0,0,0,0,0,0,0,0,0,0,0,0,0,0,0,0,0,0,0,0,0,0,0,0,0,0.183971168074389,0.183971168074389,0.183971168074389,0,0,0,0,0,0,0,0,0,0,0
"TZ2009L129",355,0.445717701062703,13.9568577812798,0,0,0,0,0,0,0,0,0,0,0,0,0,0,0,0,0,0,0,0,0,0,0,0.000233773939230264,0,0,0,0,0,0,0,0,0.999883545293312,0.999883545293312,0.217540614888659,0.000233773939230264,0.000233773939230264,0.000233773939230264,0.000233773939230264,0.000233773939230264,0.000233773939230264,0.000233773939230264,1,1,1,1,1,1,1,1,1,1,1,1,1,1,1,1,1,1,0,0,0,0,0,0,0,0.000116454706687391,0,0,0,1,0,0,0,0,0,0,0,0,0,0,0.217306840949429,0.217306840949429,0.176153862027308,0,0,0,0,0,0,0,0,0,0,0,0,0,0,0,0,0,0,0,0,0,0,0,0,0,0,0,0,0,0,0,0,0.217306840949429,0.217306840949429,0.217306840949429,0,0,0,0,0,0,0,0,0,0,0
"TZ2009L130",74,1,3,0,0,0,0,0,0,0,0,0,0,0,0,0,0,0,0,0,0,0,0,0,0,0,1,0,0,0,0,0,0,0,0,1,1,1,1,1,1,1,1,1,1,1,1,1,1,1,1,1,1,1,1,1,1,1,1,1,1,1,1,0,0,0,0,0,0,0,0,0,0,0,1,0,0,0,0,0,0,0,0,0,0,0,0,0,0,0,0,0,0,0,0,0,0,0,0,0,0,0,0,0,0,0,0,0,0,0,0,0,0,0,0,0,0,0,0,0,0,0,0,0,0,0,0,0,0,0,0,0,0,0
"TZ2009L131",385,0.479414090210774,15.170833130952,0,0,0,0,0,0,0,0,0,0,0,0,0,0,0,0,0,0,0,0,0,0,0,0,0,0,0,0,0,0,0,0,0.88372607404109,0.88372607404109,0.0459993151520146,0,0,0,0,0,0,0,0.999999999999999,0.999999999999999,0.999999999999999,0.999999999999999,0.999999999999999,0.999999999999999,0.999999999999999,0.999999999999999,0.999999999999999,0.999999999999999,0.999999999999999,0.999999999999999,0.999999999999999,0.999999999999999,0.999999999999999,0.999999999999999,0.999999999999999,0.999999999999999,0,0,0,0,0,0,0,0.108706461974766,0,0,0,0.999999999999999,0,0,0,0,0,0,0,0,0,0,0.0459993151520146,0.0459993151520146,0.658165208261933,0,0,0,0,0,0,0,0,0,0,0,0,0,0,0,0,0,0,0,0,0,0,0,0,0,0,0,0,0,0,0,0,0.0459993151520146,0.0459993151520146,0.0459993151520146,0,0,0,0,0,0,0,0,0,0,0
"TZ2009L132",80,1,14,0,0,0,0,0,0,0,0,0,0,0,0,0,0,0,0,0,0,0,0,0,0,0,0,0,0,0,0,0,0,0,0,1,1,0,0,0,0,0,0,0,0,1,1,1,1,1,1,1,1,1,1,1,1,1,1,1,1,1,1,0,0,0,0,0,0,0,0,0,0,0,1,0,0,0,0,0,0,0,0,0,0,0,0,0,0,0,0,0,0,0,0,0,0,0,0,0,0,0,0,0,0,0,0,0,0,0,0,0,0,0,0,0,0,0,0,0,0,0,0,0,0,0,0,0,0,0,0,0,0,0
"TZ2009L133",330,0.408232970602733,7.35566529518681,0,0,0,0,0,0,0,0,0,0,0,0,0,0,0,0,0,0,0,0,0,0,0,0.251332878520628,0,0,0,0,0,0,0,0,0.444668270024539,0.444668270024539,0.251332878520628,0.251332878520628,0.251332878520628,0.251332878520628,0.251332878520628,0.251332878520628,0.251332878520628,0.251332878520628,1,1,1,1,1,1,1,1,1,1,1,1,1,1,1,1,1,1,0,0,0,0,0,0,0,0.000637422395161926,0.554694307580299,0.554694307580299,0.554694307580299,1,0.554694307580299,0.554694307580299,0.554694307580299,0.554694307580299,0.554694307580299,0.554694307580299,0.554694307580299,0.554694307580299,0.554694307580299,0.554694307580299,0.554694307580299,0.554694307580299,0.554694307580299,0.554694307580299,0,0,0,0,0,0,0,0,0,0,0,0,0,0,0,0,0,0,0,0,0,0,0,0,0,0,0,0,0,0,0,0,0,0,0,0,0,0,0,0,0,0,0,0,0
"TZ2009L134",258,0.877311233740236,18.7372829734833,0,0,0,0,0,0,0,0,0,0,0,0,0,0,0,0,0,0,0,0,0,0,0,0,0,0,0,0,0,0,0,0,0.0656444613298536,0.0656444613298536,0,0,0,0,0,0,0,0,1,1,1,1,1,1,1,1,1,1,1,1,1,1,1,1,1,1,0,0,0,0,0,0,0,0.934355538670146,0,0,0,1,0,0,0,0,0,0,0,0,0,0,0,0,0.065505280132613,0,0,0,0,0,0,0,0,0,0,0,0,0,0,0,0,0,0,0,0,0,0,0,0,0,0,0,0,0,0,0,0,0,0,0,0,0,0,0,0,0,0,0,0,0,0
"TZ2009L135",267,0.964033172150601,14.944118863657,0,0,0,0,0,0,0,0,0,0,0,0,0,0,0,0,0,0,0,0,0,0,0,0,0,0,0,0,0,0,0,0,0.981752187996704,0.981752187996704,0,0,0,0,0,0,0,0,1,1,1,1,1,1,1,1,1,1,1,1,1,1,1,1,1,1,0,0,0,0,0,0,0,0,0,0,0,1,0,0,0,0,0,0,0,0,0,0,0,0,0.981752187996704,0,0,0,0,0,0,0,0,0,0,0,0,0,0,0,0,0,0,0,0,0,0,0,0,0,0,0,0,0,0,0,0,0,0,0,0,0,0,0,0,0,0,0,0,0,0
"TZ2009L136",183,0.636294525130197,18.0442012263168,0,0,0,0,0,0,0,0,0,0,0,0,0,0,0,0,0,0,0,0,0,0,0,0,0,0,0,0,0,0,0,0,0.238949693420792,0.238949693420792,0,0,0,0,0,0,0,0,1,1,1,1,1,1,1,1,1,1,1,1,1,1,1,1,1,1,0,0,0,0,0,0,0,0.761050306579208,0,0,0,1,0,0,0,0,0,0,0,0,0,0,0,0,0.238949693420792,0,0,0,0,0,0,0,0,0,0,0,0,0,0,0,0,0,0,0,0,0,0,0,0,0,0,0,0,0,0,0,0,0,0,0,0,0,0,0,0,0,0,0,0,0,0
"TZ2009L137",93,1,7,0,0,0,0,0,0,0,0,0,0,0,0,0,0,0,0,0,0,0,0,0,0,0,0,0,0,0,0,0,0,0,0,0,0,0,0,0,0,0,0,0,0,1,1,1,1,1,1,1,1,1,1,1,1,1,1,1,1,1,1,0,0,0,0,0,0,0,0,1,1,1,1,1,1,1,1,1,1,1,1,1,1,1,1,1,1,0,0,0,0,0,0,0,0,0,0,0,0,0,0,0,0,0,0,0,0,0,0,0,0,0,0,0,0,0,0,0,0,0,0,0,0,0,0,0,0,0,0,0,0,0
"TZ2009L138",189,0.863734698400053,18.1175089921566,0,0,0,0,0,0,0,0,0,0,0,0,0,0,0,0,0,0,0,0,0,0,0,0,0,0,0,0,0,0,0,0,0,0,0,0,0,0,0,0,0,0,1,1,1,1,1,1,1,1,1,1,1,1,1,1,1,1,1,1,0,0,0,0,0,0,0,0.926459082679718,0.0735409173202818,0.0735409173202818,0.0735409173202818,1,0.0735409173202818,0.0735409173202818,0.0735409173202818,0.0735409173202818,0.0735409173202818,0.0735409173202818,0.0735409173202818,0.0735409173202818,0.0735409173202818,0.0735409173202818,0.0735409173202818,0.0735409173202818,0.0735409173202818,0.0735409173202818,0,0,0,0,0,0,0,0,0,0,0,0,0,0,0,0,0,0,0,0,0,0,0,0,0,0,0,0,0,0,0,0,0,0,0,0,0,0,0,0,0,0,0,0,0
"TZ2009L139",291,0.99429992414533,13.9860097601921,0,0,0,0,0,0,0,0,0,0,0,0,0,0,0,0,0,0,0,0,0,0,0,0.00111339841787676,0,0,0,0,0,0,0,0,1,1,0.00285625562909197,0.00111339841787676,0.00111339841787676,0.00111339841787676,0.00111339841787676,0.00111339841787676,0.00111339841787676,0.00111339841787676,1,1,1,1,1,1,1,1,1,1,1,1,1,1,1,1,1,1,0,0,0,0,0,0,0,0,0,0,0,1,0,0,0,0,0,0,0,0,0,0,0.00174285721121521,0.00174285721121521,0,0,0,0,0,0,0,0,0,0,0,0,0,0,0,0,0,0,0,0,0,0,0,0,0,0,0,0,0,0,0,0,0,0.00174285721121521,0.00174285721121521,0.00174285721121521,0,0,0,0,0,0,0,0,0,0,0
"TZ2009L140",300,0.717443380760054,6.58312596936101,0,0,0,0,0,0,0,0,0,0.0165905771607201,0.0165905771607201,0.0165905771607201,0,0,0,0,0,0,0,0,0,0,0,0,0,0,0,0,0,0,0,0,0,0,0,0,0,0,0,0,0,0,1,1,1,1,1,1,1,1,1,1,1,1,1,1,1,1,1,1,0,0,0,0,0,0,0,0,0,0,0,1,0,0,0,0,0,0,0,0,0,0,0,0,0,0,0,0,0,0,0,0,0,0,0,0,0,0,0,0,0,0,0,0,0,0,0,0,0,0,0,0,0,0,0,0,0,0,0,0,0,0,0,0,0,0,0,0,0,0,0
"TZ2009L141",205,0.87460826256828,9.59671883850159,0,0,0,0,0,0,0,0,0,0,0,0,0,0,0,0,0,0,0,0,0,0,0,0,0,0,0,0,0,0,0,0,0.0672135269164021,0.0672135269164021,0,0,0,0,0,0,0,0,1,1,1,1,1,1,1,1,1,1,1,1,1,1,1,1,1,1,0,0,0,0,0,0,0,0,0,0,0,1,0,0,0,0,0,0,0,0,0,0,0,0,0,0,0,0,0,0,0,0,0,0,0,0,0,0,0,0,0,0,0,0,0,0,0,0,0,0,0,0,0,0,0,0,0,0,0,0,0,0,0,0,0,0,0,0,0,0,0
"TZ2009L142",209,0.828906281359699,9.62211289708133,0,0,0,0,0,0,0,0,0,0,0,0,0,0,0,0,0,0,0,0,0,0,0,0,0,0,0,0,0,0,0,0,0,0,0,0,0,0,0,0,0,0,1,1,1,1,1,1,1,1,1,1,1,1,1,1,1,1,1,1,0,0,0,0,0,0,0,0,0,0,0,1,0,0,0,0,0,0,0,0,0,0,0,0,0,0,0,0,0,0,0,0,0,0,0,0,0,0,0,0,0,0,0,0,0,0,0,0,0,0,0,0,0,0,0,0,0,0,0,0,0,0,0,0,0,0,0,0,0,0,0
"TZ2009L143",213,0.715641298793861,7.88803397343932,0,0,0,0.171639452130847,0.171639452130847,0.171639452130847,0.171639452130847,0.171639452130847,0.171639452130847,0.171639452130847,0.171639452130847,0.171639452130847,0,0,0,0,0,0,0,0,0,0,0,0,0,0,0,0,0,0,0,0,0.171639452130847,0.171639452130847,0.171639452130847,0,0,0,0,0,0,0,1,1,1,1,1,1,1,1,1,1,1,1,1,1,1,1,1,1,0,0,0,0.171639452130847,0.171639452130847,0.171639452130847,0,0,0,0,0,1,0,0,0,0,0,0,0,0,0,0,0,0,0,0,0,0,0,0,0,0,0,0,0,0,0,0,0,0,0,0,0,0,0,0,0,0,0,0,0,0,0,0,0,0,0,0,0,0,0,0,0,0,0,0,0,0,0,0,0
"TZ2009L144",217,0.987359662781776,9.97455749530223,0,0,0,0,0,0,0,0,0,0,0,0,0,0,0,0,0,0,0,0,0,0,0,0,0,0,0,0,0,0,0,0,0,0,0,0,0,0,0,0,0,0,1,1,1,1,1,1,1,1,1,1,1,1,1,1,1,1,1,1,0,0,0,0,0,0,0,0,0,0,0,1,0,0,0,0,0,0,0,0,0,0,0,0,0,0,0,0,0,0,0,0,0,0,0,0,0,0,0,0,0,0,0,0,0,0,0,0,0,0,0,0,0,0,0,0,0,0,0,0,0,0,0,0,0,0,0,0,0,0,0
"TZ2009L145",110,1,10,0,0,0,0,0,0,0,0,0,0,0,0,0,0,0,0,0,0,0,0,0,0,0,0,0,0,0,0,0,0,0,0,0,0,0,0,0,0,0,0,0,0,1,1,1,1,1,1,1,1,1,1,1,1,1,1,1,1,1,1,0,0,0,0,0,0,0,0,0,0,0,1,0,0,0,0,0,0,0,0,0,0,0,0,0,0,0,0,0,0,0,0,0,0,0,0,0,0,0,0,0,0,0,0,0,0,0,0,0,0,0,0,0,0,0,0,0,0,0,0,0,0,0,0,0,0,0,0,0,0,0
"TZ2009L146",336,0.955402759936872,4.13693514895436,0,0,0,0,0,0,0,0,0,0,0,0,0,0,0,0,0,0,0,0,0,0,0,0,0,0,0,0,0,0,0,0,0.977182641129538,0.977182641129538,0,0,0,0,0,0,0,0,1,1,1,1,1,1,1,1,1,1,1,1,1,1,1,1,1,1,0,0,0,0,0,0,0,1.93723322405735e-06,0,0,1.93723322405735e-06,1,0,0,1.93723322405735e-06,0,0,0,0,0,0,0,0,0,0,0,0,0,0,0,0,0,0,0,0,0,0,0,0,0,0,0,0,0,0,0,0,0,0,0,0,0,0,0,0,0,0,0,0,0,0,0,0,0,0,0,0,0,0,0,0
"TZ2009L147",114,1,10,0,0,0,0,0,0,0,0,0,0,0,0,0,0,0,0,0,0,0,0,0,0,0,0,0,0,0,0,0,0,0,0,0,0,0,0,0,0,0,0,0,0,1,1,1,1,1,1,1,1,1,1,1,1,1,1,1,1,1,1,0,0,0,0,0,0,0,0,0,0,0,1,0,0,0,0,0,0,0,0,0,0,0,0,0,0,0,0,0,0,0,0,0,0,0,0,0,0,0,0,0,0,0,0,0,0,0,0,0,0,0,0,0,0,0,0,0,0,0,0,0,0,0,0,0,0,0,0,0,0,0
"TZ2009L148",115,1,10,0,0,0,0,0,0,0,0,0,0,0,0,0,0,0,0,0,0,0,0,0,0,0,0,0,0,0,0,0,0,0,0,0,0,0,0,0,0,0,0,0,0,1,1,1,1,1,1,1,1,1,1,1,1,1,1,1,1,1,1,0,0,0,0,0,0,0,0,0,0,0,1,0,0,0,0,0,0,0,0,0,0,0,0,0,0,0,0,0,0,0,0,0,0,0,0,0,0,0,0,0,0,0,0,0,0,0,0,0,0,0,0,0,0,0,0,0,0,0,0,0,0,0,0,0,0,0,0,0,0,0
"TZ2009L149",116,1,8,0,0,0,0,0,0,0,0,0,0,0,0,0,0,0,0,0,0,0,0,0,0,0,0,0,0,0,0,0,0,0,0,0,0,0,0,0,0,0,0,0,0,1,1,1,1,1,1,1,1,1,1,1,1,1,1,1,1,1,1,0,0,0,0,0,0,0,0,0,0,0,1,0,0,0,0,0,0,0,0,0,0,0,0,0,0,0,0,0,0,0,0,0,0,0,0,0,0,0,0,0,0,0,0,0,0,0,0,0,0,0,0,0,0,0,0,0,0,0,0,0,0,0,0,0,0,1,1,0,0,0
"TZ2009L150",640,0.846390935627092,8.10190814768847,0,0,0,0,0,0,0,0,0,0,0,0,0,0,0,0,0,0,0,0,0,0,0,0,0,0,0,0,0,0,0,0,0.0101629255849306,0.0101629255849306,0,0,0,0,0,0,0,0,1,1,1,1,1,1,1,1,1,1,1,1,1,1,1,1,1,1,0,0,0,0,0,0,0,0,0,0,0,1,0,0,0,0,0,0,0,0,0,0,0,0,0,0,0,0,0,0,0,0,0,0,0,0,0,0,0,0,0,0,0,0,0,0,0,0,0,0,0,0,0,0,0,0,0,0,0,0,0,0,0,0,0,0,0.95419711190802,0.95419711190802,0,0,0
"TZ2009L151",239,0.590705460025986,6.85184721647012,0,0,0,0,0,0,0,0,0,0,0,0,0,0,0,0,0,0,0,0,0,0,0,0,0,0,0,0,0,0,0,0,0.287038195882471,0.287038195882471,0,0,0,0,0,0,0,0,1,1,1,1,1,1,1,1,1,1,1,1,1,1,1,1,1,1,0,0,0,0,0,0,0,0,0,0,0,1,0,0,0,0,0,0,0,0,0,0,0,0,0,0,0,0,0,0,0,0,0,0,0,0,0,0,0,0,0,0,0,0,0,0,0,0,0,0,0,0,0,0,0,0,0,0,0,0,0,0,0,0,0,0,0.712961804117529,0.712961804117529,0,0,0
"TZ2009L152",490,0.691842395727357,7.53388359316922,0,0,0,0.0042833161691689,0.0042833161691689,0.0042833161691689,0.0042833161691689,0.0042833161691689,0.0042833161691689,0.0042833161691689,0.0042833161691689,0.0042833161691689,0,0,0,0,0,0,0,0,0,0,0,0,0,0,0,0,0,0,0,0,0.147417116947348,0.147417116947348,0.0042833161691689,0,0,0,0,0,0,0,1,1,1,1,1,1,1,1,1,1,1,1,1,1,1,1,1,1,0,0,0,0.0042833161691689,0.0042833161691689,0.0042833161691689,0,0,0,0,0,1,0,0,0,0,0,0,0,0,0,0,0,0,0,0,0,0,0,0,0,0,0,0,0,0,0,0,0,0,0,0,0,0,0,0,0,0,0,0,0,0,0,0,0,0,0,0,0,0,0,0,0,0,0,0,0.818648407672945,0.818648407672945,0,0,0
"TZ2009L153",534,0.874362947015144,8.13218986293322,0,0,0,0,0,0,0,0,0,0,0,0,0,0,0,0,0,0,0,0,0,0,0,0,0,0,0,0,0,0,0,0,0,0,0,0,0,0,0,0,0,0,1,1,1,1,1,1,1,1,1,1,1,1,1,1,1,1,1,1,0,0,0,0,0,0,0,0,0,0,0,1,0,0,0,0,0,0,0,0,0,0,0,0,0,0,0,0,0,0,0,0,0,0,0,0,0,0,0,0,0,0,0,0,0,0,0,0,0,0,0,0,0,0,0,0,0,0,0,0,0,0,0,0,0,0,0.966952534266695,0.966952534266695,0,0,0
"TZ2009L154",794,0.29846762778557,6.78864312344439,0,0,0,0,0,0,0,0,0,0,0,0,0,0,0,0,0,0,0,0,0,0,0,0,0,0,0,0,0,0,0,0,0.460197719992939,0.460197719992939,0,0,0,0,0,0,0,0,1,1,1,1,1,1,1,1,1,1,1,1,1,1,1,1,1,1,0,0,0,0,0,0,0,0,0,0,0,1,0,0,0,0,0,0,0,0,0,0,0,0,0,0,0,0,0,0,0,0,0,0,0,0,0,0,0,0,0,0,0,0,0,0,0,0,0,0,0,0,0,0,0,0,0,0,0,0,0,0,0,0,0,0,0.352376605890216,0.352376605890216,0,0,0
"TZ2009L155",522,0.4299838196172,8.33280106179042,0,0,0,0,0,0,0,0,0,0.562131165446996,0.562131165446996,0.562131165446996,0,0,0,0,0,0,0,0,0,0,0,0,0,0,0,0,0,0,0,0,0,0,0,0,0,0,0,0,0,0,1,1,1,1,1,1,1,1,1,1,1,1,1,1,1,1,1,1,0,0,0,0,0,0,0,0,0,0,0,1,0,0,0,0,0,0,0,0,0,0,0,0,0,0,0,0,0,0,0,0,0,0,0,0,0,0,0,0,0,0,0,0,0,0,0,0,0,0,0,0,0,0,0,0,0,0,0,0,0,0,0,0,0,0,0,0,0,0,0
"TZ2009L156",133,1,5,0,0,0,0,0,0,0,0,0,1,1,1,0,0,0,0,0,0,0,0,0,0,0,0,0,0,0,0,0,0,0,0,0,0,0,0,0,0,0,0,0,0,1,1,1,1,1,1,1,1,1,1,1,1,1,1,1,1,1,1,0,0,0,0,0,0,0,0,0,0,0,1,0,0,0,0,0,0,0,0,0,0,0,0,0,0,0,0,0,0,0,0,0,0,0,0,0,0,0,0,0,0,0,0,0,0,0,0,0,0,0,0,0,0,0,0,0,0,0,0,0,0,0,0,0,0,0,0,0,0,0
"TZ2009L157",134,1,18,0,0,0,1,1,1,1,1,1,1,1,1,0,0,0,0,0,0,0,0,0,0,0,0,0,0,0,0,0,0,0,0,1,1,0,0,0,0,0,0,0,0,1,1,1,1,1,1,1,1,1,1,1,1,1,1,1,1,1,1,0,0,0,1,1,1,0,0,0,0,0,1,0,0,0,0,0,0,0,0,0,0,0,0,0,0,0,0,0,0,0,0,0,0,0,0,0,0,0,0,0,0,0,0,0,0,0,0,0,0,0,0,0,0,0,0,0,0,0,0,0,0,0,0,0,0,0,0,0,0,0
"TZ2009L158",271,0.98424239664359,17.9285231244813,0,0,0,0.992058124942364,0.992058124942364,0.992058124942364,0.992058124942364,0.992058124942364,0.992058124942364,0.992058124942364,0.992058124942364,0.992058124942364,0,0,0,0,0,0,0,0,0,0,0,0,0,0,0,0,0,0,0,0,0.992058124942364,0.992058124942364,0,0,0,0,0,0,0,0,1,1,1,1,1,1,1,1,1,1,1,1,1,1,1,1,1,1,0,0,0,0.992058124942364,0.992058124942364,0.992058124942364,0,0,0,0.00794187505763602,0,1,0,0,0,0,0,0,0,0,0,0,0,0,0,0,0,0,0,0,0,0,0,0,0,0,0,0,0,0,0,0,0,0,0,0,0,0,0,0,0,0,0,0,0,0,0,0,0,0,0,0,0,0,0,0,0,0,0,0,0
"TZ2009L159",137,1,9,0,0,0,0,0,0,0,0,0,0,0,0,0,0,0,0,0,0,0,0,0,0,0,0,0,0,0,0,0,0,0,0,0,0,0,0,0,0,0,0,0,0,1,1,1,1,1,1,1,1,1,1,1,1,1,1,1,1,1,1,0,0,0,0,0,0,0,0,0,1,0,1,0,0,0,0,0,0,0,0,0,0,0,0,0,0,0,0,0,0,0,0,0,0,0,0,0,0,0,0,0,0,0,0,0,0,0,0,0,0,0,0,0,0,0,0,0,0,0,0,0,0,0,0,0,0,0,0,0,0,0
"TZ2009L160",138,1,9,0,0,0,0,0,0,0,0,0,0,0,0,0,0,0,0,0,0,0,0,0,0,0,0,0,0,0,0,0,0,0,0,0,0,0,0,0,0,0,0,0,0,1,1,1,1,1,1,1,1,1,1,1,1,1,1,1,1,1,1,0,0,0,0,0,0,0,0,0,1,0,1,0,0,0,0,0,0,0,0,0,0,0,0,0,0,0,0,0,0,0,0,0,0,0,0,0,0,0,0,0,0,0,0,0,0,0,0,0,0,0,0,0,0,0,0,0,0,0,0,0,0,0,0,0,0,0,0,0,0,0
"TZ2009L161",139,1,9,0,0,0,0,0,0,0,0,0,0,0,0,0,0,0,0,0,0,0,0,0,0,0,0,0,0,0,0,0,0,0,0,0,0,0,0,0,0,0,0,0,0,1,1,1,1,1,1,1,1,1,1,1,1,1,1,1,1,1,1,0,0,0,0,0,0,0,0,0,1,0,1,0,0,0,0,0,0,0,0,0,0,0,0,0,0,0,0,0,0,0,0,0,0,0,0,0,0,0,0,0,0,0,0,0,0,0,0,0,0,0,0,0,0,0,0,0,0,0,0,0,0,0,0,0,0,0,0,0,0,0
"TZ2009L162",140,1,9,0,0,0,0,0,0,0,0,0,0,0,0,0,0,0,0,0,0,0,0,0,0,0,0,0,0,0,0,0,0,0,0,0,0,0,0,0,0,0,0,0,0,1,1,1,1,1,1,1,1,1,1,1,1,1,1,1,1,1,1,0,0,0,0,0,0,0,0,0,1,0,1,0,0,0,0,0,0,0,0,0,0,0,0,0,0,0,0,0,0,0,0,0,0,0,0,0,0,0,0,0,0,0,0,0,0,0,0,0,0,0,0,0,0,0,0,0,0,0,0,0,0,0,0,0,0,0,0,0,0,0
"TZ2009L163",283,0.937088849948832,8.90246205822822,0,0,0,0,0,0,0,0,0,0,0,0,0,0,0,0,0,0,0,0,0,0,0,0,0,0,0,0,0,0,0,0,0,0,0,0,0,0,0,0,0,0,1,1,1,1,1,1,1,1,1,1,1,1,1,1,1,1,1,1,0,0,0,0,0,0,0,0,0,0.967487352742741,0,1,0,0,0,0,0,0,0,0,0,0,0,0,0,0,0,0,0,0,0,0,0,0,0,0,0,0,0,0,0,0,0,0,0,0,0,0,0,0,0,0,0,0,0,0,0,0,0,0,0,0,0,0,0,0,0,0,0,0,0
"TZ2009L164",287,0.553863397405733,12.0230207872376,0,0,0,0.335891198581958,0.335891198581958,0.335891198581958,0.335891198581958,0.335891198581958,0.335891198581958,0.335891198581958,0.335891198581958,0.335891198581958,0,0,0,0,0,0,0,0,0,0,0,0,0,0,0,0,0,0,0,0,0.335891198581958,0.335891198581958,0,0,0,0,0,0,0,0,1,1,1,1,1,1,1,1,1,1,1,1,1,1,1,1,1,1,0,0,0,0.335891198581958,0.335891198581958,0.335891198581958,0,0,0,0.664108801418042,0,1,0,0,0,0,0,0,0,0,0,0,0,0,0,0,0,0,0,0,0,0,0,0,0,0,0,0,0,0,0,0,0,0,0,0,0,0,0,0,0,0,0,0,0,0,0,0,0,0,0,0,0,0,0,0,0,0,0,0,0
"TZ2009L165",291,0.987854989279276,9.05498851904624,0,0,0,0.00610983544958285,0.00610983544958285,0.00610983544958285,0.00610983544958285,0.00610983544958285,0.00610983544958285,0.00610983544958285,0.00610983544958285,0.00610983544958285,0,0,0,0,0,0,0,0,0,0,0,0,0,0,0,0,0,0,0,0,0.00610983544958285,0.00610983544958285,0,0,0,0,0,0,0,0,1,1,1,1,1,1,1,1,1,1,1,1,1,1,1,1,1,1,0,0,0,0.00610983544958285,0.00610983544958285,0.00610983544958285,0,0,0,0.993890164550417,0,1,0,0,0,0,0,0,0,0,0,0,0,0,0,0,0,0,0,0,0,0,0,0,0,0,0,0,0,0,0,0,0,0,0,0,0,0,0,0,0,0,0,0,0,0,0,0,0,0,0,0,0,0,0,0,0,0,0,0,0
"TZ2009L166",295,0.527879758229129,12.4373946130949,0,0,0,0.381932734788323,0.381932734788323,0.381932734788323,0.381932734788323,0.381932734788323,0.381932734788323,0.381932734788323,0.381932734788323,0.381932734788323,0,0,0,0,0,0,0,0,0,0,0,0,0,0,0,0,0,0,0,0,0.381932734788323,0.381932734788323,0,0,0,0,0,0,0,0,1,1,1,1,1,1,1,1,1,1,1,1,1,1,1,1,1,1,0,0,0,0.381932734788323,0.381932734788323,0.381932734788323,0,0,0,0.618067265211677,0,1,0,0,0,0,0,0,0,0,0,0,0,0,0,0,0,0,0,0,0,0,0,0,0,0,0,0,0,0,0,0,0,0,0,0,0,0,0,0,0,0,0,0,0,0,0,0,0,0,0,0,0,0,0,0,0,0,0,0,0
"TZ2009L167",299,0.510101236091134,13.5685416035052,0,0,0,0.571067700438154,0.571067700438154,0.571067700438154,0.571067700438154,0.571067700438154,0.571067700438154,0.571067700438154,0.571067700438154,0.571067700438154,0,0,0,0,0,0,0,0,0,0,0,0,0,0,0,0,0,0,0,0,0.571067700438154,0.571067700438154,0.571067700438154,0,0,0,0,0,0,0,1,1,1,1,1,1,1,1,1,1,1,1,1,1,1,1,1,1,0,0,0,0.571067700438154,0.571067700438154,0.571067700438154,0,0,0,0.428932299561846,0,1,0,0,0,0,0,0,0,0,0,0,0,0,0,0,0,0,0,0,0,0,0,0,0,0,0,0,0,0,0,0,0,0,0,0,0,0,0,0,0,0,0,0,0,0,0,0,0,0,0,0,0,0,0,0,0,0,0,0,0
"TZ2009L168",151,1,17,0,0,0,1,1,1,1,1,1,1,1,1,0,0,0,0,0,0,0,0,0,0,0,0,0,0,0,0,0,0,0,0,1,1,1,0,0,0,0,0,0,0,1,1,1,1,1,1,1,1,1,1,1,1,1,1,1,1,1,1,0,0,0,1,1,1,0,0,0,0,0,1,0,0,0,0,0,0,0,0,0,0,0,0,0,0,0,0,0,0,0,0,0,0,0,0,0,0,0,0,0,0,0,0,0,0,0,0,0,0,0,0,0,0,0,0,0,0,0,0,0,0,0,0,0,0,0,0,0,0,0
"TZ2009L169",152,1,17,0,0,0,1,1,1,1,1,1,1,1,1,0,0,0,0,0,0,0,0,0,0,0,0,0,0,0,0,0,0,0,0,1,1,1,0,0,0,0,0,0,0,1,1,1,1,1,1,1,1,1,1,1,1,1,1,1,1,1,1,0,0,0,1,1,1,0,0,0,0,0,1,0,0,0,0,0,0,0,0,0,0,0,0,0,0,0,0,0,0,0,0,0,0,0,0,0,0,0,0,0,0,0,0,0,0,0,0,0,0,0,0,0,0,0,0,0,0,0,0,0,0,0,0,0,0,0,0,0,0,0
"TZ2009L170",307,0.929615825423709,16.7077899635172,0,0,0,0.963473745439647,0.963473745439647,0.963473745439647,0.963473745439647,0.963473745439647,0.963473745439647,0.963473745439647,0.963473745439647,0.963473745439647,0,0,0,0,0,0,0,0,0,0,0,0,0,0,0,0,0,0,0,0,0.963473745439647,0.963473745439647,0.963473745439647,0,0,0,0,0,0,0,1,1,1,1,1,1,1,1,1,1,1,1,1,1,1,1,1,1,0,0,0,0.963473745439647,0.963473745439647,0.963473745439647,0,0,0,0.0365262545603525,0,1,0,0,0,0,0,0,0,0,0,0,0,0,0,0,0,0,0,0,0,0,0,0,0,0,0,0,0,0,0,0,0,0,0,0,0,0,0,0,0,0,0,0,0,0,0,0,0,0,0,0,0,0,0,0,0,0,0,0,0
"TZ2009L171",468,0.524056622915014,8.44638062677438,0,0,0,0.188762341155296,0.188762341155296,0.188762341155296,0.188762341155296,0.188762341155296,0.188762341155296,0.188762341155296,0.188762341155296,0.188762341155296,0,0,0,0,0,0,0,0,0,0,0,0,0,0,0,0,0,0,0,0,0.188762341155296,0.188762341155296,0.188762341155296,0,0,0,0,0,0,0,1,1,1,1,1,1,1,1,1,1,1,1,1,1,1,1,1,1,0,0,0,0.188762341155296,0.188762341155296,0.188762341155296,0,0,0,0.123331624688709,0,1,0,0,0,0,0,0,0,0,0,0,0,0,0,0,0,0,0,0,0,0,0,0,0,0,0,0,0,0,0,0,0,0,0,0,0,0,0,0,0,0,0,0,0,0,0,0,0,0,0,0,0,0,0,0,0,0,0,0,0
"TZ2009L172",158,1,6,0,0,0,0,0,0,0,0,0,0,0,0,0,0,0,0,0,0,0,0,0,0,0,0,0,0,0,0,0,0,0,0,0,0,0,0,0,0,0,0,0,0,1,1,1,1,1,1,1,1,1,1,1,1,1,1,1,1,1,1,0,0,0,0,0,0,0,0,0,0,0,1,0,0,0,0,0,0,0,0,0,0,0,0,0,0,0,0,0,0,0,0,0,0,0,0,0,0,0,0,0,0,0,0,0,0,0,0,0,0,0,0,0,0,0,0,0,0,0,0,0,0,0,0,0,0,0,0,0,0,0
"TZ2009L173",159,1,9,0,0,0,0,0,0,0,0,0,0,0,0,0,0,0,0,0,0,0,0,0,0,0,0,0,0,0,0,0,0,0,0,0,0,0,0,0,0,0,0,0,0,1,1,1,1,1,1,1,1,1,1,1,1,1,1,1,1,1,1,0,0,0,0,0,0,0,0,0,1,0,1,0,0,0,0,0,0,0,0,0,0,0,0,0,0,0,0,0,0,0,0,0,0,0,0,0,0,0,0,0,0,0,0,0,0,0,0,0,0,0,0,0,0,0,0,0,0,0,0,0,0,0,0,0,0,0,0,0,0,0
"TZ2009L174",321,0.518826870355975,7.79106857714616,0,0,0,0,0,0,0,0,0,0,0,0,0,0,0,0,0,0,0,0,0,0,0,0,0,0,0,0,0,0,0,0,0,0,0,0,0,0,0,0,0,0,1,1,1,1,1,1,1,1,1,1,1,1,1,1,1,1,1,1,0,0,0,0,0,0,0,0,0,0.597022859048719,0,1,0,0,0,0,0,0,0,0,0,0,0,0,0,0,0,0,0,0,0,0,0,0,0,0,0,0,0,0,0,0,0,0,0,0,0,0,0,0,0,0,0,0,0,0,0,0,0,0,0,0,0,0,0,0,0,0,0,0,0
"TZ2009L175",489,0.738122771774049,6.4633935478621,0,0,0,0,0,0,0,0,0,0.000309997202046776,0.000309997202046776,0.000309997202046776,0,0,0,0,0,0,0,0,0,0,0,0,0,0,0,0,0,0,0,0,0,0,0,0,0,0,0,0,0,0,1,1,1,1,1,1,1,1,1,1,1,1,1,1,1,1,1,1,0,0,0,0,0,0,0,0,0,0.154567848354717,0,1,0,0,0,0,0,0,0,0,0,0,0,0,0,0,0,0,0,0,0,0,0,0,0,0,0,0,0,0,0,0,0,0,0,0,0,0,0,0,0,0,0,0,0,0,0,0,0,0,0,0,0,0,0,0,0,0,0,0,0
"TZ2009L176",331,0.502208083066905,12.2009559159427,0,0,0,0.466772879549191,0.466772879549191,0.466772879549191,0.466772879549191,0.466772879549191,0.466772879549191,0.466772879549191,0.466772879549191,0.466772879549191,0,0,0,0,0,0,0,0,0,0,0,0,0,0,0,0,0,0,0,0,0.466772879549191,0.466772879549191,0.466772879549191,0,0,0,0,0,0,0,1,1,1,1,1,1,1,1,1,1,1,1,1,1,1,1,1,1,0,0,0,0.466772879549191,0.466772879549191,0.466772879549191,0,0,0,0,0,1,0,0,0,0,0,0,0,0,0,0,0,0,0,0,0,0,0,0,0,0,0,0,0,0,0,0,0,0,0,0,0,0,0,0,0,0,0,0,0,0,0,0,0,0,0,0,0,0,0,0,0,0,0,0,0.533227120450809,0.533227120450809,0,0,0
"TZ2009L177",1017,0.397370672748051,17.3861635093607,0,0,0,0.4259185806105,0.4259185806105,0.4259185806105,0.4259185806105,0.4259185806105,0.4259185806105,0.427304816721957,0.427304816721957,0.427304816721957,0,0,0,0,0,0,0,0,0,0,0,0,0,0,0,0,0,0,0,0,0.4259185806105,0.4259185806105,0,0,0,0,0,0,0,0,1,1,1,1,1,1,1,1,1,1,1,1,1,1,1,1,1,1,0,0,0,0.4259185806105,0.4259185806105,0.4259185806105,0,0.458395701821036,0.0432054029201206,0.105600193465314,0.0432054029201206,1,0.0432054029201206,0.0432054029201206,0.0432054029201206,0.0432054029201206,0.0432054029201206,0.0432054029201206,0.0432054029201206,0.0432054029201206,0.0432054029201206,0.0432054029201206,0.0432054029201206,0.0432054029201206,0.0432054029201206,0.0432054029201206,0,0,0,0,0,0,0,0,0,0,0,0,0,0,0,0,0,0,0,0,0,0,0,0,0,0,0,0,0,0,0,0,0,0,0,0,0,0,0,0,0,0,0,0,0
"TZ2009L178",522,0.654478876048583,16.0052603607222,0,0,0,0.778940312761179,0.778940312761179,0.778940312761179,0.778940312761179,0.778940312761179,0.778940312761179,0.778940312761179,0.778940312761179,0.778940312761179,0,0,0,0,0,0,0,0,0,0,0,0,0,0,0,0,0,0,0,0,0.778940312761179,0.778940312761179,0,0,0,0,0,0,0,0,1,1,1,1,1,1,1,1,1,1,1,1,1,1,1,1,1,1,0,0,0,0.778940312761179,0.778940312761179,0.778940312761179,0,0,0.00260122706421472,0.221059687238821,0.00260122706421472,1,0.00260122706421472,0.00260122706421472,0.00260122706421472,0.00260122706421472,0.00260122706421472,0.00260122706421472,0.00260122706421472,0.00260122706421472,0.00260122706421472,0.00260122706421472,0.00260122706421472,0.00260122706421472,0.00260122706421472,0.00260122706421472,0,0,0,0,0,0,0,0,0,0,0,0,0,0,0,0,0,0,0,0,0,0,0,0,0,0,0,0,0,0,0,0,0,0,0,0,0,0,0,0,0,0,0,0,0
"TZ2009L198",1436,0.490510579377833,12.7076606223984,0,0,0,0.0813868131784528,0.0813868131784528,0.0813868131784528,0.0813868131784528,0.0813868131784528,0.0813868131784528,0.0813868131784528,0.0813868131784528,0.0813868131784528,0,0,0,0,0,0,0,0,0,0,0,0.0810151825338967,0,0,0,0,0,0,0,0,0.923508747020558,0.923508747020558,0.219056536810804,0.0810151825338967,0.0810151825338967,0.0810151825338967,0.0810151825338967,0.0810151825338967,0.0810151825338967,0.0810151825338967,0.995426651242701,0.995426651242701,1,1,1,1,1,1,1,1,1,1,1,1,1,1,1,1,0,0,0,0.0813868131784528,0.0813868131784528,0.0813868131784528,0,0.0558698404556551,0.0108881828133324,0.0108881828133324,0.0108881828133324,1,0.0108881828133324,0.0108881828133324,0.0108881828133324,0.0108881828133324,0.0108881828133324,0.0108881828133324,0.0108881828133324,0.0108881828133324,0.0108881828133324,0.0108881828133324,0.148929537090239,0.148929537090239,0.0108881828133324,0.0108881828133324,0,0,0,0,0,0,0,0,0,0,0,0,0,0,0,0,0,0,0,0,0,0,0,0,0,0,0,0,0,0,0,0.138041354276907,0.138041354276907,0.138041354276907,0,0,0,0,0,0,0,0,0,0,0
"TZ2009L199",3465,0.153401181711345,9.33053242940401,0,0,0,0.062150956785395,0.062150956785395,0.062150956785395,0.062150956785395,0.062150956785395,0.062150956785395,0.0696333162030954,0.0696333162030954,0.0696333162030954,0,0,0,0,0,0,0,0,0,0,0,0.066540067667689,0,0,0,0,0,0,0,0,0.587717116895991,0.587717116895991,0.141767634174528,0.066540067667689,0.066540067667689,0.066540067667689,0.066540067667689,0.066540067667689,0.066540067667689,0.066540067667689,0.993909598828921,0.993909598828921,1,1,1,1,1,1,1,1,1,1,1,1,1,1,1,1,0,0,0,0.062150956785395,0.062150956785395,0.062150956785395,0,0.183845614670509,0.209586574581592,0.24430236094236,0.371447778385122,1,0.209586574581592,0.209586574581592,0.371447778385122,0.209586574581592,0.209586574581592,0.209586574581592,0.209586574581592,0.209586574581592,0.209586574581592,0.209586574581592,0.234560975059405,0.234560975059405,0.216410850952833,0.209586574581592,0,0,0,0,0,0,0,0,0,0,0,0,0,0,0,0,0,0,0,0,0,0,0,0,0,0,0,0,0,0,0,0.0249744004778126,0.0249744004778126,0.0249744004778126,0,0,0,0,0,0,0.00254332387350464,0.00254332387350464,0,0,0
