"","FNID","weights","X2008.07.30","X2008.08.30","X2008.09.29","X2008.10.29","X2008.11.29","X2008.12.29","X2008.12.31","X2009.01.30","X2009.02.25","X2009.03.27","X2009.04.29","X2009.05.29","X2009.06.26","X2009.07.27","X2009.08.28","X2009.09.30","X2009.10.30","X2009.11.25","X2009.12.24","X2010.01.01","X2010.01.30","X2010.02.01","X2010.02.25","X2010.03.01","X2010.03.27","X2010.04.01","X2010.04.29","X2010.05.01","X2010.05.29","X2010.06.01","X2010.06.26","X2010.07.01","X2010.07.27","X2010.08.01","X2010.08.28","X2010.09.01","X2010.09.30","X2010.10.01","X2010.10.30","X2010.11.01","X2010.11.25","X2010.12.01","X2010.12.24","X2011.01.01","X2011.01.30","X2011.02.01","X2011.02.25","X2011.03.01","X2011.03.27","X2011.04.01","X2011.05.01","X2011.06.01","X2011.07.01","X2011.08.01","X2011.09.01","X2011.10.01","X2011.11.01","X2011.12.01","X2012.01.01","X2012.02.01","X2012.03.01","X2012.04.01","X2012.05.01","X2012.06.01","X2012.07.01","X2012.08.01","X2012.09.01","X2012.10.01","X2012.11.01","X2012.12.01","X2013.01.01","X2013.02.01","X2013.03.01","X2013.04.01","X2013.05.01","X2013.06.01","X2013.07.01","X2013.08.01","X2013.09.01","X2013.10.01","X2013.11.01","X2013.12.01","X2014.01.01","X2014.02.01","X2014.03.01","X2014.04.01","X2014.05.01","X2014.06.01","X2014.07.01","X2014.08.01","X2014.09.01","X2014.10.01","X2014.11.01","X2014.12.01","X2015.01.01","X2015.02.01","X2015.03.01","X2015.04.01","X2015.05.01","X2015.06.01","X2015.07.01","X2015.08.01","X2015.09.01","X2015.10.01","X2015.11.01","X2015.12.01","X2016.01.01","X2016.02.01","X2016.03.01","X2016.04.01","X2016.05.01","X2016.06.01","X2016.07.01","X2016.08.01","X2016.09.01","X2016.10.01","X2016.11.01","X2016.12.01"
"1","UG2011L101",1,700,600,600,600,1600,1600,700,900,900,800,1000,1200,1300,1300,1350,1350,1350,1300,1300,1150,1000,1000,1000,1000,1000,1025,800,800,800,800,800,866.6667,800,787.5,1500,825,700,800,1000,1100,900,1600,1100,1050,1000,900,1000,1050,1188,1200,1200,1217,1125,1138,1500,1132,1348,1567,1413,1383,1450,1600,1583,1650,1734,1500,1700,1513,1425,1567,1600,1750,1700,1700,1663.3,1700,1606.8,1616.75,1700,1660,1700,1700,1589,1500,1604,1580,1563,1517,1500,1500,1937.5,1483,1800,1625,1900,2150,2225,2350,2475,2300,2450,2450,1500,1500,1500,4000,1267,1250,1800,1867,2000,1900,2000,2000,2000,2000,1900,2000
"2","UG2011L102",1,699.985411024236,600.00416827879,600.00416827879,600.00416827879,1599.96665376968,1600,699.99583172121,899.99583172121,899.99583172121,800,999.991663442421,1199.99166344242,1299.98749516363,1299.99583172121,1349.99374758182,1349.99374758182,1349.99374758182,1299.99583172121,1299.99583172121,1150.00208413939,1000.00833655758,1000.00833655758,1000.01250483637,1000.01250483637,1000.01250483637,1025.01146276667,800.020841393948,800.020841393948,800.020841393948,800.020841393948,800.020841393948,866.680594261243,800.016673115159,787.51615208031,1499.97915860605,825.007294487882,700.012504836369,800.008336557579,1000,1099.99374758182,900,1599.97082204847,1099.99166344242,1050.00904516497,999.99583172121,900.001375532001,999.983326884842,1049.99583172121,1187.99007949648,1199.98957930303,1199.98957930303,1216.98887069563,1125.00312620909,1137.99820764012,1499.98749516363,1131.99629023188,1347.99041295878,1566.98607794884,1412.99945812376,1383.00141721479,1449.98957930303,1599.98332688484,1582.98403549224,1649.98124274545,1733.97911692326,1499.98749516363,1699.97915860605,1512.98695328739,1424.99062137272,1566.98470241684,1599.98541102424,1749.97915860605,1699.98261827745,1699.98332688484,1663.28485664316,1699.98261827745,1606.78721172067,1616.73679697693,1699.98332688484,1659.98395212666,1699.97499032726,1699.98195135284,1588.9879536743,1499.97119719356,1603.97186411817,1579.99303897442,1562.97653259041,1516.97707446666,1499.97749129454,1499.97915860605,1937.46092238635,1482.97986721345,1799.96717480453,1624.97394825756,1899.96248549089,2149.95206479392,2224.94893858483,2349.95206479392,2474.94685444543,2299.95414893331,2449.94789651513,2449.94893858483,1499.98749516363,1499.99028791042,1499.99166344242,3999.89216662771,1267.00971208958,1250.00729448788,1799.98332688484,1866.98053413805,1999.97682436993,1899.98157620775,1999.97915860605,1999.97915860605,1999.97915860605,1999.97915860605,1899.98332688484,1999.98190967005
"3","UG2011L103",1,700,600,600,600,1600,1600,700,900,900,800,1000,1200,1300,1300,1350,1350,1350,1300,1300,1150,1000,1000,1000,1000,1000,1025,800,800,800,800,800,866.6667,800,787.5,1500,825,700,800,1000,1100,900,1600,1100,1050,1000,900,1000,1050,1188,1200,1200,1217,1125,1138,1500,1132,1348,1567,1413,1383,1450,1600,1583,1650,1734,1500,1700,1513,1425,1567,1600,1750,1700,1700,1663.3,1700,1606.8,1616.75,1700,1660,1700,1700,1589,1500,1604,1580,1563,1517,1500,1500,1937.5,1483,1800,1625,1900,2150,2225,2350,2475,2300,2450,2450,1500,1500,1500,4000,1267,1250,1800,1867,2000,1900,2000,2000,2000,2000,1900,2000
"4","UG2011L104",1,700,600,600,600,1600,1600,700,900,900,800,1000,1200,1300,1300,1350,1350,1350,1300,1300,1150,1000,1000,1000,1000,1000,1025,800,800,800,800,800,866.6667,800,787.5,1500,825,700,800,1000,1100,900,1600,1100,1050,1000,900,1000,1050,1188,1200,1200,1217,1125,1138,1500,1132,1348,1567,1413,1383,1450,1600,1583,1650,1734,1500,1700,1513,1425,1567,1600,1750,1700,1700,1663.3,1700,1606.8,1616.75,1700,1660,1700,1700,1589,1500,1604,1580,1563,1517,1500,1500,1937.5,1483,1800,1625,1900,2150,2225,2350,2475,2300,2450,2450,1500,1500,1500,4000,1267,1250,1800,1867,2000,1900,2000,2000,2000,2000,1900,2000
"5","UG2011L105",1,622.880184638948,622.034232960301,622.034232960301,1047.24544127234,1277.59352397206,1600,677.965767039699,1219.82284731223,784.785630571514,706.819863531815,881.941601030518,897.428581846373,1012.85112884857,925.820864900432,993.358146830211,1067.34807987909,1095.44066485096,1168.36630778055,1169.28993465666,1316.91177413962,1306.26592565808,1245.39865821902,1234.65820871214,1164.42674628246,1197.20142874964,1216.92377722859,1226.7065407305,1184.56766327269,1225.78291385439,1133.06459082426,1133.06459082426,1009.09272541958,1129.75874784521,1040.6299890358,1160.34209481346,1031.42269735468,1119.17122789628,1036.67152927459,761.149064624336,1058.50808244504,1105.08866291762,910.94970170671,1187.95389082425,1198.09841756196,1183.97805683343,1124.90798108195,1117.87535795253,1168.89050533712,1025.47366327057,1280.98186197839,1280.98186197839,1269.17209800803,1198.86537825911,908.919402617885,1120.13280581844,1029.62396730195,1277.89971908877,1463.91596973439,1443.27200735902,1191.63576910647,1158.74599148271,1117.13607556238,1330.78161036914,1348.98998282742,1375.81823086562,1330.47821055376,1128.31538051911,1069.35390892114,1228.16609722952,1349.79749378797,1358.01918231216,1354.61873830777,1372.45013947669,1237.58028797281,1229.8096894745,1224.47027337893,1223.19962840405,1614.58248959648,1663.62148121105,1601.36748087987,1547.5039779437,1481.29500209054,1499.69768692206,1395.64975072747,1631.90179749324,1779.93735589305,1839.04408953434,1817.39588773422,1850.82390615157,1503.1228019621,1527.30931519587,1452.2347918014,1626.48041543763,1487.28604399812,1426.30781489525,1696.59760585755,1696.16999328519,1774.88167141814,1622.48880237957,1896.45694261436,1808.77874369435,1934.52356561404,1584.87895456423,1585.93933576505,1493.3883140419,2157.21693222101,1584.37825670763,1581.22298269491,1602.26360889965,1567.93245114905,1611.66984779207,1978.10649706272,1613.52111986034,1613.52111986034,1613.52111986034,1613.52111986034,1609.54528586952,1615.70297622651
"6","UG2011L106",1,486.677852305022,660.949185055708,660.949185055708,660.949185055708,1112.40651955434,1600,639.050814944292,839.050814944292,839.050814944292,800,878.101629888584,1078.10162988858,1117.15244483288,1239.05081494429,1258.57622241644,1258.57622241644,1258.57622241644,1239.05081494429,1239.05081494429,1180.47459252785,1121.89837011142,1121.89837011142,1182.84755516712,1182.84755516712,1182.84755516712,1192.6102589032,1104.74592527854,1104.74592527854,1104.74592527854,1104.74592527854,1104.74592527854,1069.8306298693,1043.79674022283,1023.67809209087,1195.25407472146,931.661073847489,882.847555167124,921.898370111416,1000,1008.57622241644,900,1173.35570461004,978.101629888584,1182.25973157089,939.050814944292,920.113231068384,756.203259777168,989.050814944292,1042.94093956741,1047.62703736073,1047.62703736073,1054.26567590126,1170.71188879178,1111.79185042605,1317.15244483288,1077.75522530042,1207.81687437187,1363.42972191394,1405.07660594276,1403.72272291894,1297.62703736073,1356.20325977717,1349.56462123664,1375.72866724931,1428.6445828709,1317.15244483288,1395.25407472146,1322.22905077563,1287.86433362466,1343.31649084555,1386.67785230502,1445.25407472146,1445.8418983177,1456.20325977717,1441.87161069261,1445.8418983177,1419.80790024909,1423.69345633604,1456.20325977717,1425.34563753552,1334.30488966575,1436.09002870878,1412.856855189,1078.84113126506,1192.59300087397,1478.21486095697,1219.85608813636,1181.77948219361,1170.87440069918,1195.25407472146,1366.10139010274,1188.61543618093,1320.0251676863,1244.06759340182,1351.45733449863,1449.08437185936,1478.37248306758,1649.08437185936,1697.89789053972,1629.55896438721,1688.13518680365,1703.37248306758,1317.15244483288,1357.9883988202,1378.10162988858,2423.24458260883,1409.0116011798,1356.66107384749,1556.20325977717,1582.36730578984,1661.12253109026,1630.60460205377,1695.25407472146,1695.25407472146,1695.25407472146,1695.25407472146,1656.20325977717,1735.48053685823
"7","UG2011L107",1,499.502916172566,657.284881093553,657.284881093553,657.284881093553,1141.72095125158,1600,642.715118906447,842.715118906448,842.715118906448,800,885.430237812895,1085.43023781289,1128.14535671934,1242.71511890645,1264.07267835967,1264.07267835967,1264.07267835967,1242.71511890645,1242.71511890645,1178.64244054678,1114.56976218711,1114.56976218711,1171.85464328066,1171.85464328066,1171.85464328066,1182.53342300727,1086.42440546776,1086.42440546776,1086.42440546776,1086.42440546776,1086.42440546776,1057.61628455022,1029.13952437421,1009.47891423752,1213.57559453224,925.248541913717,871.854643280658,914.569762187105,1000,1014.07267835967,900,1199.00583234513,985.430237812895,1174.30819197301,942.715118906447,918.904010760873,770.860475625789,992.715118906447,1051.66198299734,1056.78779726612,1056.78779726612,1064.04936748021,1167.96366082016,1113.36750112977,1328.14535671934,1081.01645582674,1216.24477348483,1375.66849714753,1405.55296545784,1402.47685957181,1306.78779726612,1370.86047562579,1363.59890541169,1392.21803507901,1447.0027457213,1328.14535671934,1413.57559453224,1333.69832217718,1296.10901753951,1356.76448638666,1399.50291617257,1463.57559453224,1461.12204583989,1470.86047562579,1455.18402698712,1461.12204583989,1431.04998480498,1435.30013913617,1470.86047562579,1439.45320778982,1356.29071343868,1451.95646486492,1423.44669363963,1104.16147164355,1217.32705261852,1484.33424857377,1240.4861194433,1201.93315398546,1190.66164209482,1213.57559453224,1400.45423974794,1206.31402431814,1348.88156138827,1266.9694931653,1384.43607015803,1491.22386742414,1523.26020660398,1691.22386742414,1744.6177660572,1669.86630797092,1733.93898633059,1748.26020660398,1328.14535671934,1366.52622705202,1385.43023781289,2518.04012610979,1400.47377294798,1350.24854191372,1570.86047562579,1599.47960529311,1681.49606111985,1646.8008255665,1713.57559453224,1713.57559453224,1713.57559453224,1713.57559453224,1670.86047562579,1751.38361605398
"8","UG2011L108",1,536.20843461091,646.797590111169,646.797590111169,646.797590111169,1225.61927911065,1600,653.202409888831,853.202409888831,853.202409888831,800,906.404819777663,1106.40481977766,1159.60722966649,1253.20240988883,1279.80361483325,1279.80361483325,1279.80361483325,1253.20240988883,1253.20240988883,1173.39879505558,1093.59518022234,1093.59518022234,1140.39277033351,1140.39277033351,1140.39277033351,1153.69337280571,1033.98795055584,1033.98795055584,1033.98795055584,1033.98795055584,1033.98795055584,1022.65865143803,987.190360444675,968.840661680779,1266.01204944416,906.895782694545,840.392770333506,893.595180222337,1000,1029.80361483325,900,1272.41686922182,1006.40481977766,1151.55077054124,953.202409888831,915.443204736686,812.809639555325,1003.20240988883,1076.62173553542,1083.00602472208,1083.00602472208,1092.05043440318,1160.09819258338,1117.8770362522,1359.60722966649,1090.35014480106,1240.36554274431,1410.6960490287,1406.91631328555,1398.9111806378,1333.00602472208,1412.80963955533,1403.76522987422,1439.41084449974,1499.54407354304,1359.60722966649,1466.01204944416,1366.52354295204,1319.70542224987,1395.25284429201,1436.20843461091,1516.01204944416,1504.85404923643,1512.80963955533,1493.28435512612,1504.85404923643,1463.22499353893,1468.51863332287,1512.80963955533,1479.829278072,1419.21445933299,1497.36643481864,1453.75496457872,1176.62865233182,1288.11626674961,1501.84802451435,1299.52956767412,1259.61325438857,1247.29301339969,1266.01204944416,1498.77259270779,1256.96763976306,1431.46897787455,1332.5150618052,1478.82168899948,1611.82771372156,1651.72952113818,1811.82771372156,1878.3307260826,1785.22650877714,1865.03012361039,1876.72952113818,1359.60722966649,1390.96161504098,1406.40481977766,2789.34634382407,1376.03838495902,1331.89578269455,1612.80963955533,1648.45525418084,1739.8053989819,1693.15465170863,1766.01204944416,1766.01204944416,1766.01204944416,1766.01204944416,1712.80963955533,1796.89845891753
"9","UG2011L109",1,350,700,700,700,800,1600,600,800,800,800,800,1000,1000,1200,1200,1200,1200,1200,1200,1200,1200,1200,1300,1300,1300,1300,1300,1300,1300,1300,1300,1200,1200,1175,1000,1000,1000,1000,1000,950,900,900,900,1267,900,933,600,950,950,950,950,950,1200,1095,1200,1043,1118,1233,1400,1417,1200,1200,1200,1200,1233,1200,1200,1200,1200,1200,1250,1250,1283,1300,1300,1283,1300,1300,1300,1275,1100,1267,1300,809,929,1413,1000,967,960,1000,1000,1000,1012.5,1000,1000,1000,1000,1200,1200,1200,1200,1225,1200,1267,1300,1413,1500,1425,1400,1400,1444,1458,1500,1500,1500,1500,1500,1566
"10","UG2011L110",1,350,700,700,643.959672337057,1248.32262130355,1600,600,715.939508505585,631.87901701117,631.87901701117,800,1112.08065532589,1224.16131065177,1031.87901701117,1228.02016383147,1228.02016383147,1312.08065532589,1536.24196597766,1760.40327662943,1998.57466919694,1984.5645872812,1802.43352237664,1804.36294896649,1594.21172023045,1692.2822936406,1748.32262130355,1804.36294896649,1678.27221172487,1580.20163831472,1524.16131065177,1524.16131065177,1480.20163831472,1480.20163831472,1483.22180214619,1420.30245747207,1336.24196597766,1392.2822936406,1354.92205651853,1392.2822936406,1146.1411468203,1292.2822936406,1292.2822936406,1516.44360429238,1677.77560176937,1516.44360429238,1362.82931317477,1216.44360429238,1482.38311279796,1258.22180214619,1799.94515635573,1799.94515635573,1762.58475111268,1648.32262130355,1354.46671707943,1368.12098298883,1202.71493383939,1387.55397605876,1662.82931317477,1720.55067423203,1594.64783869153,1525.03390044507,1606.29237555634,1545.76882168036,1592.2822936406,1700.37633270895,1554.73527410643,1424.16131065177,1354.11090107309,1330.57396345466,1825.97045999508,1642.2822936406,1614.26212980913,1684.8091493433,1729.82931317477,1710.94372275236,1684.8091493433,1697.8863264069,1760.83642647068,1897.67009452529,1707.63132955792,2146.27291746715,2005.05111532096,2084.5645872812,1616.54112162301,1687.78603655625,1988.53416509843,1672.48393195532,1601.93691242115,1701.60014927186,1560.40327662943,1525.37807184009,1270.67478261202,1012.5,1000,1504.36294896649,1840.60491494415,2494.5955387707,2488.92753624769,1648.32262130355,2488.92753624769,2208.72589793298,2593.50480152907,1928.52425961826,1677.77560176937,1412.08065532589,2862.76327664034,1780.20163831472,1747.23188406192,1736.24196597766,1736.24196597766,1755.58422180596,1761.73857593315,1780.20163831472,1780.20163831472,1780.20163831472,1780.20163831472,1780.20163831472,1809.21502205717
"11","UG2011L111",1,350,700,700,697.3899090881,820.880727295204,1600,600,796.084863632149,792.169727264299,792.169727264299,800,1005.2201818238,1010.4403636476,1192.1697272643,1201.30504545595,1201.30504545595,1205.2201818238,1215.6605454714,1226.100909119,1237.19379549458,1236.54127276661,1228.05847730293,1323.4908182071,1313.70297728748,1318.2706363833,1320.8807272952,1323.4908182071,1317.61811365533,1313.0504545595,1310.4403636476,1310.4403636476,1213.0504545595,1213.0504545595,1189.35550001545,1019.57568183925,1015.6605454714,1018.2706363833,1016.53057490534,1018.2706363833,959.135318191652,918.270636383303,918.270636383303,928.711000030905,1286.13196638423,928.711000030905,953.019397294276,628.711000030905,974.795863663054,964.355500015452,989.586387530793,989.586387530793,987.846318222557,1220.8807272952,1107.0847209221,1207.8302727357,1050.43875909892,1130.55453728624,1253.01939729428,1414.92972001607,1425.27398819072,1215.13852728902,1218.92315911128,1216.10426092643,1218.2706363833,1254.76815820525,1216.52187547233,1210.4403636476,1207.17775000773,1206.08151182473,1229.15471548593,1268.2706363833,1266.96559092735,1301.71435183833,1320.01939729428,1319.13979665697,1301.71435183833,1318.53164547449,1321.46356059583,1327.83661957542,1295.14990183987,1148.73039732518,1301.37489730973,1336.54127276661,846.611410040485,964.340630947132,1439.80563366522,1031.32109094281,996.572330031832,994.54019436718,1026.100909119,1024.46960229907,1012.60673910448,1012.5,1000,1023.4908182071,1039.15136367851,1069.61112462038,1260.03209097371,1220.8807272952,1260.03209097371,1246.98163641421,1288.73842006861,1233.93118185471,1286.13196638423,1305.2201818238,1480.52305189086,1513.0504545595,1440.00802274343,1415.6605454714,1415.6605454714,1458.51210547017,1472.1466927425,1513.0504545595,1513.0504545595,1513.0504545595,1513.0504545595,1513.0504545595,1577.32779455765
"12","UG2011L112",1,350,700,700,651.450664374805,1188.39468500156,1600,600,727.175996562207,654.351993124414,654.351993124414,800,1097.09867125039,1194.19734250078,1054.35199312441,1224.2746678126,1224.2746678126,1297.09867125039,1491.29601375117,1685.49335625195,1891.82803265903,1879.69069875273,1721.90535797085,1736.94402062676,1554.88401203228,1639.84534937637,1688.39468500156,1736.94402062676,1627.70801547007,1542.74667812598,1494.19734250078,1494.19734250078,1442.74667812598,1442.74667812598,1442.02134593857,1364.12001718896,1291.29601375117,1339.84534937637,1307.47910944312,1339.84534937637,1119.92267468818,1239.84534937637,1239.84534937637,1434.04269187715,1622.86663013268,1434.04269187715,1305.37340424525,1134.04269187715,1411.21868843936,1217.02134593857,1686.33175214658,1686.33175214658,1653.96536656533,1588.39468500156,1319.78342394465,1345.64800687559,1181.36560653181,1351.52230435719,1605.37340424525,1677.70219977612,1570.90139393187,1481.58614662613,1551.98268328267,1499.54940080745,1539.84534937637,1637.90145911413,1507.31729450749,1394.19734250078,1333.51067296929,1313.11995200671,1742.29607893343,1589.84534937637,1565.57068156377,1631.09873643265,1672.37340424525,1656.01227813956,1631.09873643265,1644.70028293889,1699.23575164667,1817.77866444271,1649.80087102651,2006.4160961224,1906.39475018382,1979.69069875273,1508.59592635906,1586.35800436514,1911.60167687076,1582.59202750234,1517.06397263346,1602.46937960897,1485.49335625195,1455.15002148621,1234.49329106969,1012.5,1000,1436.94402062676,1728.24003437793,2294.81078112396,2316.63471937949,1588.39468500156,2316.63471937949,2073.88804125351,2410.57477596727,1831.14136312754,1622.86663013268,1397.09867125039,2668.9713126238,1742.74667812598,1704.15867984487,1691.29601375117,1691.29601375117,1713.93430607609,1721.13739908856,1742.74667812598,1742.74667812598,1742.74667812598,1742.74667812598,1742.74667812598,1776.70411661335
"13","UG2011L113",1,368.238157381955,715.63270632739,726.05451054565,714.461024728698,913.591494972141,1600,605.21090210913,813.875183929351,775.641346767402,775.641346767402,805.21090210913,1033.60877585217,1072.42845381346,1154.79773833088,1195.37493869022,1205.79674290848,1212.76516741565,1259.13911068346,1305.51305395127,1350.87719209147,1346.67609510995,1305.87072493937,1373.07595969779,1340.02219210248,1365.52169439128,1374.50972915367,1388.70866602518,1362.62332293704,1342.33472275737,1330.74123694042,1330.74123694042,1289.23284173954,1213.67476115716,1206.84739657482,1086.95114362714,1064.35001279259,1070.73259650041,1064.74056772402,1075.94349860954,980.155396141074,970.732596500408,970.732596500408,1017.10653976822,1322.4344360795,1017.10653976822,1009.78063430175,732.739246095609,1047.11085998823,990.315112502154,1123.22912248084,1133.6509266991,1120.71099540038,1278.41790573551,1140.49672302116,1224.3586532326,1071.09107757464,1178.03760650903,1327.13293832516,1461.78125403803,1433.79359496177,1255.9866691826,1267.53421248696,1271.5318074906,1281.15440071867,1327.34476576428,1273.38676522131,1234.64941352227,1218.17741344961,1225.29322425749,1324.28833446623,1328.5489496641,1322.75220675563,1361.80024455697,1383.7111341069,1379.80412938658,1361.80024455697,1377.10284719123,1390.12580980942,1418.43362412867,1360.59353392503,1321.66128231164,1416.19490379615,1457.09789932821,996.436757868986,1101.40006820456,1520.96587784766,1151.52377682316,1118.31194938404,1135.82730273531,1136.77846660605,1130.83526349773,1080.12301326115,1039.20587330929,1032.56813818206,1130.39588289822,1186.92954252711,1293.56556041074,1482.2828801173,1290.14243548106,1456.22836957165,1398.26094048689,1496.38839390444,1344.20168798397,1364.12165295254,1324.90656932992,1717.45696291951,1554.05925250292,1508.59797530215,1474.77181701085,1472.16636595628,1511.37788632337,1549.07978255937,1557.96742908476,1557.96742908476,1561.45873349788,1557.96742908476,1559.27015461205,1612.87653305355
"14","UG2011L114",1,575.313873418601,893.126177215944,1021.87696202657,988.753252919521,1322.49124247768,1600,664.375392405315,1136.56679077131,829.379657489472,829.379657489472,864.375392405315,1194.99820302473,1454.37179845478,971.878087868213,1087.8110697429,1216.56185455353,1137.49663340348,1269.99146983168,1402.48630625989,1494.98052566088,1470.60575028279,1324.32846024168,1211.86102753158,1216.39790319077,1338.73978653342,1339.67579943782,1404.98720474753,1330.45885925666,1272.49236831932,1239.36865921227,1239.36865921227,1751.87089996715,818.427710090087,962.881121606236,1248.42781830289,1134.366862237,1103.11517893874,1102.49113783611,1167.49057134405,937.182197064054,1003.11517893874,1003.11517893874,1135.61001536695,1144.78831281656,1135.61001536695,1037.06418454671,1028.73619258289,1103.73675550371,842.491134264872,1420.188669,1548.93945381063,1462.48147825492,1287.9573437418,1147.29340708931,1170.62034251053,1076.24594817005,1330.11286257728,1551.43424125641,1533.46102469972,1275.444404957,1253.06666522542,1236.07689710128,1404.37328519051,1431.86596374937,1480.28280737043,1409.67307864764,1187.65020351625,1121.78291801842,1255.93436272568,1505.61643832046,1449.67826754671,1433.11641299318,1467.06541860115,1489.68345644578,1478.5207664767,1467.06541860115,1470.80294225476,1508.01080469471,1588.8889652214,1482.43349000246,1782.79504143398,1660.10773602832,1699.35653509342,1538.02043253741,1568.04618282922,1616.06090670611,1550.69794320928,1588.84937709526,1675.15116078048,1588.73866069178,1584.1301906012,1458.04558182367,1342.42388607724,1402.34620253322,1619.99034399005,1657.79411761907,1690.28314466914,2154.97148667815,1432.80197665376,1833.09452465158,1667.47597911631,1889.03634348226,1550.13897788504,1659.79145205908,1387.49129770786,2325.91694599207,1617.33700123128,1824.68135268282,1663.11764704763,1630.92995084497,1664.21804238219,1986.44513019703,1665.61854553526,1665.61854553526,1708.75005844682,1665.61854553526,1681.71239363659,1667.2691385371
"15","UG2011L115",1,350,700,700,600,1600,1600,600,650,500,500,800,1200,1400,900,1250,1250,1400,1800,2200,2625,2600,2275,2200,1825,2000,2100,2200,1975,1800,1700,1700,1700,1700,1725,1750,1600,1700,1633.3333,1700,1300,1600,1600,2000,2000,2000,1700,1700,1900,1500,2466.667,2466.667,2400,2000,1558,1500,1328,1599,2000,1972,1734,1780,1925,1817,1900,2067,1833,1600,1475,1433,2317,1950,1900,2000,2067,2033.3,2000,2010,2122.33,2366.5,2047,2967,2584,2700,2250,2283,2440,2200,2100,2283.333,2000,1937.5,1483,1012.5,1000,1900,2500,3667,3500,2000,3500,3000,3667,2500,2000,1500,4000,2000,2000,2000,2000,2000,2000,2000,2000,2000,2000,2000,2000
"16","UG2011L116",1,350.111105652266,700.095233416228,700.158722360381,600.190466832457,1599.8730221117,1600,600.031744472076,650.238083540571,500.158722360381,500.158722360381,800.031744472076,1200,1400.03174447208,900.031744472076,1249.92063881981,1249.98412776396,1399.8730221117,1799.74604422339,2199.61906633509,2624.46034397471,2599.46034397471,2274.54446682571,2199.52383291886,1824.7063636333,1999.68255527924,2099.63493857112,2199.61906633509,1974.69049139726,1799.74604422339,1699.77778869547,1699.77778869547,1700.03174447208,1699.57144962697,1724.63097051212,1749.76191645943,1599.77778869547,1699.71429975132,1633.07934422339,1699.74604422339,1299.82540540358,1599.71429975132,1599.71429975132,1999.58732186301,1999.58732186301,1999.58732186301,1699.68255527924,1699.68255527924,1899.61906633509,1499.68255527924,2466.16966983166,2466.23315877581,2399.55557739093,1999.65874692518,1557.80318427313,1499.84127763962,1327.87937100611,1598.87333955642,1999.78826437125,1971.79080392902,1733.77778869547,1779.74731400227,1924.66922260097,1816.80413660729,1899.77778869547,2066.72096609045,1832.79905749176,1599.80159704952,1474.82921474023,1432.91555970428,2316.61366977483,1949.76191645943,1899.77778869547,1999.74604422339,2066.7247754271,2033.03547331419,1999.74604422339,2009.74286977618,2122.0372112107,2366.12970073323,2046.73112432152,2966.43907517842,2583.56065650647,2699.52383291886,2249.6666830432,2282.66414348544,2439.60636854626,2199.69461817863,2099.76191645943,2283.04941615527,1999.80953316754,1937.33730958061,1482.99365110558,1012.66269041939,1000.19840295048,1899.8730221117,2499.60319409905,3666.0581415135,3499.36511055848,1999.73017198735,3499.2063881981,2999.36511055848,3666.15337492973,2499.54764127292,1999.84127763962,1499.94698673163,3999.2063881981,1999.81746928556,1999.92063881981,1999.84127763962,1999.82540540358,1999.84127763962,2000,1999.84127763962,1999.84127763962,1999.86254643591,1999.84127763962,1999.84921375764,1999.84127763962
"17","UG2011L117",1,350,700,700,600,1600,1600,600,650,500,500,800,1200,1400,900,1250,1250,1400,1800,2200,2625,2600,2275,2200,1825,2000,2100,2200,1975,1800,1700,1700,1700,1700,1725,1750,1600,1700,1633.3333,1700,1300,1600,1600,2000,2000,2000,1700,1700,1900,1500,2466.667,2466.667,2400,2000,1558,1500,1328,1599,2000,1972,1734,1780,1925,1817,1900,2067,1833,1600,1475,1433,2317,1950,1900,2000,2067,2033.3,2000,2010,2122.33,2366.5,2047,2967,2584,2700,2250,2283,2440,2200,2100,2283.333,2000,1937.5,1483,1012.5,1000,1900,2500,3667,3500,2000,3500,3000,3667,2500,2000,1500,4000,2000,2000,2000,2000,2000,2000,2000,2000,2000,2000,2000,2000
"18","UG2011L118",1,699.71147200796,999.752690292537,1199.58781715423,1199.50571834739,1200.32704417808,1600,699.917563430846,1399.38223237482,999.588830441179,999.588830441179,899.917563430846,1199.99932447537,1499.91621238158,999.918576717796,1000.20592254173,1200.04104940342,1000.32907075198,1000.65746597933,1000.98586120668,926.396608562609,901.396693003188,841.179333822459,701.233508676463,900.760765012514,1000.82200135533,950.94531844674,1000.986198969,1000.80147665362,1000.65780374165,1000.57570493481,1000.57570493481,1799.91587461926,351.111204871999,563.456467423676,1000.61574105128,900.575029410179,800.739564786171,833.990653392007,900.657128217017,750.45221896224,700.739564786171,700.739564786171,701.067960013521,701.069199601224,701.067960013521,700.821775054573,700.820650306058,700.986030087842,500.822507998801,901.286383795275,1101.12151065697,1001.14921441457,925.883491019874,938.50954288923,1000.41116955882,948.312296340183,1200.32729727418,1333.54726127929,1313.54132499027,1034.57598527754,984.654236069031,883.856540273791,1200.50654963819,1200.57469164786,1188.72180050514,1200.51968544728,975.513877507947,937.442579895679,1167.21849428775,1100.99948024153,1200.61590993244,1200.57486052902,1200.65707079742,1200.7121344176,1200.68446711969,1200.65707079742,1200.6653380977,1200.75755968742,1200.95802034408,1200.69563021565,1201.4503481545,1201.13647378738,1201.23181986488,1200.86071682114,1225.86760559988,1201.01874463852,1238.78898664746,1350.61444742161,1390.73196335612,1400.49124179176,1425.4193208952,1463.01485592184,1524.57751258308,1624.48477144279,1500.32670641577,1251.02539067968,702.436884885819,1501.6409628498,1150.69800873928,1002.05314569557,1001.64265166138,1002.19033514357,1076.17033020033,1500.40970704799,1333.13699354585,1502.05217631772,1425.47232146105,1750.20414928956,1500.41015627187,1450.45137455645,1500.41030488729,1999.99816932824,1500.41049403419,1500.41049403419,1567.35526153285,1500.41049403419,1525.3898848919,1500.41071695732
"19","UG2011L119",1,366.173958262169,713.863392796145,723.105654660241,627.72678559229,1581.51547627181,1600,604.621130932048,684.658481990362,523.105654660241,523.105654660241,804.621130932048,1200,1404.62113093205,904.621130932048,1238.44717266988,1247.68943453398,1381.51547627181,1763.03095254361,2144.54642881542,2546.44077415518,2521.44077415518,2208.68677112511,2130.68303601928,1782.25453887855,1953.78869067952,2046.85699428144,2144.54642881542,1929.94397341253,1763.03095254361,1667.65208347566,1667.65208347566,1704.62113093205,1637.61473241735,1671.27935291494,1715.34151800964,1567.65208347566,1658.40982161157,1596.36425254361,1663.03095254361,1274.58377987373,1558.40982161157,1558.40982161157,1939.92529788337,1939.92529788337,1939.92529788337,1653.78869067952,1653.78869067952,1844.54642881542,1453.78869067952,2394.26926666081,2403.5115285249,2335.30416695132,1950.32284248048,1529.3489882213,1476.89434533976,1310.43970245822,1580.56168758113,1969.17705668324,1941.5467471578,1701.65208347566,1743.2157977809,1876.84781568806,1788.48762214926,1867.65208347566,2026.3802591073,1803.74824120013,1571.1179316747,1450.13831558558,1420.70779172075,2260.76083655697,1915.34151800964,1867.65208347566,1963.03095254361,2026.93479481914,1994.79211594324,1963.03095254361,1972.56883945041,2079.70792307444,2312.59450767766,2007.85902100555,2885.34461643071,2520.04354790045,2630.68303601928,2201.47812521349,2234.10843473893,2382.6979764426,2155.5447204337,2065.34151800964,2242.0509124108,1972.27321440771,1913.81670397325,1482.07577381359,1036.18329602675,1028.8820683253,1881.51547627181,2442.2358633494,3529.89104524613,3407.57738135903,1960.72038707759,3384.47172669879,2907.57738135903,3543.75443804227,2434.14888421831,1976.89434533976,1492.28271134348,3884.47172669879,1973.42849714072,1988.44717266988,1976.89434533976,1974.58377987373,1976.89434533976,2000,1976.89434533976,1976.89434533976,1979.99050306423,1976.89434533976,1978.04962807277,1976.89434533976
"20","UG2011L120",1,350,700,700,600,1600,1600,600,650,500,500,800,1200,1400,900,1250,1250,1400,1800,2200,2625,2600,2275,2200,1825,2000,2100,2200,1975,1800,1700,1700,1700,1700,1725,1750,1600,1700,1633.3333,1700,1300,1600,1600,2000,2000,2000,1700,1700,1900,1500,2466.667,2466.667,2400,2000,1558,1500,1328,1599,2000,1972,1734,1780,1925,1817,1900,2067,1833,1600,1475,1433,2317,1950,1900,2000,2067,2033.3,2000,2010,2122.33,2366.5,2047,2967,2584,2700,2250,2283,2440,2200,2100,2283.333,2000,1937.5,1483,1012.5,1000,1900,2500,3667,3500,2000,3500,3000,3667,2500,2000,1500,4000,2000,2000,2000,2000,2000,2000,2000,2000,2000,2000,2000,2000
"21","UG2011L121",1,565.240372452629,884.356314066603,1007.28309573599,968.983495633078,1354.01100291128,1600,661.49724927218,1111.22936954135,807.435458704672,807.401600267188,861.49724927218,1199.86456625006,1461.29409864728,961.463390834696,1096.22301838207,1219.18365848894,1154.01100291128,1308.02200582256,1461.99915029636,1579.57215620106,1554.58062081043,1392.5686464442,1277.64283622976,1256.18430266982,1385.0275072782,1392.79856258868,1462.03300873384,1375.40181959625,1308.05586426005,1269.51925509474,1269.51925509474,1761.16995103188,870.007214669222,1010.20028482805,1288.77063045865,1169.51925509474,1146.59247342535,1141.37787812551,1207.88657207263,961.849775096722,1046.62633186284,1046.52475655038,1200.63733477412,1200.63733477412,1200.63733477412,1085.12908259066,1085.12908259066,1162.1345840463,885.16294102814,1503.24374818251,1626.1705298519,1539.03851018949,1338.92996415218,1176.64459745627,1192.5137536391,1094.31045276572,1353.625975404,1589.81334735456,1566.73312729634,1303.51925509474,1290.48189579345,1284.19866258389,1437.56197199065,1469.51925509474,1526.43917889754,1443.7224121071,1215.64219204888,1144.14479891567,1269.417316936,1568.57847635757,1488.77063045865,1469.51925509474,1508.02200582256,1533.75113193523,1520.77570493996,1507.95428894759,1511.80456402038,1555.22399610036,1649.23616255248,1526.21987397709,1880.34360536059,1732.87807007303,1777.54126091731,1604.27888264211,1632.45221340342,1677.5830861499,1608.58674642029,1638.92299342733,1734.09659775304,1631.01650436692,1622.32659748008,1470.70055014556,1327.766513223,1384.35780795112,1653.94328603631,1731.36903019147,1842.54590628185,2269.99847096581,1477.39188571767,1962.73806038293,1770.22430674383,2027.03765409839,1623.76577318389,1692.5137536391,1397.35613730606,2462.61109124237,1646.41621051308,1846.17223072584,1692.5137536391,1661.76512900301,1692.5137536391,2000,1692.5137536391,1692.5137536391,1733.69422549835,1692.5137536391,1707.87960134778,1692.5137536391
"22","UG2011L122",1,581.022936590522,898.019659934733,1030.03276655789,996.039319869465,1335.97378675369,1600,666.006553311578,1145.04914983683,830.032766557888,830.032766557888,866.006553311578,1200,1466.00655331158,966.006553311578,1084.98361672106,1216.99672334421,1135.97378675369,1271.94757350738,1407.92136026107,1502.88859370318,1477.88859370318,1327.80595997886,1209.90170032634,1214.43938186791,1339.93446688422,1340.92463691686,1407.92136026107,1331.43610521212,1271.94757350738,1237.95412681896,1237.95412681896,1766.00655331158,808.911530293703,957.673817752911,1254.95085016317,1137.95412681896,1105.9410201958,1105.28087350738,1171.94757350738,936.963956786323,1005.9410201958,1005.9410201958,1141.91480694949,1141.91480694949,1141.91480694949,1039.93446688422,1039.93446688422,1107.92136026107,839.934466884224,1432.56411143011,1564.57721805326,1475.90825363791,1290.42955190054,1148.75936946822,1169.96723344211,1077.17509741601,1335.63385228681,1559.73628941178,1537.0168136767,1271.95412681896,1254.58783563984,1237.21171449336,1409.73956606757,1437.95412681896,1486.80239639123,1415.17851753771,1187.45904180264,1119.88474318371,1257.4225681912,1513.7002461981,1454.95085016317,1437.95412681896,1471.94757350738,1494.72318278862,1483.26739125462,1471.94757350738,1475.34691817622,1513.53175684133,1596.53355562045,1487.92449345094,1800.66420298442,1670.46930216777,1709.90170032634,1556.93119022844,1584.65066596351,1621.51873893644,1565.01695714262,1604.95085016317,1693.67467710508,1603.96068013053,1599.21641427816,1469.79868933768,1350.78358572184,1412.54095819736,1635.97378675369,1674.91808360528,1708.58556324549,2179.86893376845,1438.94429685159,1849.83616721056,1679.86893376845,1906.60522318023,1559.40661531002,1669.96723344211,1389.76905596967,2349.83616721056,1620.46231845843,1834.98361672106,1669.96723344211,1636.96395678632,1669.96723344211,2000,1669.96723344211,1669.96723344211,1714.19162416087,1669.96723344211,1686.46887177001,1669.96723344211
"23","UG2011L123",1,700,827.818052229798,941.727078344697,1200,1200,1600,700,1400,935.431769586174,892.386282643624,900,1027.8180522298,1241.7270783447,956.95451305745,956.95451305745,1113.9090261149,1000,1000,956.95451305745,957.284115206913,943.04548694255,908.872779108081,829.136460827651,943.04548694255,1000,971.522743471275,1000,1000,1043.04548694255,1000,1000,1383.89361187352,629.795665126578,697.01714669547,1000,900,886.090973885101,862.030305643529,727.818052229798,857.613717356376,829.136460827651,700,829.136460827651,829.136460827651,829.136460827651,829.136460827651,829.136460827651,829.136460827651,672.181947770202,943.04548694255,1056.95451305745,1000,957.284115206913,845.882657942942,1000,948,1200,1333,1313,1034,984,883,1200,1200,1188,1200,975,937,1167,1100,1200,1200,1200,1113.9090261149,1113.9090261149,1113.9090261149,1113.9090261149,1329.13646082765,1329.13646082765,1329.13646082765,1200,1200,1200,1200,1343.37508909201,1389.40014254722,1479.91563661713,1543.70469124148,1566.48649646446,1400,1425,1463,1643.37508909201,1625,1413.9090261149,1357.61371735638,915.227434712752,1428.11403680594,1300.65920429893,1215.22743471275,1215.22743471275,1215.22743471275,1204.13646082765,1500,1404.88596319406,1553.80685867819,1457.28411520691,1642.38628264362,1500,1450,1500,2000,1500,1500,1538.15952374849,1500,1514.23862826436,1500
"24","UG2011L124",1,700,913.733189357499,1070.59978403625,1200,1200,1600,700,1400,967.649946009062,946.083243348437,900,1113.7331893575,1370.59978403625,978.433297339375,978.433297339375,1156.86659467875,1000,1000,978.433297339375,941.175026995469,921.566702660625,874.506724257,764.700107981876,921.566702660625,1000,960.783351330313,1000,1000,1021.56670266063,1000,1000,1591.52186709172,490.183567294064,629.895945814454,1000,900,843.13340532125,847.711108962651,813.733189357499,803.916756651563,764.700107981876,700,764.700107981876,764.700107981876,764.700107981876,764.700107981876,764.700107981876,764.700107981876,586.266810642501,921.566702660625,1078.43329733937,1000,941.175026995469,891.847256306262,1000,948,1200,1333,1313,1034,984,883,1200,1200,1188,1200,975,937,1167,1100,1200,1200,1200,1156.86659467875,1156.86659467875,1156.86659467875,1156.86659467875,1264.70010798188,1264.70010798188,1264.70010798188,1200,1200,1200,1200,1284.30843231672,1294.89349170675,1359.20486895271,1447.05016197281,1478.42348090856,1400,1425,1463,1584.30843231672,1625,1456.86659467875,1303.91675665156,807.833513303126,1463.98360655676,1225.48345931219,1107.83351330313,1107.83351330313,1107.83351330313,1139.70010798188,1500,1369.01639344324,1526.95837832578,1441.17502699547,1696.08324334844,1500,1450,1500,2000,1500,1500,1552.55030921738,1500,1519.60832433484,1500
"25","UG2011L125",1,700,600,600,1200,1200,1600,700,1400,850,750,900,800,900,900,900,1000,1000,1000,900,1000,1000,1000,1000,1000,1000,1000,1000,1000,1100,1000,1000,833.3333,1000,875,1000,900,1000,900,500,1000,1000,700,1000,1000,1000,1000,1000,1000,900,1000,1000,1000,1000,724,1000,948,1200,1333,1313,1034,984,883,1200,1200,1188,1200,975,937,1167,1100,1200,1200,1200,1000,1000,1000,1000,1500,1500,1500,1200,1200,1200,1200,1500,1640,1800,1800,1800,1400,1425,1463,1800,1625,1300,1500,1200,1333,1500,1500,1500,1500,1375,1500,1500,1625,1500,1500,1500,1450,1500,2000,1500,1500,1500,1500,1500,1500
"26","UG2011L126",1,700,600,600,1200,1200,1600,700,1400,850,750,900,800,900,900,900,1000,1000,1000,900,1000,1000,1000,1000,1000,1000,1000,1000,1000,1100,1000,1000,833.3333,1000,875,1000,900,1000,900,500,1000,1000,700,1000,1000,1000,1000,1000,1000,900,1000,1000,1000,1000,724,1000,948,1200,1333,1313,1034,984,883,1200,1200,1188,1200,975,937,1167,1100,1200,1200,1200,1000,1000,1000,1000,1500,1500,1500,1200,1200,1200,1200,1500,1640,1800,1800,1800,1400,1425,1463,1800,1625,1300,1500,1200,1333,1500,1500,1500,1500,1375,1500,1500,1625,1500,1500,1500,1450,1500,2000,1500,1500,1500,1500,1500,1500
"27","UG2011L127",1,660.576654023348,690.519996663645,735.779994995468,1081.72996207004,1081.72996207004,1600,700,1281.72996207004,883.944998748867,806.574997914778,900,929.943342640297,1094.91501396045,942.341672154237,932.485835660074,1045.25999833182,1000,1000,952.1975086484,990.419377996189,987.225837328252,971.282437070106,932.110002502266,977.370000834089,1000,978.829163922881,980.288327011674,945.792899282104,988.667472386622,931.009144540859,931.009144540859,1012.66662017049,783.914149962436,759.929988382794,931.009144540859,818.689348923156,836.469963738222,786.35496140443,570.808323675319,825.154964155266,813.839964572311,640.864981035022,813.839964572311,823.695801066474,823.695801066474,827.638135664139,827.638135664139,860.162396094877,763.551805273556,947.8024913516,1020.16604004237,980.288327011674,983.027500625567,807.909209594037,980.288327011674,933.019128528872,1152.10063463837,1267.36012894887,1251.30246354654,1066.72137716062,1026.57721365478,950.413921620075,1218.92320606879,1219.71167298833,1224.86082848817,1239.42334597665,1058.77461020039,1028.26504593595,1212.9281980628,1159.13501896498,1200,1229.56750948249,1209.85583649416,1084.68334430847,1084.68334430847,1094.53918080264,1009.77898695284,1333.55163756064,1350.01088450589,1354.64312765815,1190.14416350584,1185.21624525876,1160.57665402335,1167.27862283938,1358.92081034044,1433.98496953303,1552.18396599902,1579.89496582344,1549.52361951316,1321.1533080467,1341.22538979961,1371.73495406405,1580.07411838714,1501.80204382296,1286.12497936684,1344.86663714359,1047.42665819379,1344.5755735326,1322.23663797768,1263.65204799341,1288.29163922881,1288.29163922881,1233.19122879604,1421.1533080467,1403.07288242795,1512.93789084223,1423.89248166059,1497.4399789498,1475.36040876459,1425.36040876459,1460.57665402335,1866.9462073288,1490.14416350584,1490.14416350584,1485.59458995867,1470.43249051751,1505.65749979148,1480.28832701167
"28","UG2011L128",1,700,600,600,1200,1200,1600,700,1400,850,750,900,800,900,900,900,1000,1000,1000,900,1000,1000,1000,1000,1000,1000,1000,1000,1000,1100,1000,1000,833.3333,1000,875,1000,900,1000,900,500,1000,1000,700,1000,1000,1000,1000,1000,1000,900,1000,1000,1000,1000,724,1000,948,1200,1333,1313,1034,984,883,1200,1200,1188,1200,975,937,1167,1100,1200,1200,1200,1000,1000,1000,1000,1500,1500,1500,1200,1200,1200,1200,1500,1640,1800,1800,1800,1400,1425,1463,1800,1625,1300,1500,1200,1333,1500,1500,1500,1500,1375,1500,1500,1625,1500,1500,1500,1450,1500,2000,1500,1500,1500,1500,1500,1500
"29","UG2011L129",1,512.455831617734,600,600,637.367494853204,637.367494853204,1600,700,837.367494853204,850,750,900,987.544168382266,1181.3162525734,993.772084191133,946.886042095566,1000,1000,1000,1040.6581262867,1035.16453157167,1046.88604209557,1035.63339199263,1000,1000,1000,953.113957904434,906.227915808867,742.126768474385,678.025621139903,671.797705331035,671.797705331035,645.789131617734,671.797705331035,664.012810569951,671.797705331035,513.190152711577,437.367494853204,431.139579044336,406.227915808867,437.367494853204,437.367494853204,418.683747426602,437.367494853204,484.25353694877,484.25353694877,503.007953786996,503.007953786996,657.731892702365,681.511043834661,859.341873713301,988.278489476108,906.227915808867,1000,892.789751544039,906.227915808867,876.733216014739,972.133835415547,1020.73895964353,1019.49337648175,1189.66165975728,1186.54770185285,1203.70052793367,1290.02120082349,1293.77208419113,1363.35379743742,1387.54416838227,1373.53135781231,1371.16474980494,1385.48895616534,1381.3162525734,1200,1340.6581262867,1246.88604209557,1187.54416838227,1187.54416838227,1234.43021047783,831.210248455961,1031.13957904434,1109.43926934393,1131.47570912885,1153.11395790443,1129.67093685665,1012.45583161773,1044.33834024272,1124.91166323547,1133.63074536788,1226.11484475027,1237.3674948532,1049.82332647094,1024.91166323547,1026.46864218769,1028.83525019506,1049.82332647094,1038.92447380542,1018.6837474266,1031.13957904434,1012.45583161773,1208.28312802579,1031.13957904434,913.92447380542,1031.13957904434,1031.13957904434,1023.35468428325,1124.91166323547,1218.6837474266,1226.46864218769,1218.6837474266,1218.6837474266,1382.78489476108,1332.78489476108,1312.45583161773,1367.03843170985,1453.11395790443,1453.11395790443,1359.3418737133,1359.3418737133,1500,1406.22791580887
"30","UG2011L130",1,542.459042090399,600,600,727.377126271198,727.377126271198,1600,700,927.377126271198,850,750,900,957.540957909601,1136.3114368644,978.7704789548,939.3852394774,1000,1000,1000,1018.1557184322,1029.53892960805,1039.3852394774,1029.93278200282,1000,1000,1000,960.6147605226,921.2295210452,783.381182874299,745.532844703399,724.303323658199,724.303323658199,675.792342090399,724.303323658199,697.766422351699,724.303323658199,575.071774311449,527.377126271198,506.147605225999,421.2295210452,527.377126271198,527.377126271198,463.688563135599,527.377126271198,566.762365748598,566.762365748598,582.516461539558,582.516461539558,712.487751814979,716.464784035315,881.844281567799,990.15369013065,921.2295210452,1000,865.78686211864,921.2295210452,888.134435994352,1008.58773613984,1070.69430508052,1066.44840087148,1164.75899506497,1154.14423454237,1152.39503802542,1275.61965979661,1278.7704789548,1335.30079564548,1357.5409579096,1309.7745355579,1301.70731756073,1350.53521596468,1336.3114368644,1200,1318.1557184322,1239.3852394774,1157.5409579096,1157.5409579096,1196.926197387,858.213137881359,1106.147605226,1171.92095515326,1190.43201770763,1160.6147605226,1140.9221407839,1042.4590420904,1069.24100493503,1184.9180841808,1214.63941364408,1317.92466879662,1327.3771262712,1169.8361683616,1084.9180841808,1090.2254644421,1098.29268243927,1169.8361683616,1132.6845065325,1063.6885631356,1106.147605226,1042.4590420904,1228.23526299012,1106.147605226,1007.6845065325,1106.147605226,1106.147605226,1079.6107039195,1184.9180841808,1263.6885631356,1290.2254644421,1263.6885631356,1263.6885631356,1401.5369013065,1351.5369013065,1342.4590420904,1468.2992670551,1460.6147605226,1460.6147605226,1381.8442815678,1381.8442815678,1500,1421.2295210452
"31","UG2011L131",1,500,600,600,600,600,1600,700,800,850,750,900,1000,1200,1000,950,1000,1000,1000,1050,1037.5,1050,1038,1000,1000,1000,950,900,725,650,650,650,633.3333,650,650,650,487.5,400,400,400,400,400,400,400,450,450,470,470,635,667,850,987.5,900,1000,904,900,872,957,1000,1000,1200,1200,1225,1296,1300,1375,1400,1400,1400,1400,1400,1200,1350,1250,1200,1200,1250,820,1000,1083.5,1107,1150,1125,1000,1034,1100,1100,1188,1200,1000,1000,1000,1000,1000,1000,1000,1000,1000,1200,1000,875,1000,1000,1000,1100,1200,1200,1200,1200,1375,1325,1300,1325,1450,1450,1350,1350,1500,1400
"32","UG2011L132",1,501.260859036877,602.521718073753,603.78257711063,603.78257711063,603.78257711063,1600,700,803.78257711063,850.945644277657,751.576073796096,900,1001.26085903688,1201.89128855531,1000,950.315214759219,1001.26085903688,1000,1000,1049.68478524078,1036.79076679176,1049.05435572234,1036.75174955349,998.108711444685,999.369570481562,1000,950,900.630429518438,726.733681175705,652.206503314534,652.206503314534,652.206503314534,640.68831125859,648.108711444685,649.448374171366,652.206503314534,490.100521763558,402.521718073753,402.731861036423,403.152147592192,402.206503314534,401.891288555315,401.891288555315,401.891288555315,451.576073796096,451.576073796096,471.449987892408,471.449987892408,635.409779186985,665.947182704208,850.315214759219,988.209233208243,900.630429518438,999.527177861171,904.214346036269,900.630429518438,872.479126434013,958.531943729805,1002.0993302964,1001.97324439271,1198.95348699939,1198.63827224017,1222.84393104694,1295.3947876623,1299.36957048156,1373.82109680052,1398.73914096312,1397.32067454664,1397.08111132963,1398.53109922204,1398.10871144469,1200,1349.05435572234,1249.68478524078,1200,1200,1249.68478524078,822.395632170066,1001.26085903688,1084.23445038898,1107.58629945215,1150.31521475922,1125.47282213883,1001.26085903688,1035.04651300061,1100.78803689805,1100.63042951844,1188.31521475922,1200.94564427766,1002.45867512191,1002.52171807375,1002.67932545336,1002.91888867037,1003.3097549718,1003.94018449024,1003.15214759219,1001.5760737961,998.108711444685,1201.89128855531,1000.94564427766,875.788036898048,1000,1000,1000.47282213883,1102.52171807375,1200.83847125952,1201.89128855531,1201.41846641649,1203.46736235141,1375.78803689805,1325.78803689805,1301.26085903688,1329.25539924946,1450.31521475922,1450.31521475922,1351.36803205501,1350.94564427766,1500.15760737961,1400.63042951844
"33","UG2011L133",1,538.602076880971,600,600,600,638.602076880971,1600,700,800,792.096884678543,846.505192202428,938.602076880971,1000,1122.79584623806,1000,1046.50519220243,1077.20415376194,1077.20415376194,1077.20415376194,1069.30103844049,1023.02422116964,992.096884678543,946.127057023288,922.795846238057,932.4463654583,922.795846238057,901.747403898786,900,854.316957551254,823.709345964371,722.378894151821,707.903115321457,684.802761576013,669.301038440486,621.048442339271,592.096884678543,511.626298050607,477.204153761943,490.071499854908,515.806230642914,535.1072690834,554.408307523885,554.408307523885,554.408307523885,597.974615176365,585.1072690834,635.988930588177,635.988930588177,737.295503734574,718.340762251692,907.903115321457,992.325259610121,784.193769357086,884.193769357086,787.035707050657,803.494807797571,762.756122426851,811.470170158738,725.925254145103,715.888714156051,855.283453452925,854.125391146496,891.864076517217,939.702830388634,957.599578065784,978.556670432424,1035.21037347482,1042.1587473134,1029.42006194267,1068.79418036127,1129.7854618332,923.995150301054,1151.58532483181,1315.62353069765,1130.8250782293,929.7854618332,1315.62353069765,1005.28996902866,1193.01038440486,1389.03543851289,1235.54491601363,1169.30103844049,1482.06921114899,1115.80623064291,1098.07944762241,1254.40830752389,1119.30103844049,1260.18588376742,1193.43764693023,942.096884678543,942.096884678543,961.397923119029,961.397923119029,961.397923119029,1241.26298050607,1115.80623064291,1193.01038440486,1077.20415376194,1251.34076225169,1193.01038440486,1116.26298050607,1193.01038440486,1193.01038440486,1144.75778830364,1254.40830752389,1315.80623064291,1364.05882674413,1315.80623064291,1315.80623064291,1423.25259610121,1373.25259610121,1377.20415376194,1585.56401894656,1469.30103844049,1469.30103844049,1407.90311532146,1407.90311532146,1500,1438.60207688097
"34","UG2011L134",1,488.116846750121,583.793641772669,600,600,685.354996114107,1600,667.587283545338,767.587283545338,746.277043169836,799.703272189224,871.91048852279,1000,1061.70272422645,1000,1058.04616180762,1024.85276818223,992.440051727573,1008.6464099549,1019.74888603406,1003.46608167879,881.451610260513,829.020820286587,813.083649544456,826.319219459317,813.083649544456,823.048307073203,835.174567090676,791.343083001923,766.692571762519,662.157598889555,656.484807466178,660.706097038802,603.542527806733,573.828984243922,578.689759624498,557.728484920548,538.297275773552,550.542570672282,575.033197205665,593.401157921722,611.769118637779,709.007268001765,579.356402183117,607.02737813846,594.782083239729,637.688277094488,637.688277094488,737.212099263301,694.142255480088,872.691165693509,996.143579735847,708.760444567004,889.792235703658,802.089845832547,872.985629329039,815.684035535471,873.931321338403,814.696587171354,783.752854738927,818.143112296484,838.433427513598,907.968998040857,950.12077472611,974.15237689715,1024.62464154956,1085.25825892119,1081.17452834893,1039.23197513804,1031.00068479772,1110.43583352054,969.750878215048,1144.9710056116,1290.83178455933,1159.8725129422,928.035938555422,1290.83178455933,1031.467807511,1207.98914450157,1341.85210168052,1194.64901176245,1152.16160248873,1429.80153947602,1099.5115678663,1022.05301755432,1191.51794059098,1085.95524426139,1195.76026614329,1118.23326401718,931.931031269964,944.896117851829,963.264078567886,963.264078567886,967.315668124719,1229.59950895071,1110.20776429634,1183.67960716057,1073.47184286423,1248.85877550471,1248.50504006989,1209.94083742836,1248.50504006989,1256.60821918356,1202.58513827975,1301.07292220774,1342.620480751,1425.16675213491,1407.44591366033,1383.13637631933,1429.02308090381,1395.22943913114,1420.14615455894,1616.07638255147,1484.57431894339,1484.57431894339,1453.72295683016,1453.72295683016,1500,1490.54103074685
"35","UG2011L135",1,420.435177642122,601.969227767046,627.510092126587,627.510092126587,905.283524292732,1600,621.408179154333,765.833001037209,761.339551639165,717.039787101742,791.734629589585,1033.82945951258,1050.74418926887,1105.76437352204,1123.20863719627,1046.58604411765,995.504315398572,1012.58781487997,1059.176094201,1067.62184670784,897.281548697888,873.887859673785,894.757327066891,902.265905506287,894.757327066891,925.650236215014,890.962181311896,821.529107270145,797.785622669822,773.219885820187,784.305274475691,800.628362363306,726.760868591521,737.693056952324,857.779486914908,762.879011638093,726.955098262636,745.367642987123,782.192736929548,787.599145321565,742.261364444715,1013.90965889598,725.009095238213,819.011583432839,708.094365481924,704.751415525451,630.057538500208,811.422818900026,804.730832206122,892.370091651584,1020.07441344929,826.190069398899,1062.6832482544,997.323293243959,1174.94848886055,1025.3942343234,1137.8372935499,1247.12196956246,1232.13290179109,1165.7286825705,1150.94378906517,1242.77424524932,1265.93388498408,1291.83456585978,1392.90965852426,1370.51317741069,1388.29448733762,1308.18591397045,1225.85903267701,1290.69153993445,1300.36753061152,1341.51163263309,1308.76196522612,1344.53929046097,1251.07753927655,1308.76196522612,1162.07468697219,1247.6304156812,1231.82258166802,1207.06114709101,1205.98182793578,1247.72016683371,1178.78141236114,943.45016976231,1068.83202191778,1218.46228716635,1112.08036377057,1069.73686435937,1046.39674634612,1077.83347468438,1154.08214206717,1077.20469532483,1140.64836625798,1133.80111971458,1165.71291600074,1216.98663918755,1216.19233831063,1400.49567989673,1429.14315258682,1399.54237551331,1424.91447014775,1444.56242535917,1258.60772571544,1316.8810574296,1342.81635830867,1860.11017151906,1460.58867966785,1398.76930997503,1472.1523684232,1481.23851266089,1540.56222910787,1557.11760126019,1584.57364878145,1584.57364878145,1584.57364878145,1584.57364878145,1567.65891902516,1636.44425053959
"36","UG2011L136",1,450.245242229349,578.1052007209,600,600,681.61403790395,1600,656.2104014418,756.2104014418,760.421142062725,732.897622040964,828.350442950249,1000,1080.5615227503,1000,1011.71889944572,966.174882295999,922.385283737799,944.280083016899,992.280422196025,1004.15788587613,872.841944946325,835.876462048123,814.877124913,824.333234749438,814.877124913,820.613953521188,812.4208028836,701.732496746426,655.998982462623,603.236277648118,608.210062262674,625.379794196225,570.385622916924,572.368372112713,604.210740620926,561.315841675832,519.4384772497,524.748351962036,535.368117316349,543.332937349674,551.297757382999,682.666553057599,507.508158824798,532.95841422471,527.648539512374,551.634331854053,551.634331854053,683.781985960351,658.84739025465,830.104861541774,994.964904828106,742.737083404551,952.211079800051,868.43217417993,947.755096949777,891.289828491936,971.825470483254,988.929320167395,955.886478701653,985.057580598207,1013.48082644462,1087.52720622481,1139.7736064876,1158.70409260882,1247.74796331882,1293.25449992836,1281.67126761615,1236.12805572061,1190.63295462153,1244.70292097525,1129.89267208166,1246.22685077832,1247.87272587498,1206.17923665722,1068.48067299236,1247.87272587498,943.930197157007,1112.4903992519,1165.79350256933,1113.19083096467,1136.07002075422,1225.05640417365,1033.33835267574,961.916605754688,1088.83834673208,1064.17522147512,1135.46398163522,1095.26219654806,958.589700476746,976.105539900026,984.07035993335,984.07035993335,989.544059753126,1099.56025041656,1047.78892019995,1079.64820033325,1031.8592801333,1221.18642128864,1167.22739744965,1116.87644573071,1167.22739744965,1178.1747970892,1147.31534736634,1236.84718985879,1291.57851875815,1360.97281521223,1379.15771587455,1346.3155169559,1405.85944972286,1377.75424900196,1394.91630205711,1490.76523653229,1479.85961931243,1479.85961931243,1439.57885793727,1439.57885793727,1500,1488.62037367326
"37","UG2011L137",1,478.359506055245,638.330732057176,672.897967831808,669.216272276301,752.518671266759,1600,667.56894501839,834.944783700285,806.25840788318,749.754400197441,847.36042469333,1029.2844963576,1172.57553519985,1003.23043026778,1000.52483380886,1010.26593856155,968.574287225436,995.947821250529,1056.64524253798,1071.51675246568,999.652841628911,960.484706052684,922.967577430791,935.514481521486,948.484601639616,934.842831678983,922.055697445723,793.801013061786,738.10252342182,714.749267306129,719.165878023097,809.972195560536,626.737594351011,656.375130036099,720.682268120675,631.445039938641,573.194290492261,576.088608303338,589.240654763322,558.888849886947,565.267809789023,641.152462440894,554.701502588266,594.839463592043,580.46279296193,585.947252956025,574.441046489416,716.853192142645,678.962253354421,900.791274716786,1056.79103360216,889.424861235157,1020.25330288432,930.333335534881,981.294499159222,925.819675487901,1036.91671481764,1104.19919114688,1088.73015700002,1121.56868653259,1126.82560266214,1168.54248248668,1249.0977472568,1262.57224119508,1343.84780762428,1364.3518215689,1323.68229192145,1289.96609649795,1283.1499971587,1333.08174058012,1218.27838154782,1311.57156003268,1265.04823542372,1246.32359978698,1186.98272621481,1265.04823542372,973.87660846564,1118.00528474115,1165.94202472352,1147.47680164558,1210.54656739943,1211.56381480034,1101.78582274598,1040.72019139752,1128.4352474613,1148.36095313749,1186.20050444379,1181.72632600009,1070.86780616383,1073.03210530998,1076.01538389046,1063.44504773455,1056.51293886813,1100.28459940229,1103.19462969264,1108.05545894632,1075.48544545368,1324.32720396882,1136.18690767693,1110.56714713622,1156.56355202624,1188.307801238,1140.01501423553,1245.32883385862,1269.62762261101,1418.82680252991,1355.6171815583,1369.67554150738,1425.25609950894,1391.47211159426,1399.26408918761,1496.39504620751,1492.64884413726,1492.64884413726,1448.468727778,1441.12543502324,1521.15016912091,1485.86171680148
"38","UG2011L138",1,551.412937166336,637.763570512677,642.449995125416,642.449995125416,1232.21380565102,1600,659.560897295309,856.650916001134,853.216475517824,792.99765326679,909.896364042035,1111.55679549006,1176.14734919826,1235.15957101662,1261.87532236497,1258.5568937522,1251.46079285596,1226.55045734925,1232.48886609142,1152.36630581215,1056.76212458495,1053.38901944504,1085.54680246811,1088.55466880155,1088.96192496197,1102.95726708311,979.338646000998,967.214808644114,962.560272791217,960.004095849521,961.015885591278,973.426515890372,915.072231366741,903.522517601441,1239.91176560812,866.507060689034,792.860364826499,848.051444488497,958.433605465662,993.813590596951,866.41187915163,1263.35010191549,970.872573745453,1076.08249527524,917.866402073526,876.149232535262,812.175488157147,976.785365577773,1048.03304299412,1073.38186078441,1092.20008327947,1078.56435536594,1137.1413619275,1100.11620632962,1344.18948186088,1081.46657475784,1237.05685211609,1404.16777926452,1375.96483126283,1362.79914867798,1324.70924841797,1412.65922407062,1411.76543968801,1449.91572007463,1517.16199021979,1381.07830786297,1486.29929003828,1379.08617680673,1327.35102116311,1408.17129390985,1437.5085324643,1526.17705658429,1504.72608115942,1511.71910067128,1482.96096512943,1504.72608115942,1432.90352571968,1452.31683726632,1498.0539659853,1466.61676114934,1431.12716328888,1490.17092116714,1430.91973848377,1200.37879082972,1309.71700385927,1470.33835058123,1318.40643044532,1280.60581142024,1260.69194246222,1276.98142096056,1516.57351553267,1268.66719054226,1447.63674511231,1351.83245923964,1498.99647024673,1633.78018525283,1666.95475783279,1832.46007199388,1891.10009313393,1789.68786085007,1875.73252599189,1885.84230166807,1356.86258793482,1392.70607543021,1407.4175982848,2821.65895337291,1362.03185298328,1326.11343798111,1619.39633826533,1653.54471720676,1744.01881275349,1704.12303899565,1771.56626599357,1771.56626599357,1769.0612728669,1768.2985621766,1718.8446878628,1796.62222187018
"39","UG2011L139",1,542.46725514297,647.242063786711,648.358417843348,688.955447198443,1360.21521618796,1600,654.990644326563,878.013527634479,789.271009788446,734.838542490202,899.257225158228,1110.11432167557,1207.01789894754,1151.45769904214,1244.98500251331,1256.26724303653,1285.74832314647,1345.20819050816,1416.63546181911,1446.67557440557,1375.0365865399,1308.40723962867,1316.93814093479,1241.560909575,1277.81609313098,1309.00193926912,1230.07951035642,1184.18335910656,1158.65223904547,1128.08806313451,1128.08806313451,1120.51033427571,1099.84884622138,1081.74109752321,1374.32007499119,1034.19915671598,1008.87192955904,1029.55981631849,1091.40041674946,1091.76047347949,1051.83755852061,1331.20596494253,1221.96387796147,1290.15320060627,1177.69729712981,1080.35749982058,1042.66923010949,1191.73783121578,1159.95031446274,1374.84443136571,1375.96078542235,1369.32899951153,1308.11962017027,1169.88693315963,1372.54648383834,1130.34452153652,1326.72264020612,1548.02932351107,1513.10293588942,1425.53877687047,1405.8125537076,1490.9586405196,1495.39845045711,1541.98763985316,1620.07147536008,1461.92091467793,1478.79691907233,1366.44540698358,1343.58888032334,1579.58318125106,1542.35902727405,1598.55975379936,1604.94640468349,1602.46536693701,1579.34530822903,1584.61463175034,1549.5818886186,1627.72924427712,1714.38767615583,1625.3557424911,1757.15961241149,1720.13464444204,1702.78240732996,1450.7525127054,1563.69167541866,1718.3032677915,1576.65587647489,1528.39846626407,1556.77043968505,1468.21205258173,1651.81042869125,1361.98373741468,1444.01633724381,1343.69152704102,1615.27237702575,1867.26489613357,2104.94523651776,2193.42149687043,1957.80379204436,2185.4743517122,2149.88277573778,2292.09213288907,1615.07008530307,1544.64766290821,1449.8457119046,3107.91748736511,1498.43168111289,1474.26213804175,1710.18012348785,1734.47670089761,1809.54215429196,1822.34144020685,1823.32435138023,1823.32435138023,1823.69832998921,1823.32435138023,1779.19731480565,1839.56765509141
"40","UG2011L140",1,430.551019336016,612.048216876441,649.806072574941,665.322130488996,968.477639932062,1600,626.478383447009,795.792261640404,733.647034681992,676.730810974407,783.452863107115,1043.69797225383,1106.41090059543,1027.76213854179,1074.27801526517,1009.45566019711,961.471117533477,1029.80090401994,1126.35482876734,1199.45486802827,1028.61142310114,965.366114122156,947.770592869018,922.565909941346,940.41579609526,977.096399937814,968.297881989535,854.825100055863,808.934319354741,773.900576511127,786.828988380257,854.984196292068,716.427844084114,746.47526540725,887.356920962015,806.044248246778,783.018342112987,783.019826563489,796.929834008115,772.943200201168,782.652601426574,1001.56601018777,793.077569904562,818.134165677136,785.879274973614,747.284996510649,732.762889047494,876.490495528599,801.412686968781,1033.96660603188,1188.23795302833,972.669458609264,1131.12665010052,1018.83961699049,1162.94150117697,1043.99384731629,1189.66048557351,1331.81982894176,1287.17379481334,1169.33533354177,1196.58257590118,1288.92870283008,1336.77842537627,1367.51129483872,1485.04786040393,1460.7569089648,1414.03626489217,1326.79295061522,1260.51936742305,1408.44050572451,1368.46158066414,1392.0744245354,1344.08443472805,1385.88816750595,1299.26956320958,1335.09660759013,1164.63658488139,1294.43326804712,1292.24320448533,1251.24942295945,1386.2619129348,1325.29913939439,1281.09519341822,1098.27724405418,1210.91139927438,1298.49037537187,1257.51639811146,1223.57616169201,1223.72756036387,1198.66525655905,1237.46156687946,1144.95235737174,1148.00560951459,1134.0253400024,1236.011764908,1329.1320690957,1421.87426923504,1599.2681834549,1422.43856418808,1563.08492621783,1526.71390920889,1618.58677221535,1372.87921669595,1392.46693149799,1352.09799879462,1968.15026150862,1515.61209727389,1484.23987878787,1518.01639149984,1516.14428733782,1560.98420856683,1619.8606931323,1603.2972502466,1603.2972502466,1601.73353241704,1598.26292119997,1597.39395950112,1641.74905313844
"41","UG2011L141",1,472.236715224784,625.174831302143,653.658059078373,646.364884850604,782.965073379288,1600,664.075765079313,808.082963073544,782.013691550085,738.159724102112,846.883532817186,1032.10420491259,1163.81278894273,999.662960593801,1019.68812996626,1017.3544832567,986.267844987922,1028.33926360444,1099.34890588617,1128.67961837944,1045.80176441937,993.384378006199,957.729532756807,950.857281090444,965.553268214313,961.772315291331,952.998573435764,827.982408780157,770.084547230347,733.431107819979,736.975739556293,803.454397673519,664.72745773722,684.663926842498,746.281187621324,656.596307573061,609.209489399015,610.994678755135,629.151429291326,593.592837743363,612.689792988261,702.971125796045,617.353946745959,648.602821796044,639.42085933946,634.709729305899,630.854721871768,769.195727952815,719.660994696764,963.518695958899,1110.40309641222,928.19432109883,1046.21414722407,941.984854962246,996.256285421146,932.390880159605,1043.37694257032,1110.72837213955,1087.67270707612,1110.44816131086,1125.19836518614,1180.68894842924,1243.92819519659,1262.92722838286,1348.03961384701,1360.60595298529,1321.99353921104,1279.86906146177,1263.43833119212,1356.20853142687,1226.18585020533,1324.7443431629,1303.83586822572,1277.27997101729,1195.67527565978,1303.83586822572,1023.39719859469,1172.71779515941,1238.08829294819,1191.89867217949,1283.3280163483,1296.95955958109,1168.02693144011,1090.95628418944,1187.57357418629,1193.43651005189,1232.64066388169,1212.75616651296,1104.81308098666,1096.34853872616,1103.59935602755,1067.43243812094,1045.41416712424,1108.52587110805,1140.40444366888,1185.92109204926,1205.09832319359,1416.42037494096,1203.43624016215,1240.98370404398,1264.84071541894,1320.64395269139,1210.97629887604,1282.90899691624,1290.12805479649,1560.26447615905,1387.7253354545,1390.31051779684,1453.31197909093,1422.78210985256,1433.45372703432,1528.2272772982,1519.55455957539,1519.55455957539,1477.84785261394,1472.84293387336,1543.48897916164,1515.0952467817
