"FNID","weights","X2010.01.01","X2010.02.01","X2010.03.01","X2010.04.01","X2010.05.01","X2010.06.01","X2010.07.01","X2010.08.01","X2010.09.01","X2010.10.01","X2010.11.01","X2010.12.01","X2011.01.01","X2011.02.01","X2011.03.01","X2011.04.01","X2011.05.01","X2011.06.01","X2011.07.01","X2011.08.01","X2011.09.01","X2011.10.01","X2011.11.01","X2011.12.01","X2012.01.01","X2012.02.01","X2012.03.01","X2012.04.01","X2012.05.01","X2012.06.01","X2012.07.01","X2012.08.01","X2012.09.01","X2012.10.01","X2012.11.01","X2012.12.01","X2013.01.01","X2013.02.01","X2013.03.01","X2013.04.01","X2013.05.01","X2013.06.01","X2013.07.01","X2013.08.01","X2013.09.01","X2013.10.01","X2013.11.01","X2013.12.01","X2014.01.01","X2014.02.01","X2014.03.01","X2014.04.01","X2014.05.01","X2014.06.01","X2014.07.01","X2014.08.01","X2014.09.01","X2014.10.01","X2014.11.01","X2014.12.01","X2015.01.01","X2015.02.01","X2015.03.01","X2015.04.01","X2015.05.01","X2015.06.01","X2015.07.01","X2015.08.01","X2015.09.01","X2015.10.01","X2015.11.01","X2015.12.01","X2016.01.01","X2016.02.01","X2016.03.01","X2016.04.01","X2016.05.01","X2016.06.01","X2016.07.01","X2016.08.01","X2016.09.01","X2016.10.01","X2016.11.01","X2016.12.01"
"UG2011L101",1,NA,NA,NA,NA,NA,NA,NA,NA,NA,NA,NA,NA,NA,NA,NA,1750,1833.333,1500,1775,1650,1600,1471,1630,1867,1818,1834,1729,2009,2050,2300,2246,2334,2800,2777,2767,2700,2533,2450,2180,2166.8,2121.5,2180,2060,2366.75,2500,2493,2483,2584,2000,1950,1988,1960,2100,2050,2230,2475,1387.5,2500,1700,1200,1900,2000,2000,2000,2000,2000,1850,1825,2000,2200,2350,3000,1933,2900,2975,3000,3000,3000,3000,3000,3000,3000,2800,2800
"UG2011L102",1,NA,NA,NA,NA,NA,NA,NA,NA,NA,NA,NA,NA,NA,NA,NA,1749.98124274545,1833.31076919368,1499.99166344242,1774.98020067575,1649.9896626686,1599.98749516363,1470.99287224327,1629.9844940029,1866.97499032726,1817.97840831587,1833.97915860605,1728.99082978666,2008.98503587915,2049.98541102424,2299.97915860605,2245.9814094766,2333.98607794884,2799.96927978532,2776.97178075259,2766.97636585926,2699.97915860605,2532.98611963163,2449.98957930303,2180.00083365576,2166.80138386856,2121.50327209885,2180.00083365576,2060.00583559031,2366.74304939512,2499.98749516363,2492.98778694315,2482.95485754071,2583.99024622763,2000.00833655758,1949.97603239696,1987.97982553066,1959.97665763878,2099.98228481514,2049.99445618921,2229.98957930303,2474.97915860605,1387.52553070759,2499.97844999866,1700.01198380152,1200.03334623032,1899.98124274545,1999.97915860605,2000,2000,2000.02780241953,2000,1850.00625241818,1825.00729448788,2000,2199.99166344242,2349.98541102424,2999.96352756059,1933.00279274679,2899.96248549089,2974.9593592818,2999.9583172121,2999.9583172121,2999.9583172121,2999.9583172121,2999.96873790908,2999.96352756059,2999.96561169999,2799.97778307405,2799.97778307405
"UG2011L103",1,NA,NA,NA,NA,NA,NA,NA,NA,NA,NA,NA,NA,NA,NA,NA,1750,1833.333,1500,1775,1650,1600,1471,1630,1867,1818,1834,1729,2009,2050,2300,2246,2334,2800,2777,2767,2700,2533,2450,2180,2166.8,2121.5,2180,2060,2366.75,2500,2493,2483,2584,2000,1950,1988,1960,2100,2050,2230,2475,1387.5,2500,1700,1200,1900,2000,2000,2000,2000,2000,1850,1825,2000,2200,2350,3000,1933,2900,2975,3000,3000,3000,3000,3000,3000,3000,2800,2800
"UG2011L104",1,NA,NA,NA,NA,NA,NA,NA,NA,NA,NA,NA,NA,NA,NA,NA,1750,1833.333,1500,1775,1650,1600,1471,1630,1867,1818,1834,1729,2009,2050,2300,2246,2334,2800,2777,2767,2700,2533,2450,2180,2166.8,2121.5,2180,2060,2366.75,2500,2493,2483,2584,2000,1950,1988,1960,2100,2050,2230,2475,1387.5,2500,1700,1200,1900,2000,2000,2000,2000,2000,1850,1825,2000,2200,2350,3000,1933,2900,2975,3000,3000,3000,3000,3000,3000,3000,2800,2800
"UG2011L105",1,NA,NA,NA,NA,NA,NA,NA,NA,NA,NA,NA,NA,NA,NA,NA,1287.60083410475,1315.88532734192,1151.53123376937,1310.44464334188,1240.05720401864,1127.41448278831,1110.70943953184,1188.41131143925,1260.50221955234,1256.71821761344,1279.1796049056,1339.69738723108,1446.75463565668,1706.98591467481,1773.52000843903,1860.44574137925,1543.27639496585,1036.15451225573,1198.28619301104,1271.94926095009,1289.69939725581,1295.42049187876,1292.12054966638,1238.40658370965,1432.02468019896,1463.42906283787,1448.09405397018,1444.85878115966,1521.70473689173,1525.44246079906,1538.6485932062,1491.564812172,1494.21123033654,1538.6109421554,1499.71265674893,1660.58466539906,1668.58137647085,1682.30219275133,1727.26946692622,1742.81393624149,1429.66685022075,1435.49451314003,1576.53211194951,1763.34841976087,1376.27386368241,1421.07027800557,1613.52111986034,1593.05536823116,1654.46701266173,1652.10030742588,1723.69228466184,1858.19145853498,1699.39162551083,1631.20486835074,1588.42874759449,1663.61777058083,1787.23494515121,1628.54105957689,1535.19592424229,1540.48686692568,1615.47075847227,1564.54233034622,1428.18685865978,1595.81874161491,1912.82200926452,1952.55776091605,1946.64487339759,2134.27522258686,2430.23495478239
"UG2011L106",1,NA,NA,NA,NA,NA,NA,NA,NA,NA,NA,NA,NA,NA,NA,NA,1475.72866724931,1508.27088286684,1378.10162988858,1485.49137098539,1498.84602106184,1417.15244483288,1366.77689355474,1403.26903159277,1501.30488966575,1502.28322141143,1529.25407472146,1594.91179287744,1790.19242565001,1836.67785230502,1995.25407472146,1974.16663465154,2130.42972191393,2350.80450613943,2364.37401717286,2421.41812073413,2395.25407472146,2330.03921376449,2297.62703736073,2192.18983701114,2187.03512943849,2169.34511026873,2192.18983701114,2145.32885907799,2265.11723391961,2317.15244483288,2314.41888778678,1822.92032584668,2441.37890696964,2121.89837011142,1599.54218592968,1693.00594433037,1618.68456368803,1840.96596351324,1968.93758387591,2077.62703736073,2170.25407472146,1760.81375846621,2184.89271326199,1875.22890703516,1687.59348044566,1625.72866724931,1695.25407472146,2000,2000,2406.53106432157,2000,1941.42377758356,1931.66107384749,2000,2078.10162988858,2136.67785230502,2466.69463076255,1973.83595398732,2351.45733449863,2380.74544570685,2390.50814944292,2390.50814944292,2390.50814944292,2390.50814944292,2542.88111208219,2466.69463076255,2497.16922329041,2475.14084365308,2475.14084365308
"UG2011L107",0.999999999999999,NA,NA,NA,NA,NA,NA,NA,NA,NA,NA,NA,NA,NA,NA,NA,1492.21803507901,1527.81382511732,1385.43023781289,1502.89681480562,1507.93349488799,1428.14535671934,1373.04285333002,1416.90024233198,1523.29071343868,1521.2643159354,1547.57559453224,1602.97326159418,1803.34727687414,1849.50291617256,2013.57559453223,1990.50943032275,2142.66849714753,2377.81042634051,2389.18135499665,2442.19472419955,2413.57559453223,2342.24134595847,2306.78779726612,2191.45697621871,2185.81858052306,2166.46863165844,2191.45697621871,2140.19883353097,2271.2274607765,2328.14535671934,2325.15529839589,1862.60473775682,2449.95337824108,2114.5697621871,1620.61193371207,1710.7411755072,1639.2046658761,1856.5392553524,1973.81110814557,2086.78779726612,2188.57559453223,1738.36989669801,2203.83716474633,1864.69403314396,1658.27904874842,1642.21803507901,1713.57559453224,2000,2000,2382.09015689399,2000,1935.92732164033,1925.24854191372,2000,2085.43023781289,2149.50291617256,2498.75729043141,1971.38087033268,2384.43607015802,2416.47240933786,2427.15118906447,2427.15118906447,2427.15118906447,2427.15118906447,2570.36339179835,2498.75729043141,2527.39973097819,2494.67158377136,2494.67158377136
"UG2011L108",1,NA,NA,NA,NA,NA,NA,NA,NA,NA,NA,NA,NA,NA,NA,NA,1539.41084449974,1583.7460087324,1406.40481977766,1552.71144697195,1533.9419765243,1459.60722966649,1390.9761209099,1455.91296478645,1586.21445933299,1575.58848322415,1600.01204944416,1626.04530175543,1840.9966515009,1886.20843461091,2066.01204944416,2037.28274810419,2177.6960490287,2455.10176088069,2460.18031494739,2501.65766406967,2466.01204944416,2377.16402492981,2333.00602472208,2189.35951802223,2182.33679991691,2158.23610823727,2189.35951802223,2125.51662615564,2288.71501848963,2359.60722966649,2355.88306097428,1976.18209909604,2474.49363913987,2093.59518022234,1680.91385686078,1761.49966386194,1697.93349537746,1901.11024202753,1987.75920515215,2113.00602472208,2241.01204944416,1674.13523943091,2258.05645912526,1834.54307156961,1574.38072088935,1689.41084449974,1766.01204944416,2000,2000,2312.1399260415,2000,1920.19638516675,1906.89578269455,2000,2106.40481977766,2186.20843461091,2590.52108652727,1964.35438537448,2478.82168899948,2518.72349641611,2532.02409888831,2532.02409888831,2532.02409888831,2532.02409888831,2649.01807416623,2590.52108652727,2613.91988158286,2550.56884470747,2550.56884470747
"UG2011L109",1,NA,NA,NA,NA,NA,NA,NA,NA,NA,NA,NA,NA,NA,NA,NA,1300,1300,1300,1300,1402,1300,1300,1258,1267,1300,1334,1509,1650,1700,1800,1800,2000,2063,2100,2200,2200,2200,2200,2200,2200,2200,2200,2200,2200,2200,2200,1400,2350,2200,1375,1504,1400,1675,1917,1980,1975,2000,1983,1987.5,2000,1450,1500,2000,2000,2667,2000,2000,2000,2000,2000,2000,2125,2000,2000,2000,2000,2000,2000,2000,2250,2125,2175,2267,2267
"UG2011L110",1,NA,NA,NA,NA,NA,NA,NA,NA,NA,NA,NA,NA,NA,NA,NA,1430.76057774578,1505.48138823188,1496.1411468203,1496.1411468203,1501.19137996341,1412.08065532589,1251.24491493324,1295.54701953417,1397.57396345466,1330.26177693799,1296.45298046583,1438.94959042132,1607.96975425279,1679.26507876471,1771.97983616853,1706.41265280288,1645.26472589357,1448.79800881414,1457.77784498267,1569.54631379189,1630.6302709445,1667.61688720204,1667.61688720204,1723.65721486498,1677.14374290474,1776.50324385114,1723.65721486498,1728.25252173334,1700.30521032783,1695.63705103351,1735.98608695083,1545.14444864702,1864.69076243891,1770.17068682523,1403.02016383147,1481.02346565819,1472.85242596183,1590.93950850559,1813.88579710018,1860.44748778681,1722.81852551676,1656.75299306447,2272.72849401742,1987.5,2000,1309.89918084264,1780.20163831472,2000,2000,2293.21101448817,2280.20163831472,2700.50409578679,2560.40327662943,2280.20163831472,2000,2280.20163831472,2615.35286705075,2280.20163831472,1719.79836168528,2280.20163831472,2280.20163831472,1906.41265280288,1719.79836168528,2000,2203.48652803976,2335.15122873604,2002.39579079813,2397.57396345466,2397.57396345466
"UG2011L111",1,NA,NA,NA,NA,NA,NA,NA,NA,NA,NA,NA,NA,NA,NA,NA,1306.09020342746,1309.57034204394,1309.13531819165,1309.13531819165,1406.61986091406,1305.2201818238,1297.72922090665,1259.74876091097,1273.08151182473,1301.40944909243,1332.25123908903,1505.73738636012,1648.04243181607,1699.0342663626,1798.69495454405,1795.64114817713,1983.47812452767,2034.39340360557,2070.08835814962,2170.63647724112,2173.48147633509,2175.20413633695,2175.20413633695,2177.81422724885,2175.64785179197,2180.27554297877,2177.81422724885,2178.02825470362,2176.72660236586,2176.5091817929,2178.38844724946,1406.76013546182,2327.39661270294,2179.98060270572,1376.30504545595,1502.92986272612,1403.39311818547,1671.08486363215,1912.1974327221,1974.43181475492,1963.25459089645,1984.01319316461,1996.49417001453,1987.5,2000,1443.47477272025,1513.0504545595,2000,2000,2649.59069361762,2013.0504545595,2032.62613639876,2026.100909119,2013.0504545595,2000,2013.0504545595,2147.83829547913,2013.0504545595,1986.9495454405,2013.0504545595,2013.0504545595,1995.64114817713,1986.9495454405,2000,2247.83362454312,2134.78784091963,2166.96091999135,2273.08151182473,2273.08151182473
"UG2011L112",1,NA,NA,NA,NA,NA,NA,NA,NA,NA,NA,NA,NA,NA,NA,NA,1413.28162129434,1478.01439245684,1469.92267468818,1469.92267468818,1487.9323240566,1397.09867125039,1257.76207800608,1290.52805486888,1380.11995200671,1326.21664123761,1301.47194513112,1448.31333046851,1613.58799828111,1682.03674581868,1775.7253321874,1718.92260950593,1692.68270549252,1530.89928154786,1543.62461373526,1653.81997421655,1706.73875004802,1738.78131156065,1738.78131156065,1787.33064718584,1747.03469861693,1833.1126706804,1787.33064718584,1791.31169270711,1767.10013903082,1763.05597937324,1798.01150102338,1525.74277926926,1929.56275348581,1827.62659575475,1399.2746678126,1484.09477239367,1463.11413631276,1602.17599656221,1827.66922244964,1876.4282458307,1756.52798968662,1702.63531929568,2234.00006518226,1987.5,2000,1328.62666093701,1742.74667812598,2000,2000,2343.17593137995,2242.74667812598,2606.86669531494,2485.49335625195,2242.74667812598,2000,2242.74667812598,2549.80668672046,2242.74667812598,1757.25332187403,2242.74667812598,2242.74667812598,1918.92260950593,1757.25332187403,2000,2209.70405143109,2307.06000859448,2025.4680462744,2380.11995200671,2380.11995200671
"UG2011L113",1,NA,NA,NA,NA,NA,NA,NA,NA,NA,NA,NA,NA,NA,NA,NA,1303.60236877018,1333.82463242222,1324.94449403194,1330.15539614107,1412.56764686757,1307.55426530651,1277.25117521406,1258.9413537344,1288.80191984437,1301.04958023202,1321.85520673097,1483.61735732073,1626.97490483718,1695.71041024773,1791.59780603696,1785.84978079482,1901.86144976032,1876.0100211912,1916.85344718462,2017.46426346798,2030.10116300846,2037.75286364765,2037.75286364765,2045.00045710559,2052.75101150936,2065.32315983163,2045.00045710559,2054.12181744969,2047.99362108252,2054.85726413294,2062.68348371023,1430.02712826591,2200.09684278845,2075.17484825207,1387.31037054489,1495.13005814884,1424.97224556938,1656.98446302147,1879.14942641086,1927.64948772373,1888.95845011437,1899.02721224367,2006.045134741,1947.11550865424,1958.31278312696,1410.59448123936,1550.15107592107,1958.31278312696,1968.73458734522,2528.86022198738,2028.421614126,2109.74498347528,2075.55036682377,2014.97748668444,1973.94548945435,2026.70201642998,2178.24215638888,2020.18838879357,1901.64807956948,2016.28021221172,2021.49111432085,1949.37346603091,1905.55625615133,1968.73458734522,2206.50654306258,2134.1878359355,2124.96208288368,2263.16428146745,2278.79698779484
"UG2011L114",1,NA,NA,NA,NA,NA,NA,NA,NA,NA,NA,NA,NA,NA,NA,NA,1087.59927834684,1314.16117521139,1222.80680465874,1287.18219706405,1337.67196562533,1173.12124099816,1114.75016953195,1195.86112105076,1279.80284981412,1253.51141051249,1257.73178527781,1333.05079348908,1448.12488905509,1687.74422763039,1751.25044924382,1809.05879819654,1484.54380742711,959.647135525586,1099.17975692189,1183.60434849251,1219.7091914192,1241.57083942985,1241.57083942985,1221.00547127087,1408.14035099134,1368.2455860732,1221.00547127087,1324.66223070919,1303.86247338255,1397.82729550291,1415.23882681946,1485.79040658727,1451.58245128244,1502.39469747629,1472.03109506017,1439.56271926591,1565.37406740927,1617.58938925078,1651.98238131818,1568.14661790248,1407.50325838372,1426.95877538874,1698.47179785383,1488.59070885881,1484.99686075748,1238.43994242174,1569.05545692729,1484.99686075748,1613.74764556811,1694.80403088594,1800.61007059713,1979.51246510228,1832.32779992933,1634.52155819142,1678.12303797343,1779.36619110337,1819.36007493755,1698.89695059673,1335.47216332355,1650.61540629274,1714.99079869806,1558.43105135933,1383.75370762753,1613.74764556811,1804.0672708066,1825.62382712448,1895.94664683566,1963.07591917997,2156.20209639591
"UG2011L115",1,NA,NA,NA,NA,NA,NA,NA,NA,NA,NA,NA,NA,NA,NA,NA,1533.333,1666.667,1650,1650,1579,1500,1213,1325,1500,1354,1267,1384,1575,1663,1750,1633,1367,967,954,1075,1184,1250,1250,1350,1267,1444.3,1350,1358.2,1308.33,1300,1372,1659,1484,1433,1425,1463,1530,1525,1733,1766.667,1525,1387.5,2500,1987.5,2000,1200,2000,2000,2000,2000,2500,3250,3000,2500,2000,2500,3000,2500,1500,2500,2500,1833,1500,2000,2167,2500,1867,2500,2500
"UG2011L116",1,NA,NA,NA,NA,NA,NA,NA,NA,NA,NA,NA,NA,NA,NA,NA,1533.11607954663,1666.4976959373,1649.79366093151,1649.82540540358,1578.88318034276,1499.84127763962,1212.95047862356,1324.93714594529,1499.89429090799,1353.951113513,1266.99460343975,1383.97333464346,1574.93651105585,1663.01174545467,1750,1633.08475774044,1367.05015626588,966.982857985079,954.057457494458,1075.0396805901,1184.00507911553,1249.98412776396,1249.98412776396,1349.92590840217,1267.0580923839,1444.25317690369,1349.92590840217,1358.17308068768,1308.31680064851,1300.03714103233,1372.01111056523,1658.91778181732,1483.97333464346,1433.02476068822,1425.02380835406,1462.98793710061,1530.01904668325,1525.04380737147,1732.95777985214,1766.56647573261,1524.93651105585,1387.51190417703,2499.61113021707,1987.25398034141,1999.74604422339,1200.01587223604,1999.79366093151,1999.74604422339,1999.80953316754,1999.84127763962,2499.66128648295,3249.38891891254,2999.43653562065,2499.57938574499,1999.84127763962,2499.65081080716,2999.42859950263,2499.61113021707,1499.91270270179,2499.58732186301,2499.61906633509,1832.86254643591,1499.93651105585,1999.80953316754,2166.82000884333,2499.67207960345,1867.01047567579,2499.73810810537,2499.8333415216
"UG2011L117",1,NA,NA,NA,NA,NA,NA,NA,NA,NA,NA,NA,NA,NA,NA,NA,1533.333,1666.667,1650,1650,1579,1500,1213,1325,1500,1354,1267,1384,1575,1663,1750,1633,1367,967,954,1075,1184,1250,1250,1350,1267,1444.3,1350,1358.2,1308.33,1300,1372,1659,1484,1433,1425,1463,1530,1525,1733,1766.667,1525,1387.5,2500,1987.5,2000,1200,2000,2000,2000,2000,2500,3250,3000,2500,2000,2500,3000,2500,1500,2500,2500,1833,1500,2000,2167,2500,1867,2500,2500
"UG2011L118",1,NA,NA,NA,NA,NA,NA,NA,NA,NA,NA,NA,NA,NA,NA,NA,850.562528170153,1133.77142378878,1000.53465553139,1100.45221896224,1211.30276873519,1000.41150732114,1057.1288949011,1127.16299810617,1167.27372678909,1200.12676992485,1250.01424051751,1300.06966892099,1375.16512646005,1699.96962344147,1750.00016888116,1899.78045842343,1524.8718882562,913.048217622336,1134.85466056598,1199.90075411462,1199.99024181407,1200.04442702659,1200.04442702659,1116.7952779321,1449.85229240086,1296.92414640933,1116.7952779321,1273.47274949383,1266.7872888507,1416.90658907494,1406.97394387278,1400.21263590971,1400.07217173975,1510.93829011303,1499.93800369198,1425.03146437883,1589.9500989675,1662.88674417804,1600.11026211964,1450.26176996893,1325.16639306873,1424.97115508076,1276.00810174096,1213.13888341095,1200.65949255323,1249.95962612121,1350.53414888792,1200.65949255323,1400.49461941493,1500.41443572042,1433.87790938129,1326.58268192726,1226.45987147932,1176.09059572971,1500.41218284577,1400.90511344911,1201.48090282451,1276.00815916056,1225.22838937676,1201.06998658742,1300.98755001827,1400.35751440751,1300.16656194989,1400.49461941493,1600.46769568983,1467.85030315068,1899.97383624012,1675.67931470933,1975.43200500186
"UG2011L119",1,NA,NA,NA,NA,NA,NA,NA,NA,NA,NA,NA,NA,NA,NA,NA,1501.75528736811,1642.02093755487,1619.96264894169,1624.58377987373,1561.99423817006,1476.89434533976,1205.791035746,1315.85016075454,1484.61163399628,1346.88345836465,1266.21440774155,1380.11825001708,1565.7577381359,1664.70981844486,1750,1645.33841958857,1374.30138687264,964.504589296694,962.364246987007,1080.77641366506,1184.73938094913,1247.68943453398,1247.68943453398,1339.2142804046,1275.45666960565,1437.48383187523,1339.2142804046,1354.28128096962,1306.40853375845,1305.4067231905,1373.61739582622,1647.03127088599,1480.11825001708,1436.604482127,1428.46584819904,1461.24397024582,1532.77267855923,1531.37716068623,1726.85389586038,1752.03340331141,1515.7577381359,1389.23292409952,2443.39114608241,1951.68623527663,1963.03095254361,1202.31056546602,1969.96264894169,1963.03095254361,1972.27321440771,1976.89434533976,2450.69253295504,3161.04322955807,2917.97492595614,2438.77001515036,1976.89434533976,2449.16755974747,2916.81964322313,2443.39114608241,1487.29188993687,2439.92529788337,2444.54642881542,1812.99050306423,1490.7577381359,1972.27321440771,2140.79818761529,2452.26371747194,1868.52497320758,2461.8756698106,2475.73906260675
"UG2011L120",1,NA,NA,NA,NA,NA,NA,NA,NA,NA,NA,NA,NA,NA,NA,NA,1533.333,1666.667,1650,1650,1579,1500,1213,1325,1500,1354,1267,1384,1575,1663,1750,1633,1367,967,954,1075,1184,1250,1250,1350,1267,1444.3,1350,1358.2,1308.33,1300,1372,1659,1484,1433,1425,1463,1530,1525,1733,1766.667,1525,1387.5,2500,1987.5,2000,1200,2000,2000,2000,2000,2500,3250,3000,2500,2000,2500,3000,2500,1500,2500,2500,1833,1500,2000,2167,2500,1867,2500,2500
"UG2011L121",1,NA,NA,NA,NA,NA,NA,NA,NA,NA,NA,NA,NA,NA,NA,NA,1113.22050616213,1338.70383297123,1250.26787973083,1311.7989874405,1352.66100442214,1192.5137536391,1117.0642911354,1203.23544644108,1295.21415992364,1259.29423612084,1256.54546762373,1332.34231061137,1452.00550145564,1685.75398223071,1750,1797.19765555672,1464.16565385004,933.791485393023,1065.31002118264,1151.87156159022,1193.83955988355,1219.25137536391,1219.25137536391,1206.46542019873,1379.52303694935,1353.62649923102,1206.56137501056,1306.09319739905,1282.83841855806,1371.97988415156,1393.55552559212,1499.72212438505,1432.34231061137,1480.9678544323,1471.12293695413,1439.72415597965,1566.93559384454,1609.87873161748,1651.24251690548,1572.01015174098,1402.00550145564,1410.56146847707,1746.6586964158,1511.06137802334,1508.02200582256,1230.81634151106,1600.31866738706,1508.10665191627,1631.06153608878,1692.5137536391,1843.84703541896,2066.23720377614,1908.46614846567,1685.22916401859,1692.49106848599,1823.53025800602,1893.11722997573,1746.69255485328,1330.95874598584,1700.53575946166,1762.03300873384,1566.71691065146,1377.00550145564,1631.01650436692,1818.36984889234,1864.82923439646,1887.29409225982,1992.75773342634,2177.28333968036
"UG2011L122",1,NA,NA,NA,NA,NA,NA,NA,NA,NA,NA,NA,NA,NA,NA,NA,1082.2884390594,1314.63160896123,1220.95740347475,1286.96395678632,1336.09588381339,1169.96723344211,1110.02977683394,1194.30702444308,1280.19817747245,1252.34990790017,1255.77888593703,1328.55449521827,1442.98689337684,1687.42242472528,1750,1809.23749734191,1471.29035423229,931.356461211748,1073.47186149396,1157.50819163947,1194.56104852985,1216.99672334421,1216.99672334421,1195.94070457078,1387.79199256019,1346.94033386542,1195.94070457078,1302.22644279178,1280.88447513305,1377.22766737455,1395.10229365905,1488.04302692301,1428.55449521827,1484.48511158303,1474.50491498368,1437.9175097416,1569.60393198695,1616.08904356998,1645.2112840956,1557.64602782483,1392.98689337684,1412.25245749184,1691.41972193317,1475.94921183527,1471.94757350738,1233.00327665579,1570.95740347475,1471.94757350738,1603.96068013053,1669.96723344211,1795.71007616547,1979.37384875213,1828.3836787195,1625.4131686216,1669.96723344211,1773.92791357265,1811.8820403916,1691.41972193317,1318.48197839316,1641.91480694949,1707.92136026107,1547.19162416087,1367.98689337684,1603.96068013053,1792.74284272336,1818.1523042914,1888.78216259282,1955.44593517948,2153.46559511422
"UG2011L123",1,NA,NA,NA,NA,NA,NA,NA,NA,NA,NA,NA,NA,NA,NA,NA,1000.65920429893,1162.03013477999,1000,1143.04548694255,1173.98088122941,1000,1057,1127,1167,1200,1250,1300,1375,1700,1750,1900,1525,913,1135,1200,1200,1200,1200,1116.6,1428.47725652872,1341.22294252471,1238.59090999519,1327.89558646927,1367.1535982935,1452.72775416232,1447.03230285657,1400,1400,1511,1500,1543.37508909201,1637.35003563681,1678.92683016874,1643.04548694255,1557.61371735638,1325,1425,1275,1422.34674884493,1200,1336.0909738851,1414.56823041383,1307.61371735638,1457.25049763359,1500,1461.84047625151,1400.32960214946,1278.80685867819,1261.0909738851,1471.15952374849,1400,1286.0909738851,1318.04548694255,1321.85234562074,1200,1300,1400,1300,1400,1675.32960214946,1588.81872804742,1900,1814.89783256329,2157.94331950584
"UG2011L124",1,NA,NA,NA,NA,NA,NA,NA,NA,NA,NA,NA,NA,NA,NA,NA,925.483459312188,1147.71087366276,1000,1121.56670266063,1192.45263571186,1000,1057,1127,1167,1200,1250,1300,1375,1700,1750,1900,1525,913,1135,1200,1200,1200,1200,1116.6,1439.21664866969,1319.05683714577,1177.72003534021,1300.70344556835,1317.05433395591,1434.90036320832,1427.05703347438,1400,1400,1511,1500,1484.30843231672,1613.72337292669,1670.97967998443,1621.56670266063,1503.91675665156,1325,1425,1275,1317.63767547055,1200,1293.13340532125,1382.35005399094,1253.91675665156,1428.68371453863,1500,1447.44969078262,1362.74172965609,1251.95837832578,1218.13340532125,1485.55030921738,1400,1243.13340532125,1296.56670266063,1273.52508098641,1200,1300,1400,1300,1400,1637.74172965609,1528.03376852957,1900,1745.09178364703,2066.65848630766
"UG2011L125",1,NA,NA,NA,NA,NA,NA,NA,NA,NA,NA,NA,NA,NA,NA,NA,1200,1200,1000,1200,1125,1000,1057,1127,1167,1200,1250,1300,1375,1700,1750,1900,1525,913,1135,1200,1200,1200,1200,1116.6,1400,1400,1400,1400,1500,1500,1500,1400,1400,1511,1500,1700,1700,1700,1700,1700,1325,1425,1275,1700,1200,1450,1500,1450,1533,1500,1500,1500,1350,1375,1433,1400,1400,1375,1450,1200,1300,1400,1300,1400,1775,1750,1900,2000,2400
"UG2011L126",1,NA,NA,NA,NA,NA,NA,NA,NA,NA,NA,NA,NA,NA,NA,NA,1200,1200,1000,1200,1125,1000,1057,1127,1167,1200,1250,1300,1375,1700,1750,1900,1525,913,1135,1200,1200,1200,1200,1116.6,1400,1400,1400,1400,1500,1500,1500,1400,1400,1511,1500,1700,1700,1700,1700,1700,1325,1425,1275,1700,1200,1450,1500,1450,1533,1500,1500,1500,1350,1375,1433,1400,1400,1375,1450,1200,1300,1400,1300,1400,1775,1750,1900,2000,2400
"UG2011L127",0.999999999999999,NA,NA,NA,NA,NA,NA,NA,NA,NA,NA,NA,NA,NA,NA,NA,1120.79500291931,1204.62493144439,1039.42334597665,1177.37000083409,1181.9139779605,1049.27918247081,1089.9184938905,1154.79345891354,1163.64901559198,1249.27918247081,1309.13501896498,1349.27918247081,1437.48600337299,1719.71167298832,1779.56750948249,1870.43249051751,1539.78375474124,1025.55365276334,1169.1011942698,1212.41835398264,1254.2071007179,1259.13501896498,1259.13501896498,1205.30252844747,1472.08608740596,1458.80409387612,1368.70622956236,1379.23509025129,1434.10726440827,1520.64044666894,1559.18060983819,1464.06293721206,1446.12531479268,1513.16828402871,1500,1625.54626504098,1694.81867390582,1708.97317253834,1677.37000083409,1641.45383478639,1361.95938685311,1476.74314159435,1329.20710071789,1550.25540808953,1259.13501896498,1404.74000166818,1466.05500125113,1501.83920352101,1594.95561396482,1559.13501896498,1543.97291952382,1460.39750145965,1356.20792877218,1374.09126589191,1481.08059333166,1439.42334597665,1420.3798727193,1436.14461103447,1468.07335733584,1303.48628318871,1373.91877370622,1439.42334597665,1344.35126422373,1439.42334597665,1700.90207373008,1666.24542937214,1880.28832701167,1979.08266958962,2224.97581159157
"UG2011L128",1,NA,NA,NA,NA,NA,NA,NA,NA,NA,NA,NA,NA,NA,NA,NA,1200,1200,1000,1200,1125,1000,1057,1127,1167,1200,1250,1300,1375,1700,1750,1900,1525,913,1135,1200,1200,1200,1200,1116.6,1400,1400,1400,1400,1500,1500,1500,1400,1400,1511,1500,1700,1700,1700,1700,1700,1325,1425,1275,1700,1200,1450,1500,1450,1533,1500,1500,1500,1350,1375,1433,1400,1400,1375,1450,1200,1300,1400,1300,1400,1775,1750,1900,2000,2400
"UG2011L129",1,NA,NA,NA,NA,NA,NA,NA,NA,NA,NA,NA,NA,NA,NA,NA,1200,1293.77208419113,1187.54416838227,1200,1303.16695996315,1234.43021047783,1213.59938059919,1259.2186387095,1151.05874568751,1434.43021047783,1531.3162525734,1534.43021047783,1672.25750688589,1793.77208419113,1890.6581262867,1759.3418737133,1595.32906314335,1448.43860073137,1297.22570565066,1259.07641304041,1457.87323152561,1481.3162525734,1481.3162525734,1538.5743788601,1689.09933556126,1790.84204690864,1556.22429226243,1437.50883367645,1437.6415640129,1687.54416838226,1881.65238265791,1704.75927362118,1619.42667700725,1521.31492926102,1500,1641.8613078015,1793.77208419113,1782.5194340882,1700,1690.62279158089,1500.82265785837,1671.15172100172,1532.87323152561,1512.45583161773,1481.3162525734,1450,1500,1965.74646305123,1970.91563317259,1781.3162525734,1781.3162525734,1500,1514.10114733448,1585.98718943005,1589.59938059919,1587.54416838226,1712.26104035647,1773.53135781231,1778.20229466896,1692.30344200345,1651.64531571675,1587.54416838226,1510.98718943005,1587.54416838226,1610.89885266552,1656.22791580887,1806.22791580887,2250.37146479032,2024.91166323547
"UG2011L130",1,NA,NA,NA,NA,NA,NA,NA,NA,NA,NA,NA,NA,NA,NA,NA,1200,1278.7704789548,1157.5409579096,1200,1274.66391001412,1196.926197387,1188.54669985452,1238.06637532627,1153.60901857768,1396.926197387,1486.3114368644,1496.926197387,1624.70241828672,1778.7704789548,1868.1557184322,1781.8442815678,1584.0778592161,1362.77943483191,1271.2729285918,1249.62540174152,1416.6188171257,1436.3114368644,1436.3114368644,1471.0671552966,1642.84938661765,1728.31535628361,1531.2316179387,1431.50819158192,1447.61763149506,1657.5409579096,1820.59584934604,1656.0040566031,1584.32292075423,1519.66475268503,1500,1651.16230304802,1778.7704789548,1769.31802148022,1700,1692.12295210452,1472.69464804025,1631.77250725635,1491.6188171257,1542.4590420904,1436.3114368644,1450,1500,1883.2376342514,1900.85813671892,1736.3114368644,1736.3114368644,1500,1487.8483381709,1552.2335776483,1564.54669985452,1557.5409579096,1662.30569491949,1709.7745355579,1725.6966763418,1613.5450145127,1595.3892960805,1557.5409579096,1477.2335776483,1557.5409579096,1637.1516618291,1671.2295210452,1821.2295210452,2210.31717880932,2084.9180841808
"UG2011L131",1,NA,NA,NA,NA,NA,NA,NA,NA,NA,NA,NA,NA,NA,NA,NA,1200,1300,1200,1200,1315,1250,1224,1268,1150,1450,1550,1550,1692,1800,1900,1750,1600,1484,1308,1263,1475,1500,1500,1566.6,1708.3,1816.8,1566.6,1440,1433.5,1700,1907,1725,1634,1522,1500,1638,1800,1788,1700,1690,1512.5,1687.5,1550,1500,1500,1450,1500,2000,2000,1800,1800,1500,1525,1600,1600,1600,1733,1800,1800,1725,1675,1600,1525,1600,1600,1650,1800,2267,2000
"UG2011L132",1,NA,NA,NA,NA,NA,NA,NA,NA,NA,NA,NA,NA,NA,NA,NA,1197.79349668547,1298.9492820345,1198.73914096312,1199.36957048156,1314.34435330082,1248.4239262039,1222.94718270421,1267.111094379,1150.10717301813,1448.4239262039,1548.10871144469,1548.4239262039,1690.00153842655,1799.36957048156,1899.05435572234,1750.94564427766,1599.52717786117,1480.40024744972,1306.9093569331,1262.60282940338,1473.26631882429,1498.10871144469,1498.10871144469,1563.76306716703,1706.67160055387,1813.52176650412,1563.76306716703,1438.94970442228,1432.448758778,1698.21588446282,1903.84785240781,1722.95110406508,1632.52479492685,1521.93065275297,1500,1636.65718512573,1798.67609801128,1787.21196310195,1699.36957048156,1688.48696915575,1511.31794465293,1685.8451225141,1548.26631882429,1498.18751513449,1498.10871144469,1448.73914096312,1499.05435572234,1994.95656385249,1996.21742288937,1798.10871144469,1797.68632366733,1498.89674834273,1523.10871144469,1597.32067454664,1599.36957048156,1598.73914096312,1729.63981066672,1796.6902450282,1796.37503026898,1721.6902450282,1672.63588930586,1598.73914096312,1523.58153358351,1598.73914096312,1600,1648.84631398126,1800.63042951844,2263.26785725085,1999.84239262039
"UG2011L133",1,NA,NA,NA,NA,NA,NA,NA,NA,NA,NA,NA,NA,NA,NA,NA,1257.90311532146,1300,1180.69896155951,1200,1346.6537030424,1230.69896155951,1194.66242157046,1288.07307997811,1202.88484532693,1401.74740389879,1482.4463654583,1435.73785243232,1568.08733321208,1811.19460229548,1861.39792311903,1849.97937912172,1947.41869192874,1856.89606267018,1746.51959336784,1438.25342903961,1664.92221825438,1577.20415376194,1615.80623064291,1579.49309367824,1706.75591692476,1807.92152231738,1579.49309367824,1463.16124612858,1459.17038112585,1700,1927.45910074691,1715.34948077976,1743.24387757315,1689.53301366342,1615.80623064291,1771.56318600816,1935.1072690834,2048.56401894656,1841.66962215316,1666.83875387142,1507.67474038988,1576.51902896721,1516.41619311355,1461.39792311903,1384.19376935709,1450,1500,1787.68857715466,1819.72830096586,1684.19376935709,1684.19376935709,1500,1457.4463654583,1513.14532701781,1535.53453160878,1522.79584623806,1604.45508398637,1635.94117325587,1664.8927309166,1522.3390963749,1530.24221169636,1522.79584623806,1438.14532701781,1522.79584623806,1667.5536345417,1688.60207688097,1838.60207688097,2163.93245472781,2154.40830752389
"UG2011L134",1,NA,NA,NA,NA,NA,NA,NA,NA,NA,NA,NA,NA,NA,NA,NA,1190.27844923885,1227.07138797701,1149.21932282928,1183.79364177267,1312.71073911967,1264.0447557386,1198.34958986342,1278.02711853739,1238.25109061395,1329.20672319959,1426.39686638177,1399.44926833443,1551.0646635201,1788.93689719069,1830.85136211322,1918.07464853216,2060.27415870767,1892.67411034896,1754.16738511346,1482.28968395835,1620.73499967497,1508.6464099549,1561.58868961435,1551.87000495159,1702.13071925679,1709.4919528839,1551.87000495159,1450.17849863686,1482.15789330222,1624.47837066064,1781.26106864213,1610.47469116432,1662.11690114897,1629.24942552337,1569.69186872801,1721.67324810587,1870.23283539401,1999.341100073,1905.15642636247,1761.95532485925,1657.8168234238,1683.17396480349,1658.38681060275,1621.27607128436,1551.85581797697,1450,1500,1797.95243212337,1828.44324691203,1970.81048736558,1754.61766861298,1662.06358227331,1614.67254065344,1646.99504259639,1668.30187702702,1656.17902295442,1737.72723013334,1708.69776682284,1736.24970789693,1621.27138273172,1642.58162310722,1656.17902295442,1596.30457993739,1656.17902295442,1874.9705194615,1840.69632459176,1958.2836081371,2168.91508977626,2233.4856386624
"UG2011L135",1,NA,NA,NA,NA,NA,NA,NA,NA,NA,NA,NA,NA,NA,NA,NA,1225.11782244508,1275.27794603318,1224.92582797735,1299.22892386571,1348.20102462101,1371.79160423037,1286.84775198206,1314.51402215075,1369.38706841735,1347.36546222463,1437.27293351194,1489.80218822604,1683.373454676,1781.85507434779,1884.57364878145,1974.22402921335,2078.96244437622,1994.08366786448,1870.86563348421,1878.31975955274,1848.59311145407,1774.1232446265,1790.11833268637,1803.55360793083,1913.53457027882,1816.92508864175,1803.55360793083,1737.9481815787,1843.39330766807,1853.84787076779,1860.26026982224,1596.66687145475,1884.84740890492,1726.63082000311,1491.35685604035,1607.43584913105,1640.80316030252,1782.29598272081,1946.23676467293,2006.55975149757,2038.22976414074,1869.43658385447,2047.08321597019,1912.47113673716,1828.73456676534,1526.1162839033,1584.57364878145,1975.28602831076,1979.01559131114,2501.74019805038,1977.53275300978,1952.16065837535,1941.19180183921,1971.91594126223,2008.35160142567,2032.24085775875,2240.42637723172,1960.58307232551,2127.51859611737,2128.97101993947,2137.69315177659,2142.18660117463,2137.69315177659,2142.18660117463,2355.51658853146,2256.15345012487,2302.18953464477,2345.15799970825,2363.13179730042
"UG2011L136",1,NA,NA,NA,NA,NA,NA,NA,NA,NA,NA,NA,NA,NA,NA,NA,1136.31526298357,1201.47340324405,1148.24558140847,1178.1052007209,1284.27270629645,1285.82477852488,1214.95874544842,1264.02232523836,1223.0574372044,1328.93397724725,1441.98816452186,1446.35968326264,1609.77524040973,1775.28056458533,1840.28076137515,1889.78436452857,1918.52515483265,1710.57105665045,1527.93345387394,1406.25971556687,1506.08106268506,1444.2800830169,1482.10452236265,1535.44376418328,1701.31332260639,1679.57790718216,1535.44376418328,1433.53079096769,1476.82593556658,1597.97023535939,1719.26530769459,1578.70139466919,1576.61322076243,1520.63338421056,1493.0519220022,1634.43849256262,1776.93246282851,1846.04282407912,1853.4852079159,1807.43205177879,1713.03568832334,1778.54478030276,1725.75017489902,1697.54465290458,1671.15907259105,1450,1500,1912.38697963343,1925.60858088875,2131.86689929965,1839.79027691645,1718.947992791,1705.12372303481,1739.31670408284,1748.5558953215,1743.2991140995,1851.6095249262,1819.87822683314,1831.82545688313,1761.79078568514,1757.58004506421,1743.2991140995,1697.15890300149,1743.2991140995,1912.50926074494,1873.9302332181,1980.1406346599,2224.46786102205,2180.63678841699
"UG2011L137",1,NA,NA,NA,NA,NA,NA,NA,NA,NA,NA,NA,NA,NA,NA,NA,1134.40918069391,1238.32352265895,1170.26762787654,1196.41835585597,1295.20452252807,1256.28448939787,1205.82472792254,1249.86262077147,1205.35530529728,1349.09840871159,1444.05121830705,1467.39134513477,1617.21732685649,1765.06925270331,1844.20456303304,1833.943820752,1743.96687286554,1513.50454324053,1383.65593725345,1345.61921350621,1456.90359736539,1441.68984674492,1459.42144514856,1511.82268327128,1676.86392807038,1681.01948312366,1511.82268327128,1438.78612282743,1459.39413376492,1612.60171919334,1732.00739713013,1592.24610655821,1582.77836463534,1522.2931696187,1476.55884271902,1587.28328806402,1725.49041688579,1766.45512088687,1771.30426933127,1746.8427022328,1624.74410331985,1722.90572865207,1674.90045266976,1621.50684010613,1614.01866719495,1418.8773480564,1501.97034103435,1884.35148443453,1910.49229743772,2008.48580053897,1827.79275818963,1688.9976767237,1674.08657320604,1690.11255368518,1710.27464450719,1716.04556063704,1816.99928713072,1804.11923285033,1765.63995068907,1748.36216723346,1738.6456879433,1691.49134347357,1624.5436187172,1697.63977505127,1816.65056937814,1802.88739090696,1926.32692579126,2197.11963331663,2112.77247942631
"UG2011L138",1,NA,NA,NA,NA,NA,NA,NA,NA,NA,NA,NA,NA,NA,NA,NA,1523.28905871976,1578.67243961742,1392.18632211603,1546.25183527693,1523.45213241728,1460.76597688907,1384.07689341572,1459.54807783776,1589.98151299865,1583.02352706141,1615.10357644618,1622.6148490589,1841.56569896372,1896.76225919148,2075.89863463671,2052.70881749963,2166.59356487533,2415.77399918049,2400.93828349704,2427.97036150363,2396.78084264115,2301.74545838827,2259.31871083334,2118.41213936022,2130.30700112447,2099.04606037313,2118.41213936022,2046.12671028723,2218.49997115659,2300.76824896478,2304.54667750006,2003.91587998092,2395.63342637309,2019.03105333954,1696.87561493092,1774.40814117377,1735.68140187818,1914.83259100867,1979.74386157725,2099.28854974274,2223.24227594532,1645.48385529553,2240.60313748452,1802.63305138959,1533.31593308843,1693.60335778261,1771.49255665512,1988.06163014982,1990.76565893771,2254.92755791669,1984.43603218611,1891.44344126681,1876.68979356136,1974.32012454082,2087.59846926197,2168.25024787597,2576.02857727683,1945.38509054049,2473.57102828073,2510.52868522888,2524.20800911343,2523.41040114864,2519.30645338798,2523.41040114864,2628.71539023953,2578.15762719488,2608.98008800545,2550.11764602109,2546.8671822569
"UG2011L139",0.999999999999999,NA,NA,NA,NA,NA,NA,NA,NA,NA,NA,NA,NA,NA,NA,NA,1534.11787135774,1599.78589612961,1427.75498423397,1570.37803148253,1518.66046914257,1441.42413089906,1331.88986711293,1422.29001144321,1569.4034359005,1529.59190151309,1532.65783689487,1558.47532331985,1764.12713349142,1847.3856658164,2005.77172768868,1974.087870632,1967.78990619406,2042.35271822762,2062.43314247199,2114.27012211727,2106.84564845443,2046.38332949884,2009.64206740856,1901.5767196527,1909.47403520278,1924.73231406354,1930.38684189898,1879.81482621583,2015.55870366524,2073.68340609777,2085.21569613668,1932.23864006788,2175.05600935622,1881.12316081842,1653.13706387289,1729.37113017518,1705.96882468856,1835.01002474125,1914.5123051162,2015.72734890227,2034.83418894177,1542.26430446355,2241.39100978328,1826.68078454808,1560.0748453875,1597.0875360749,1822.48708583775,1939.62220820726,1949.17624803116,2110.53549427331,2047.99715113844,2133.98161953323,2056.11224398617,2033.84969632216,2028.10170025623,2192.58009916335,2611.95180052076,2004.74926419326,2236.16953272742,2447.79810237146,2469.58881107427,2344.25628397514,2265.60591663045,2378.32142734726,2513.15266459833,2547.03128859749,2447.88138576157,2520.02156536477,2562.35964231604
"UG2011L140",0.999999999999999,NA,NA,NA,NA,NA,NA,NA,NA,NA,NA,NA,NA,NA,NA,NA,1174.23226529403,1257.37218365654,1212.76749536661,1282.07800727799,1317.06385189268,1345.84542748578,1238.3883515893,1281.05254318867,1336.81209111156,1310.51444609298,1396.58054796824,1444.45073006632,1630.1807904438,1755.53597048284,1843.05094941263,1931.5571445482,1904.17228183725,1650.3857515111,1523.21553965597,1547.80189994199,1537.79819912028,1488.18822725926,1509.5768827622,1559.0106357551,1702.85425147187,1618.38674355812,1571.74638680954,1516.9389453353,1602.30773136377,1617.0055987164,1635.42919742406,1557.39281606125,1616.1960337382,1527.2323735978,1463.70525250859,1567.65362866456,1648.7097147057,1721.50099296282,1874.84335923994,1918.0395894772,1876.13991564382,1786.69197653713,1991.43777739594,1869.88941397406,1803.2759195638,1454.74097531108,1598.04438965707,1922.54268594158,1938.33803933488,2345.32323484143,1985.05487345767,2035.63995530307,1990.84822990362,1953.43604941504,1936.26308059457,2000.73233972527,2195.04830914138,1962.17536641583,1943.97104962354,2044.28968273043,2055.92997801681,1987.52851143482,1933.90424944966,2006.64570867936,2215.86559030671,2170.38336694974,2168.76210609182,2297.30549272825,2325.59819721636
"UG2011L141",0.999999999999999,NA,NA,NA,NA,NA,NA,NA,NA,NA,NA,NA,NA,NA,NA,NA,1165.53425637727,1260.22144878377,1191.9016966372,1220.76197772495,1312.11680001903,1277.62511314945,1210.43645628177,1263.02625067064,1231.32490968314,1353.42359241471,1442.64699255724,1460.47925000269,1616.36999835932,1768.56351793152,1845.77452589019,1843.06910202874,1778.8360540717,1557.63593867533,1422.28916297567,1361.38930858094,1473.3069003492,1446.52207430997,1467.6006700792,1515.18942681386,1666.0533928961,1676.04286852204,1515.18942681386,1436.5696727715,1461.75328712964,1604.61073036626,1725.92429669163,1610.47652801664,1589.85580291501,1525.05909959711,1490.35697806811,1605.24534567064,1741.86756357739,1789.23486229178,1793.15839704503,1762.49040146554,1643.15401362252,1706.87703573292,1727.47308979079,1647.62690418794,1627.52875647157,1422.62705964735,1531.70533046988,1892.91111491369,1914.9934961092,2017.16972781883,1857.66150539533,1762.22445440256,1734.96935550011,1734.20906789011,1729.58961063837,1757.67908451338,1885.49803943386,1834.23878409264,1776.48960168116,1791.9737650108,1785.01541634394,1717.41146408798,1642.01623551322,1729.59106504836,1860.55791549091,1860.32473266561,1943.79494654096,2223.66445496764,2155.77534285132
