,OBJECTID,seqID,FNID,EFF_YEAR,COUNTRY,ADMIN0,ADMIN1,ADMIN2,ADMIN3,LZCODE,LZNAME,FNID_OLD,EFF_PERD,split_id,OBJECTID_1,Id,Input_FID,FID_,Name,Latitude,Longitude,Shape_Leng,Shape_Area,area,pop,pop.sum,weights
1,1,V145,MW2012C3020913,2012,MW,Malawi,Central,Ntcheu,NA,MW13,Rift Valley Escarpment,10922213,3,28,35,0,0,0,BALAKA,-14.987605,34.956175,180841.2962,1767006200,259574155.8,60617.82405,316780.9743,0.191355634
2,1,V191,MW2012C3030112,2012,MW,Malawi,Southern,Mangochi,NA,MW12,Phirilongwe Hills,10921312,3,38,35,0,0,0,BALAKA,-14.987605,34.956175,180841.2962,1767006200,105123600.1,9655.755051,316780.9743,0.030480855
3,1,V215,MW2012C3030606,2012,MW,Malawi,Southern,Mwanza,NA,MW06,Middle Shire Valley,10921606,3,43,35,0,0,0,BALAKA,-14.987605,34.956175,180841.2962,1767006200,2028172.742,449.4255736,316780.9743,0.001418727
4,1,V173,MW2012C3031213,2012,MW,Malawi,Southern,Balaka,NA,MW13,Rift Valley Escarpment,10920113,3,34,35,0,0,0,BALAKA,-14.987605,34.956175,180841.2962,1767006200,1008815047,199667.8334,316780.9743,0.630302479
5,1,V180,MW2012C3031206,2012,MW,Malawi,Southern,Balaka,NA,MW06,Middle Shire Valley,10920106,3,35,35,0,0,0,BALAKA,-14.987605,34.956175,180841.2962,1767006200,264274415.5,46390.13629,316780.9743,0.146442306
6,10,V190,MW2012C3030112,2012,MW,Malawi,Southern,Mangochi,NA,MW12,Phirilongwe Hills,10921312,3,38,34,0,9,9,LIWONDE,-15.066667,35.233333,183587.9016,1738171064,4592125.177,929.0227817,266316.1143,0.003488421
7,10,V179,MW2012C3031206,2012,MW,Malawi,Southern,Balaka,NA,MW06,Middle Shire Valley,10920106,3,35,34,0,9,9,LIWONDE,-15.066667,35.233333,183587.9016,1738171064,773737381.2,149546.8062,266316.1143,0.561538706
8,10,V249,MW2012C3030214,2012,MW,Malawi,Southern,Machinga,NA,MW14,Shire Highlands,10921214,3,51,34,0,9,9,LIWONDE,-15.066667,35.233333,183587.9016,1738171064,337400680.8,56359.56027,266316.1143,0.211626549
9,10,V254,MW2012C3030204,2012,MW,Malawi,Southern,Machinga,NA,MW04,Lake Chilwa - Phalombe Plain,10921204,3,52,34,0,9,9,LIWONDE,-15.066667,35.233333,183587.9016,1738171064,61428896.28,4988.347278,266316.1143,0.018730925
10,10,V225,MW2012C3030306,2012,MW,Malawi,Southern,Zomba,NA,MW06,Middle Shire Valley,10922806,3,47,34,0,9,9,LIWONDE,-15.066667,35.233333,183587.9016,1738171064,26511025.85,4467.644723,266316.1143,0.016775721
11,10,V182,MW2012C3030206,2012,MW,Malawi,Southern,Machinga,NA,MW06,Middle Shire Valley,10921206,3,36,34,0,9,9,LIWONDE,-15.066667,35.233333,183587.9016,1738171064,194799476.4,47006.73726,266316.1143,0.176507296
12,10,V16,MW2012C3999918,2012,MW,Malawi,NA,NA,NA,MW18,National Parks and Reserves,0,3,1,34,0,9,9,LIWONDE,-15.066667,35.233333,183587.9016,1738171064,189270544.9,389.7636831,266316.1143,0.001463538
13,10,V172,MW2012C3031213,2012,MW,Malawi,Southern,Balaka,NA,MW13,Rift Valley Escarpment,10920113,3,34,34,0,9,9,LIWONDE,-15.066667,35.233333,183587.9016,1738171064,5916962.003,1197.938273,266316.1143,0.004498182
14,10,V281,MW2012C3030314,2012,MW,Malawi,Southern,Zomba,NA,MW14,Shire Highlands,10922814,3,59,34,0,9,9,LIWONDE,-15.066667,35.233333,183587.9016,1738171064,5477722.006,1430.293838,266316.1143,0.005370662
15,11,V256,MW2012C3030804,2012,MW,Malawi,Southern,Mulanje,NA,MW04,Lake Chilwa - Phalombe Plain,10921504,3,53,21,0,10,10,LUCHENZA,-16.016667,35.3,178004.4648,1682576924,632723768.8,288993.7938,724525.0061,0.398873457
16,11,V275,MW2012C3030714,2012,MW,Malawi,Southern,Thyolo,NA,MW14,Shire Highlands,10922714,3,58,21,0,10,10,LUCHENZA,-16.016667,35.3,178004.4648,1682576924,154975082,88668.67446,724525.0061,0.1223818
17,11,V102,MW2012C3030816,2012,MW,Malawi,Southern,Mulanje,NA,MW16,Thyolo Mulunje Tea Estates,10921516,3,17,21,0,10,10,LUCHENZA,-16.016667,35.3,178004.4648,1682576924,110468045.1,81582.84033,724525.0061,0.112601828
18,11,V47,MW2012C3030404,2012,MW,Malawi,Southern,Chiradzulu,NA,MW04,Lake Chilwa - Phalombe Plain,10920404,3,5,21,0,10,10,LUCHENZA,-16.016667,35.3,178004.4648,1682576924,123204146.9,54037.06081,724525.0061,0.074582741
19,11,V233,MW2012C3030414,2012,MW,Malawi,Southern,Chiradzulu,NA,MW14,Shire Highlands,10920414,3,49,21,0,10,10,LUCHENZA,-16.016667,35.3,178004.4648,1682576924,995558.567,373.7028384,724525.0061,0.00051579
20,11,V169,MW2012C3030716,2012,MW,Malawi,Southern,Thyolo,NA,MW16,Thyolo Mulunje Tea Estates,10922716,3,32,21,0,10,10,LUCHENZA,-16.016667,35.3,178004.4648,1682576924,522894147.3,210868.9338,724525.0061,0.291044384
21,12,V181,MW2012C3031206,2012,MW,Malawi,Southern,Balaka,NA,MW06,Middle Shire Valley,10920106,3,35,51,0,11,11,MANGOCHI,-14.486173,35.253304,192404.957,2439365986,124523.7721,554.5083585,317950.7476,0.001744007
22,12,V174,MW2012C3031213,2012,MW,Malawi,Southern,Balaka,NA,MW13,Rift Valley Escarpment,10920113,3,34,51,0,11,11,MANGOCHI,-14.486173,35.253304,192404.957,2439365986,17204031.54,4312.550711,317950.7476,0.013563581
23,12,V198,MW2012C3030114,2012,MW,Malawi,Southern,Mangochi,NA,MW14,Shire Highlands,10921314,3,39,51,0,11,11,MANGOCHI,-14.486173,35.253304,192404.957,2439365986,389161043.5,59272.68587,317950.7476,0.186420967
24,12,V194,MW2012C3030112,2012,MW,Malawi,Southern,Mangochi,NA,MW12,Phirilongwe Hills,10921312,3,38,51,0,11,11,MANGOCHI,-14.486173,35.253304,192404.957,2439365986,900293582.7,167079.5986,317950.7476,0.525488932
25,12,V19,MW2012C3999918,2012,MW,Malawi,NA,NA,NA,MW18,National Parks and Reserves,0,3,1,51,0,11,11,MANGOCHI,-14.486173,35.253304,192404.957,2439365986,85864799.8,10467.01444,317950.7476,0.032920239
26,12,V187,MW2012C3030115,2012,MW,Malawi,Southern,Mangochi,NA,MW15,Southern Lakeshore,10921315,3,37,51,0,11,11,MANGOCHI,-14.486173,35.253304,192404.957,2439365986,300369064,76264.38952,317950.7476,0.239862275
27,13,V99,MW2012C3020703,2012,MW,Malawi,Central,Mchinji,NA,MW03,Kasungu Lilongwe Plain,10921403,3,16,43,0,12,12,MCHINJI,-13.800006,32.893044,203670.9801,1162658849,1080865165,NA,0,NA
28,14,V188,MW2012C3030112,2012,MW,Malawi,Southern,Mangochi,NA,MW12,Phirilongwe Hills,10921312,3,38,11,0,13,13,MONKEY BAY,-14.083333,34.916667,247398.5617,4079800480,304192443.2,22093.14271,29622.21161,0.745830291
29,14,V7,MW2012C3999918,2012,MW,Malawi,NA,NA,NA,MW18,National Parks and Reserves,0,3,1,11,0,13,13,MONKEY BAY,-14.083333,34.916667,247398.5617,4079800480,72926817.94,NA,29622.21161,NA
30,14,V184,MW2012C3030115,2012,MW,Malawi,Southern,Mangochi,NA,MW15,Southern Lakeshore,10921315,3,37,11,0,13,13,MONKEY BAY,-14.083333,34.916667,247398.5617,4079800480,1063944342,NA,29622.21161,NA
31,14,V196,MW2012C3030114,2012,MW,Malawi,Southern,Mangochi,NA,MW14,Shire Highlands,10921314,3,39,11,0,13,13,MONKEY BAY,-14.083333,34.916667,247398.5617,4079800480,154760456.5,7529.068896,29622.21161,0.254169709
32,15,V150,MW2012C3020303,2012,MW,Malawi,Central,Ntchisi,NA,MW03,Kasungu Lilongwe Plain,10922303,3,29,42,0,14,14,MPONELA,-13.531997,33.735008,101324.9268,643985987.3,67617723.47,15746.50647,143723.1467,0.109561381
33,15,V66,MW2012C3020403,2012,MW,Malawi,Central,Dowa,NA,MW03,Kasungu Lilongwe Plain,10920703,3,10,42,0,14,14,MPONELA,-13.531997,33.735008,101324.9268,643985987.3,534572212.3,126578.9697,143723.1467,0.880713876
34,15,V242,MW2012C3020603,2012,MW,Malawi,Central,Lilongwe,NA,MW03,Kasungu Lilongwe Plain,10921103,3,50,42,0,14,14,MPONELA,-13.531997,33.735008,101324.9268,643985987.3,2560569.043,1397.670566,143723.1467,0.009724742
35,16,V214,MW2012C3030606,2012,MW,Malawi,Southern,Mwanza,NA,MW06,Middle Shire Valley,10921606,3,43,33,0,15,15,MWANZA,-15.609722,34.5225,198424.535,1035937158,62765641.82,7917.781122,26352.55679,0.300455898
36,16,V116,MW2012C3031313,2012,MW,Malawi,Southern,Neno,NA,MW13,Rift Valley Escarpment,10921813,3,20,33,0,15,15,MWANZA,-15.609722,34.5225,198424.535,1035937158,203030500.2,13882.13418,26352.55679,0.526785097
37,16,V106,MW2012C3030613,2012,MW,Malawi,Southern,Mwanza,NA,MW13,Rift Valley Escarpment,10921613,3,18,33,0,15,15,MWANZA,-15.609722,34.5225,198424.535,1035937158,635046451.7,NA,26352.55679,NA
38,16,V44,MW2012C3031005,2012,MW,Malawi,Southern,Chikwawa,NA,MW05,Lower Shire,10920305,3,4,33,0,15,15,MWANZA,-15.609722,34.5225,198424.535,1035937158,47152411.15,4552.641487,26352.55679,0.172759005
39,17,V133,MW2012C3020209,2012,MW,Malawi,Central,Nkhotakota,NA,MW09,Nkhata Bay Cassava,10922009,3,24,4,0,16,16,MZIMBA,-11.9,33.6,238467.4299,3421637198,530533.682,0.949281995,264191.1844,3.59E-06
40,17,V216,MW2012C3010517,2012,MW,Malawi,Northern,Mzimba,NA,MW17,Western Rumphi & Mumba,10921717,3,44,4,0,16,16,MZIMBA,-11.9,33.6,238467.4299,3421637198,75660698.4,5983.609969,264191.1844,0.022648787
41,17,V107,MW2012C3010508,2012,MW,Malawi,Northern,Mzimba,NA,MW08,Mzimba Self Sufficient,10921708,3,19,4,0,16,16,MZIMBA,-11.9,33.6,238467.4299,3421637198,2551093547,241828.5983,264191.1844,0.915354533
42,17,V121,MW2012C3010309,2012,MW,Malawi,Northern,Nkhata Bay,NA,MW09,Nkhata Bay Cassava,10921909,3,22,4,0,16,16,MZIMBA,-11.9,33.6,238467.4299,3421637198,623383636.3,16378.02687,264191.1844,0.061993086
43,18,V125,MW2012C3010309,2012,MW,Malawi,Northern,Nkhata Bay,NA,MW09,Nkhata Bay Cassava,10921909,3,22,66,0,17,17,MZUZU,-11.45807,34.015131,170576.5677,2055372642,740460167.6,63651.59537,239888.5255,0.265338224
44,18,V111,MW2012C3010508,2012,MW,Malawi,Northern,Mzimba,NA,MW08,Mzimba Self Sufficient,10921708,3,19,66,0,17,17,MZUZU,-11.45807,34.015131,170576.5677,2055372642,1218117555,176012.0173,239888.5255,0.733724203
45,18,V218,MW2012C3010517,2012,MW,Malawi,Northern,Mzimba,NA,MW17,Western Rumphi & Mumba,10921717,3,44,66,0,17,17,MZUZU,-11.45807,34.015131,170576.5677,2055372642,2042969.181,224.9128357,239888.5255,0.000937572
46,19,V134,MW2012C3020209,2012,MW,Malawi,Central,Nkhotakota,NA,MW09,Nkhata Bay Cassava,10922009,3,24,9,0,18,18,NKHOTAKOTA,-12.931686,34.281054,275697.9068,4505463746,34856293.71,13748.90068,60249.09504,0.228200949
47,19,V262,MW2012C3010503,2012,MW,Malawi,Northern,Mzimba,NA,MW03,Kasungu Lilongwe Plain,10921703,3,54,9,0,18,18,NKHOTAKOTA,-12.931686,34.281054,275697.9068,4505463746,27342651.09,3074.193956,60249.09504,0.051024732
48,19,V5,MW2012C3999918,2012,MW,Malawi,NA,NA,NA,MW18,National Parks and Reserves,0,3,1,9,0,18,18,NKHOTAKOTA,-12.931686,34.281054,275697.9068,4505463746,837563338,31743.14188,60249.09504,0.52686504
49,19,V137,MW2012C3020213,2012,MW,Malawi,Central,Nkhotakota,NA,MW13,Rift Valley Escarpment,10922013,3,25,9,0,18,18,NKHOTAKOTA,-12.931686,34.281054,275697.9068,4505463746,174418219.9,11682.85852,60249.09504,0.193909278
50,19,V129,MW2012C3020211,2012,MW,Malawi,Central,Nkhotakota,NA,MW11,Northern Lakeshore,10922011,3,23,9,0,18,18,NKHOTAKOTA,-12.931686,34.281054,275697.9068,4505463746,673840908.5,NA,60249.09504,NA
51,2,V42,MW2012C3031005,2012,MW,Malawi,Southern,Chikwawa,NA,MW05,Lower Shire,10920305,3,4,20,0,1,1,LIMBE,-15.80837,35.057442,111227.9214,564958566,8862798.652,1700.810998,879900.1834,0.001932959
52,2,V30,MW2012C3030519,2012,MW,Malawi,Southern,Blantyre,NA,MW19,Blantyre,10920219,3,2,20,0,1,1,LIMBE,-15.80837,35.057442,111227.9214,564958566,135074981.1,497164.5354,879900.1834,0.565023789
53,2,V228,MW2012C3030514,2012,MW,Malawi,Southern,Blantyre,NA,MW14,Shire Highlands,10920214,3,48,20,0,1,1,LIMBE,-15.80837,35.057442,111227.9214,564958566,252375367,318743.3267,879900.1834,0.362249415
54,2,V274,MW2012C3030714,2012,MW,Malawi,Southern,Thyolo,NA,MW14,Shire Highlands,10922714,3,58,20,0,1,1,LIMBE,-15.80837,35.057442,111227.9214,564958566,458217.1597,86.37496155,879900.1834,9.82E-05
55,2,V34,MW2012C3030506,2012,MW,Malawi,Southern,Blantyre,NA,MW06,Middle Shire Valley,10920206,3,3,20,0,1,1,LIMBE,-15.80837,35.057442,111227.9214,564958566,26462764.86,1950.550426,879900.1834,0.002216786
56,2,V46,MW2012C3030404,2012,MW,Malawi,Southern,Chiradzulu,NA,MW04,Lake Chilwa - Phalombe Plain,10920404,3,5,20,0,1,1,LIMBE,-15.80837,35.057442,111227.9214,564958566,10998029.79,7259.528576,879900.1834,0.0082504
57,2,V232,MW2012C3030414,2012,MW,Malawi,Southern,Chiradzulu,NA,MW14,Shire Highlands,10920414,3,49,20,0,1,1,LIMBE,-15.80837,35.057442,111227.9214,564958566,86053109.38,52995.05637,879900.1834,0.060228487
58,20,V11,MW2012C3999918,2012,MW,Malawi,NA,NA,NA,MW18,National Parks and Reserves,0,3,1,18,0,19,19,NSANJE,-16.916667,35.266667,185088.8896,901131110.1,20254891.23,354.0748651,156270.0492,0.002265788
59,20,V269,MW2012C3031105,2012,MW,Malawi,Southern,Nsanje,NA,MW05,Lower Shire,10922105,3,56,18,0,19,19,NSANJE,-16.916667,35.266667,185088.8896,901131110.1,790782621.5,155915.9743,156270.0492,0.997734212
60,21,V144,MW2012C3020913,2012,MW,Malawi,Central,Ntcheu,NA,MW13,Rift Valley Escarpment,10922213,3,28,32,0,20,20,NTCHEU,-14.821976,34.63587,120128.3177,621621072.2,577512602.1,150737.5897,150737.5897,1
61,22,V164,MW2012C3010417,2012,MW,Malawi,Northern,Rumphi,NA,MW17,Western Rumphi & Mumba,10922517,3,31,70,0,21,21,RUMPHI,-11.016667,33.866667,203496.8286,2321378043,631311154.3,71815.72448,133274.2239,0.53885682
62,22,V29,MW2012C3999918,2012,MW,Malawi,NA,NA,NA,MW18,National Parks and Reserves,0,3,1,70,0,21,21,RUMPHI,-11.016667,33.866667,203496.8286,2321378043,880930387.7,545.6902512,133274.2239,0.004094492
63,22,V114,MW2012C3010508,2012,MW,Malawi,Northern,Mzimba,NA,MW08,Mzimba Self Sufficient,10921708,3,19,70,0,21,21,RUMPHI,-11.016667,33.866667,203496.8286,2321378043,378193958,41540.30847,133274.2239,0.311690493
64,22,V219,MW2012C3010517,2012,MW,Malawi,Northern,Mzimba,NA,MW17,Western Rumphi & Mumba,10921717,3,44,70,0,21,21,RUMPHI,-11.016667,33.866667,203496.8286,2321378043,281200639.2,16443.97343,133274.2239,0.1233845
65,22,V272,MW2012C3010409,2012,MW,Malawi,Northern,Rumphi,NA,MW09,Nkhata Bay Cassava,10922509,3,57,70,0,21,21,RUMPHI,-11.016667,33.866667,203496.8286,2321378043,49514102.62,2928.527213,133274.2239,0.021973695
66,23,V68,MW2012C3020403,2012,MW,Malawi,Central,Dowa,NA,MW03,Kasungu Lilongwe Plain,10920703,3,10,50,0,22,22,SALIMA,-13.779553,34.458641,254660.6819,4057750462,3470273.199,359.0634444,250665.0795,0.001432443
67,23,V206,MW2012C3020513,2012,MW,Malawi,Central,Salima,NA,MW13,Rift Valley Escarpment,10922613,3,41,50,0,22,22,SALIMA,-13.779553,34.458641,254660.6819,4057750462,1081172376,199367.0108,250665.0795,0.795352154
68,23,V245,MW2012C3020603,2012,MW,Malawi,Central,Lilongwe,NA,MW03,Kasungu Lilongwe Plain,10921103,3,50,50,0,22,22,SALIMA,-13.779553,34.458641,254660.6819,4057750462,58144123.49,5338.490584,250665.0795,0.021297305
69,23,V201,MW2012C3020515,2012,MW,Malawi,Central,Salima,NA,MW15,Southern Lakeshore,10922615,3,40,50,0,22,22,SALIMA,-13.779553,34.458641,254660.6819,4057750462,548991398.1,NA,250665.0795,NA
70,23,V186,MW2012C3030115,2012,MW,Malawi,Southern,Mangochi,NA,MW15,Southern Lakeshore,10921315,3,37,50,0,22,22,SALIMA,-13.779553,34.458641,254660.6819,4057750462,121540252.8,NA,250665.0795,NA
71,23,V62,MW2012C3020803,2012,MW,Malawi,Central,Dedza,NA,MW03,Kasungu Lilongwe Plain,10920603,3,9,50,0,22,22,SALIMA,-13.779553,34.458641,254660.6819,4057750462,191396686.7,18716.47042,250665.0795,0.074667243
72,23,V222,MW2012C3020503,2012,MW,Malawi,Central,Salima,NA,MW03,Kasungu Lilongwe Plain,10922603,3,46,50,0,22,22,SALIMA,-13.779553,34.458641,254660.6819,4057750462,113487413.2,26884.04423,250665.0795,0.107250856
73,24,V92,MW2012C3020103,2012,MW,Malawi,Central,Kasungu,NA,MW03,Kasungu Lilongwe Plain,10920903,3,14,62,0,23,23,MADISI,-13.419069,33.603587,101748.7112,558800878.1,56191907.44,5843.01435,131350.5469,0.044484127
74,24,V72,MW2012C3020403,2012,MW,Malawi,Central,Dowa,NA,MW03,Kasungu Lilongwe Plain,10920703,3,10,62,0,23,23,MADISI,-13.419069,33.603587,101748.7112,558800878.1,468950871.7,125507.5325,131350.5469,0.955515873
75,25,V156,MW2012C3020303,2012,MW,Malawi,Central,Ntchisi,NA,MW03,Kasungu Lilongwe Plain,10922303,3,29,61,0,24,24,BOWE,-13.3,33.7,99978.80691,592092940.7,137499231.4,18383.7484,71138.7399,0.258421058
76,25,V91,MW2012C3020103,2012,MW,Malawi,Central,Kasungu,NA,MW03,Kasungu Lilongwe Plain,10920903,3,14,61,0,24,24,BOWE,-13.3,33.7,99978.80691,592092940.7,152349507.6,15993.07383,71138.7399,0.224815253
77,25,V71,MW2012C3020403,2012,MW,Malawi,Central,Dowa,NA,MW03,Kasungu Lilongwe Plain,10920703,3,10,61,0,24,24,BOWE,-13.3,33.7,99978.80691,592092940.7,267318358.3,36761.91767,71138.7399,0.516763689
78,26,V25,MW2012C3999918,2012,MW,Malawi,NA,NA,NA,MW18,National Parks and Reserves,0,3,1,60,0,25,25,MALOMO,-13.158857,33.81461,116969.0434,788777461.5,174066762.6,11456.69419,96620.28233,0.118574423
79,26,V155,MW2012C3020303,2012,MW,Malawi,Central,Ntchisi,NA,MW03,Kasungu Lilongwe Plain,10922303,3,29,60,0,25,25,MALOMO,-13.158857,33.81461,116969.0434,788777461.5,352799338.6,50314.7243,96620.28233,0.520747022
80,26,V90,MW2012C3020103,2012,MW,Malawi,Central,Kasungu,NA,MW03,Kasungu Lilongwe Plain,10920903,3,14,60,0,25,25,MALOMO,-13.158857,33.81461,116969.0434,788777461.5,216250181.1,34848.86385,96620.28233,0.360678555
81,27,V271,MW2012C3010409,2012,MW,Malawi,Northern,Rumphi,NA,MW09,Nkhata Bay Cassava,10922509,3,57,69,0,26,26,THETE,-11.016667,34,239428.4649,2849189905,949779346.5,64758.39034,92467.21645,0.700338918
82,27,V28,MW2012C3999918,2012,MW,Malawi,NA,NA,NA,MW18,National Parks and Reserves,0,3,1,69,0,26,26,THETE,-11.016667,34,239428.4649,2849189905,151199306.4,46.27306414,92467.21645,0.000500427
83,27,V128,MW2012C3010309,2012,MW,Malawi,Northern,Nkhata Bay,NA,MW09,Nkhata Bay Cassava,10921909,3,22,69,0,26,26,THETE,-11.016667,34,239428.4649,2849189905,331904306.5,13231.64755,92467.21645,0.143095554
84,27,V113,MW2012C3010508,2012,MW,Malawi,Northern,Mzimba,NA,MW08,Mzimba Self Sufficient,10921708,3,19,69,0,26,26,THETE,-11.016667,34,239428.4649,2849189905,277507266.9,14430.9055,92467.21645,0.156065101
85,28,V241,MW2012C3020603,2012,MW,Malawi,Central,Lilongwe,NA,MW03,Kasungu Lilongwe Plain,10921103,3,50,41,0,27,27,NAMBUMA,-13.70352,33.59763,115780.0132,908871868.1,481215858.6,109091.4989,205892.7739,0.529846176
86,28,V65,MW2012C3020403,2012,MW,Malawi,Central,Dowa,NA,MW03,Kasungu Lilongwe Plain,10920703,3,10,41,0,27,27,NAMBUMA,-13.70352,33.59763,115780.0132,908871868.1,370856158.6,96801.27495,205892.7739,0.470153824
87,29,V1,MW2012C3999918,2012,MW,Malawi,NA,NA,NA,MW18,National Parks and Reserves,0,3,1,1,0,28,28,MULOZA,-16.076728,35.731364,125859.3181,669834918,13852356.43,0.377985872,9112.619745,4.15E-05
88,29,V157,MW2012C3030904,2012,MW,Malawi,Southern,Phalombe,NA,MW04,Lake Chilwa - Phalombe Plain,10922404,3,30,1,0,28,28,MULOZA,-16.076728,35.731364,125859.3181,669834918,20685275.48,9112.241759,9112.619745,0.999958521
89,29,V101,MW2012C3030816,2012,MW,Malawi,Southern,Mulanje,NA,MW16,Thyolo Mulunje Tea Estates,10921516,3,17,1,0,28,28,MULOZA,-16.076728,35.731364,125859.3181,669834918,579884359.4,NA,9112.619745,NA
90,3,V41,MW2012C3031005,2012,MW,Malawi,Southern,Chikwawa,NA,MW05,Lower Shire,10920305,3,4,19,0,2,2,CHIKWAWA,-16.035,34.801,192745.5638,2084219403,904490948.7,146867.1253,206169.1726,0.712362199
91,3,V227,MW2012C3030514,2012,MW,Malawi,Southern,Blantyre,NA,MW14,Shire Highlands,10920214,3,48,19,0,2,2,CHIKWAWA,-16.035,34.801,192745.5638,2084219403,79554197.53,33887.29768,206169.1726,0.164366463
92,3,V33,MW2012C3030506,2012,MW,Malawi,Southern,Blantyre,NA,MW06,Middle Shire Valley,10920206,3,3,19,0,2,2,CHIKWAWA,-16.035,34.801,192745.5638,2084219403,13595203.04,817.263654,206169.1726,0.003964044
93,3,V168,MW2012C3030716,2012,MW,Malawi,Southern,Thyolo,NA,MW16,Thyolo Mulunje Tea Estates,10922716,3,32,19,0,2,2,CHIKWAWA,-16.035,34.801,192745.5638,2084219403,65876692.3,18644.75765,206169.1726,0.090434265
94,3,V12,MW2012C3999918,2012,MW,Malawi,NA,NA,NA,MW18,National Parks and Reserves,0,3,1,19,0,2,2,CHIKWAWA,-16.035,34.801,192745.5638,2084219403,851042300.9,5952.72837,206169.1726,0.028873028
95,30,V132,MW2012C3020211,2012,MW,Malawi,Central,Nkhotakota,NA,MW11,Northern Lakeshore,10922011,3,23,68,0,29,29,CHINTHECHE,-11.833333,34.166667,258528.4971,4365804237,14842426.84,4258.591377,108269.9953,0.039333071
96,30,V120,MW2012C3010311,2012,MW,Malawi,Northern,Nkhata Bay,NA,MW11,Northern Lakeshore,10921911,3,21,68,0,29,29,CHINTHECHE,-11.833333,34.166667,258528.4971,4365804237,475065221.9,78856.5532,108269.9953,0.728332471
97,30,V127,MW2012C3010309,2012,MW,Malawi,Northern,Nkhata Bay,NA,MW09,Nkhata Bay Cassava,10921909,3,22,68,0,29,29,CHINTHECHE,-11.833333,34.166667,258528.4971,4365804237,1016447038,25154.85077,108269.9953,0.232334459
98,31,V10,MW2012C3999918,2012,MW,Malawi,NA,NA,NA,MW18,National Parks and Reserves,0,3,1,17,0,30,30,BANGULA,-16.583333,35.116667,196331.3622,1462983225,354024391.5,NA,213888.8552,NA
99,31,V167,MW2012C3030716,2012,MW,Malawi,Southern,Thyolo,NA,MW16,Thyolo Mulunje Tea Estates,10922716,3,32,17,0,30,30,BANGULA,-16.583333,35.116667,196331.3622,1462983225,107167274.4,46720.6637,213888.8552,0.218434306
100,31,V40,MW2012C3031005,2012,MW,Malawi,Southern,Chikwawa,NA,MW05,Lower Shire,10920305,3,4,17,0,30,30,BANGULA,-16.583333,35.116667,196331.3622,1462983225,111980578.8,15311.21011,213888.8552,0.07158489
101,31,V140,MW2012C3031116,2012,MW,Malawi,Southern,Nsanje,NA,MW16,Thyolo Mulunje Tea Estates,10922116,3,26,17,0,30,30,BANGULA,-16.583333,35.116667,196331.3622,1462983225,18013138.66,1418.901776,213888.8552,0.006633828
102,31,V268,MW2012C3031105,2012,MW,Malawi,Southern,Nsanje,NA,MW05,Lower Shire,10922105,3,56,17,0,30,30,BANGULA,-16.583333,35.116667,196331.3622,1462983225,741702235.4,150438.0796,213888.8552,0.703346977
103,32,V138,MW2012C3020213,2012,MW,Malawi,Central,Nkhotakota,NA,MW13,Rift Valley Escarpment,10922013,3,25,53,0,31,31,MWANSAMBO,-13.3,34.116667,191006.3687,2327967899,592159460.4,61647.19132,187569.9765,0.328662361
104,32,V152,MW2012C3020303,2012,MW,Malawi,Central,Ntchisi,NA,MW03,Kasungu Lilongwe Plain,10922303,3,29,53,0,31,31,MWANSAMBO,-13.3,34.116667,191006.3687,2327967899,365566389.9,33114.24847,187569.9765,0.176543438
105,32,V130,MW2012C3020211,2012,MW,Malawi,Central,Nkhotakota,NA,MW11,Northern Lakeshore,10922011,3,23,53,0,31,31,MWANSAMBO,-13.3,34.116667,191006.3687,2327967899,235386379.8,36108.27755,187569.9765,0.192505636
106,32,V220,MW2012C3020203,2012,MW,Malawi,Central,Nkhotakota,NA,MW03,Kasungu Lilongwe Plain,10922003,3,45,53,0,31,31,MWANSAMBO,-13.3,34.116667,191006.3687,2327967899,72389951.29,13601.33917,187569.9765,0.072513413
107,32,V69,MW2012C3020403,2012,MW,Malawi,Central,Dowa,NA,MW03,Kasungu Lilongwe Plain,10920703,3,10,53,0,31,31,MWANSAMBO,-13.3,34.116667,191006.3687,2327967899,260092.1423,141.2411933,187569.9765,0.000753005
108,32,V207,MW2012C3020513,2012,MW,Malawi,Central,Salima,NA,MW13,Rift Valley Escarpment,10922613,3,41,53,0,31,31,MWANSAMBO,-13.3,34.116667,191006.3687,2327967899,168871424.9,27713.34054,187569.9765,0.147749342
109,32,V20,MW2012C3999918,2012,MW,Malawi,NA,NA,NA,MW18,National Parks and Reserves,0,3,1,53,0,31,31,MWANSAMBO,-13.3,34.116667,191006.3687,2327967899,146600074.8,6656.517544,187569.9765,0.035488182
110,32,V202,MW2012C3020515,2012,MW,Malawi,Central,Salima,NA,MW15,Southern Lakeshore,10922615,3,40,53,0,31,31,MWANSAMBO,-13.3,34.116667,191006.3687,2327967899,65966434.72,8587.820758,187569.9765,0.045784624
111,33,V112,MW2012C3010508,2012,MW,Malawi,Northern,Mzimba,NA,MW08,Mzimba Self Sufficient,10921708,3,19,67,0,32,32,MPAMBA,-11.387156,34.164475,225507.1508,2408413369,19289537.41,711.1924307,32601.42352,0.021814766
112,33,V119,MW2012C3010311,2012,MW,Malawi,Northern,Nkhata Bay,NA,MW11,Northern Lakeshore,10921911,3,21,67,0,32,32,MPAMBA,-11.387156,34.164475,225507.1508,2408413369,972852.8056,19.28542831,32601.42352,0.000591552
113,33,V126,MW2012C3010309,2012,MW,Malawi,Northern,Nkhata Bay,NA,MW09,Nkhata Bay Cassava,10921909,3,22,67,0,32,32,MPAMBA,-11.387156,34.164475,225507.1508,2408413369,728229179.1,31870.94566,32601.42352,0.977593682
114,34,V226,MW2012C3030514,2012,MW,Malawi,Southern,Blantyre,NA,MW14,Shire Highlands,10920214,3,48,16,0,33,33,BVUMBWE,-15.928484,35.077935,121351.6783,800728518.8,112522269.3,77123.0054,392611.3443,0.196436009
115,34,V45,MW2012C3030404,2012,MW,Malawi,Southern,Chiradzulu,NA,MW04,Lake Chilwa - Phalombe Plain,10920404,3,5,16,0,33,33,BVUMBWE,-15.928484,35.077935,121351.6783,800728518.8,18029667.65,11686.07104,392611.3443,0.029764986
116,34,V273,MW2012C3030714,2012,MW,Malawi,Southern,Thyolo,NA,MW14,Shire Highlands,10922714,3,58,16,0,33,33,BVUMBWE,-15.928484,35.077935,121351.6783,800728518.8,218930395.3,90864.09556,392611.3443,0.231435227
117,34,V166,MW2012C3030716,2012,MW,Malawi,Southern,Thyolo,NA,MW16,Thyolo Mulunje Tea Estates,10922716,3,32,16,0,33,33,BVUMBWE,-15.928484,35.077935,121351.6783,800728518.8,380914444.8,211428.6208,392611.3443,0.538518878
118,34,V231,MW2012C3030414,2012,MW,Malawi,Southern,Chiradzulu,NA,MW14,Shire Highlands,10920414,3,49,16,0,33,33,BVUMBWE,-15.928484,35.077935,121351.6783,800728518.8,5645610.644,1509.551501,392611.3443,0.0038449
119,35,V58,MW2012C3020803,2012,MW,Malawi,Central,Dedza,NA,MW03,Kasungu Lilongwe Plain,10920603,3,9,40,0,34,34,DWANGWA,-14.079377,33.861609,130124.7902,929090944.4,273055077.4,64252.4836,294506.6641,0.21816988
120,35,V240,MW2012C3020603,2012,MW,Malawi,Central,Lilongwe,NA,MW03,Kasungu Lilongwe Plain,10921103,3,50,40,0,34,34,DWANGWA,-14.079377,33.861609,130124.7902,929090944.4,595097394.8,230254.1805,294506.6641,0.78183012
121,36,V94,MW2012C3020619,2012,MW,Malawi,Central,Lilongwe,NA,MW19,Lilongwe,10921119,3,15,39,0,35,35,NANJIRI,-13.916667,33.933333,149175.4543,1308035365,6049608.627,3300.240404,281461.647,0.011725364
122,36,V239,MW2012C3020603,2012,MW,Malawi,Central,Lilongwe,NA,MW03,Kasungu Lilongwe Plain,10921103,3,50,39,0,35,35,NANJIRI,-13.916667,33.933333,149175.4543,1308035365,985735084.8,227510.8075,281461.647,0.808319037
123,36,V203,MW2012C3020513,2012,MW,Malawi,Central,Salima,NA,MW13,Rift Valley Escarpment,10922613,3,41,39,0,35,35,NANJIRI,-13.916667,33.933333,149175.4543,1308035365,1649269.326,52.52392249,281461.647,0.000186611
124,36,V64,MW2012C3020403,2012,MW,Malawi,Central,Dowa,NA,MW03,Kasungu Lilongwe Plain,10920703,3,10,39,0,35,35,NANJIRI,-13.916667,33.933333,149175.4543,1308035365,82986745.91,10904.41054,281461.647,0.038742083
125,36,V57,MW2012C3020803,2012,MW,Malawi,Central,Dedza,NA,MW03,Kasungu Lilongwe Plain,10920603,3,9,39,0,35,35,NANJIRI,-13.916667,33.933333,149175.4543,1308035365,147913983.1,39693.66472,281461.647,0.141026904
126,37,V18,MW2012C3999918,2012,MW,Malawi,NA,NA,NA,MW18,National Parks and Reserves,0,3,1,38,0,36,36,MITUNDU,-14.240377,33.768533,213009.642,2290831587,736897886.5,33982.58245,390574.9074,0.087006569
127,37,V238,MW2012C3020603,2012,MW,Malawi,Central,Lilongwe,NA,MW03,Kasungu Lilongwe Plain,10921103,3,50,38,0,36,36,MITUNDU,-14.240377,33.768533,213009.642,2290831587,928396760.9,241170.9796,390574.9074,0.617476891
128,37,V56,MW2012C3020803,2012,MW,Malawi,Central,Dedza,NA,MW03,Kasungu Lilongwe Plain,10920603,3,9,38,0,36,36,MITUNDU,-14.240377,33.768533,213009.642,2290831587,461972709.6,115421.3453,390574.9074,0.29551654
129,38,V24,MW2012C3999918,2012,MW,Malawi,NA,NA,NA,MW18,National Parks and Reserves,0,3,1,59,0,37,37,NKHOMA,-12.711737,33.399103,180055.463,1474746745,889796410.6,55.17961752,57251.49103,0.000963811
130,38,V89,MW2012C3020103,2012,MW,Malawi,Central,Kasungu,NA,MW03,Kasungu Lilongwe Plain,10920903,3,14,59,0,37,37,NKHOMA,-12.711737,33.399103,180055.463,1474746745,504480621.3,57196.31141,57251.49103,0.999036189
131,39,V183,MW2012C3030115,2012,MW,Malawi,Southern,Mangochi,NA,MW15,Southern Lakeshore,10921315,3,37,2,0,38,38,NAMWERA,-14.347244,35.48367,179417.5399,1588436497,107704782.6,15970.86564,15970.86564,1
132,39,V195,MW2012C3030114,2012,MW,Malawi,Southern,Mangochi,NA,MW14,Shire Highlands,10921314,3,39,2,0,38,38,NAMWERA,-14.347244,35.48367,179417.5399,1588436497,1376605251,NA,15970.86564,NA
133,4,V54,MW2012C3010102,2012,MW,Malawi,Northern,Chitipa,NA,MW02,Chitipa Millet & Maize,10920502,3,7,72,0,3,3,CHITIPA,-9.703765,33.270025,275352.4123,1158500541,1101352923,NA,0,NA
134,40,V185,MW2012C3030115,2012,MW,Malawi,Southern,Mangochi,NA,MW15,Southern Lakeshore,10921315,3,37,49,0,39,39,MTAKATAKA,-14.216849,34.512678,178067.0393,1940867977,19556005.66,2409.318932,215504.3486,0.011179909
135,40,V209,MW2012C3020813,2012,MW,Malawi,Central,Dedza,NA,MW13,Rift Valley Escarpment,10920613,3,42,49,0,39,39,MTAKATAKA,-14.216849,34.512678,178067.0393,1940867977,169113780.7,33192.10529,215504.3486,0.154020582
136,40,V55,MW2012C3020815,2012,MW,Malawi,Central,Dedza,NA,MW15,Southern Lakeshore,10920615,3,8,49,0,39,39,MTAKATAKA,-14.216849,34.512678,178067.0393,1940867977,140320198.2,31348.67264,215504.3486,0.145466543
137,40,V205,MW2012C3020513,2012,MW,Malawi,Central,Salima,NA,MW13,Rift Valley Escarpment,10922613,3,41,49,0,39,39,MTAKATAKA,-14.216849,34.512678,178067.0393,1940867977,39084796.05,3494.122344,215504.3486,0.016213698
138,40,V193,MW2012C3030112,2012,MW,Malawi,Southern,Mangochi,NA,MW12,Phirilongwe Hills,10921312,3,38,49,0,39,39,MTAKATAKA,-14.216849,34.512678,178067.0393,1940867977,1432466.852,141.5251056,215504.3486,0.000656716
139,40,V149,MW2012C3020913,2012,MW,Malawi,Central,Ntcheu,NA,MW13,Rift Valley Escarpment,10922213,3,28,49,0,39,39,MTAKATAKA,-14.216849,34.512678,178067.0393,1940867977,76850431.57,7704.730973,215504.3486,0.03575209
140,40,V141,MW2012C3020915,2012,MW,Malawi,Central,Ntcheu,NA,MW15,Southern Lakeshore,10922215,3,27,49,0,39,39,MTAKATAKA,-14.216849,34.512678,178067.0393,1940867977,121668973.4,18833.96877,215504.3486,0.087394843
141,40,V61,MW2012C3020803,2012,MW,Malawi,Central,Dedza,NA,MW03,Kasungu Lilongwe Plain,10920603,3,9,49,0,39,39,MTAKATAKA,-14.216849,34.512678,178067.0393,1940867977,730505072,91722.54929,215504.3486,0.42561809
142,40,V200,MW2012C3020515,2012,MW,Malawi,Central,Salima,NA,MW15,Southern Lakeshore,10922615,3,40,49,0,39,39,MTAKATAKA,-14.216849,34.512678,178067.0393,1940867977,94182220.29,26657.35524,215504.3486,0.123697528
143,41,V2,MW2012C3999918,2012,MW,Malawi,NA,NA,NA,MW18,National Parks and Reserves,0,3,1,3,0,40,40,NSUNDWE,-14.016667,33.483333,173383.838,1512179092,183575745.4,5945.876107,384919.1306,0.015447079
144,41,V236,MW2012C3020603,2012,MW,Malawi,Central,Lilongwe,NA,MW03,Kasungu Lilongwe Plain,10921103,3,50,3,0,40,40,NSUNDWE,-14.016667,33.483333,173383.838,1512179092,1051388010,334836.5333,384919.1306,0.869888002
145,41,V96,MW2012C3020703,2012,MW,Malawi,Central,Mchinji,NA,MW03,Kasungu Lilongwe Plain,10921403,3,16,3,0,40,40,NSUNDWE,-14.016667,33.483333,173383.838,1512179092,177899873.6,44136.72122,384919.1306,0.11466492
146,42,V265,MW2012C3010503,2012,MW,Malawi,Northern,Mzimba,NA,MW03,Kasungu Lilongwe Plain,10921703,3,54,58,0,41,41,NKHAMENYA,-12.566667,33.516667,162527.4532,1150621981,661729335.6,65313.27342,123658.158,0.528176017
147,42,V88,MW2012C3020103,2012,MW,Malawi,Central,Kasungu,NA,MW03,Kasungu Lilongwe Plain,10920903,3,14,58,0,41,41,NKHAMENYA,-12.566667,33.516667,162527.4532,1150621981,425886123.2,58344.88461,123658.158,0.471823983
148,43,V23,MW2012C3999918,2012,MW,Malawi,NA,NA,NA,MW18,National Parks and Reserves,0,3,1,57,0,42,42,NTCHISI,-13.284199,33.885775,105490.7099,652452655.1,8743141.26,449.9166101,117910.9028,0.003815734
149,43,V154,MW2012C3020303,2012,MW,Malawi,Central,Ntchisi,NA,MW03,Kasungu Lilongwe Plain,10922303,3,29,57,0,42,42,NTCHISI,-13.284199,33.885775,105490.7099,652452655.1,605014553.6,117460.9862,117910.9028,0.996184266
150,44,V15,MW2012C3999918,2012,MW,Malawi,NA,NA,NA,MW18,National Parks and Reserves,0,3,1,31,0,43,43,NENO,-15.685071,34.574988,193436.1043,1825594151,444023159.5,7473.405625,99135.30985,0.075385911
151,44,V37,MW2012C3030506,2012,MW,Malawi,Southern,Blantyre,NA,MW06,Middle Shire Valley,10920206,3,3,31,0,43,43,NENO,-15.685071,34.574988,193436.1043,1825594151,161013153.3,11815.56682,99135.30985,0.11918626
152,44,V43,MW2012C3031005,2012,MW,Malawi,Southern,Chikwawa,NA,MW05,Lower Shire,10920305,3,4,31,0,43,43,NENO,-15.685071,34.574988,193436.1043,1825594151,435222792.6,34845.73868,99135.30985,0.351496745
153,44,V105,MW2012C3030613,2012,MW,Malawi,Southern,Mwanza,NA,MW13,Rift Valley Escarpment,10921613,3,18,31,0,43,43,NENO,-15.685071,34.574988,193436.1043,1825594151,256018442.9,23310.74859,99135.30985,0.235140725
154,44,V213,MW2012C3030606,2012,MW,Malawi,Southern,Mwanza,NA,MW06,Middle Shire Valley,10921606,3,43,31,0,43,43,NENO,-15.685071,34.574988,193436.1043,1825594151,382634686.1,21689.85014,99135.30985,0.21879036
155,45,V280,MW2012C3030314,2012,MW,Malawi,Southern,Zomba,NA,MW14,Shire Highlands,10922814,3,59,30,0,44,44,LUNZU,-15.652717,35.019541,151827.5968,1543446263,22878602.33,3864.41892,320678.9846,0.01205074
156,45,V212,MW2012C3030606,2012,MW,Malawi,Southern,Mwanza,NA,MW06,Middle Shire Valley,10921606,3,43,30,0,44,44,LUNZU,-15.652717,35.019541,151827.5968,1543446263,197107133.4,17235.02914,320678.9846,0.053745428
157,45,V32,MW2012C3030519,2012,MW,Malawi,Southern,Blantyre,NA,MW19,Blantyre,10920219,3,2,30,0,44,44,LUNZU,-15.652717,35.019541,151827.5968,1543446263,44181855.91,60898.21605,320678.9846,0.189903982
158,45,V224,MW2012C3030306,2012,MW,Malawi,Southern,Zomba,NA,MW06,Middle Shire Valley,10922806,3,47,30,0,44,44,LUNZU,-15.652717,35.019541,151827.5968,1543446263,27417225.23,5143.189999,320678.9846,0.016038438
159,45,V178,MW2012C3031206,2012,MW,Malawi,Southern,Balaka,NA,MW06,Middle Shire Valley,10920106,3,35,30,0,44,44,LUNZU,-15.652717,35.019541,151827.5968,1543446263,201816.344,209.1544023,320678.9846,0.000652224
160,45,V36,MW2012C3030506,2012,MW,Malawi,Southern,Blantyre,NA,MW06,Middle Shire Valley,10920206,3,3,30,0,44,44,LUNZU,-15.652717,35.019541,151827.5968,1543446263,982271269.3,185936.5472,320678.9846,0.579821429
161,45,V230,MW2012C3030514,2012,MW,Malawi,Southern,Blantyre,NA,MW14,Shire Highlands,10920214,3,48,30,0,44,44,LUNZU,-15.652717,35.019541,151827.5968,1543446263,150732763.1,47392.42893,320678.9846,0.14778776
162,46,V177,MW2012C3031206,2012,MW,Malawi,Southern,Balaka,NA,MW06,Middle Shire Valley,10920106,3,35,27,0,45,45,NTAJA,-14.874127,35.530213,211823.7665,2841756896,11761993.04,2158.241294,216084.3193,0.009987959
163,46,V14,MW2012C3999918,2012,MW,Malawi,NA,NA,NA,MW18,National Parks and Reserves,0,3,1,27,0,45,45,NTAJA,-14.874127,35.530213,211823.7665,2841756896,206146991.4,7755.55602,216084.3193,0.035891341
164,46,V253,MW2012C3030204,2012,MW,Malawi,Southern,Machinga,NA,MW04,Lake Chilwa - Phalombe Plain,10921204,3,52,27,0,45,45,NTAJA,-14.874127,35.530213,211823.7665,2841756896,1572678847,NA,216084.3193,NA
165,46,V248,MW2012C3030214,2012,MW,Malawi,Southern,Machinga,NA,MW14,Shire Highlands,10921214,3,51,27,0,45,45,NTAJA,-14.874127,35.530213,211823.7665,2841756896,488094447,132907.1397,216084.3193,0.615070728
166,46,V287,MW2012C3030304,2012,MW,Malawi,Southern,Zomba,NA,MW04,Lake Chilwa - Phalombe Plain,10922804,3,60,27,0,45,45,NTAJA,-14.874127,35.530213,211823.7665,2841756896,2156781.834,NA,216084.3193,NA
167,46,V197,MW2012C3030114,2012,MW,Malawi,Southern,Mangochi,NA,MW14,Shire Highlands,10921314,3,39,27,0,45,45,NTAJA,-14.874127,35.530213,211823.7665,2841756896,272167128.5,72600.7543,216084.3193,0.335983446
168,46,V189,MW2012C3030112,2012,MW,Malawi,Southern,Mangochi,NA,MW12,Phirilongwe Hills,10921312,3,38,27,0,45,45,NTAJA,-14.874127,35.530213,211823.7665,2841756896,5545210.975,662.6280458,216084.3193,0.003066525
169,47,V139,MW2012C3031116,2012,MW,Malawi,Southern,Nsanje,NA,MW16,Thyolo Mulunje Tea Estates,10922116,3,26,14,0,46,46,NCHALO,-16.271592,34.870694,188624.1177,1493347165,7522195.745,646.2237114,229050.5309,0.002821315
170,47,V267,MW2012C3031105,2012,MW,Malawi,Southern,Nsanje,NA,MW05,Lower Shire,10922105,3,56,14,0,46,46,NCHALO,-16.271592,34.870694,188624.1177,1493347165,7044076.654,1272.479779,229050.5309,0.005555454
171,47,V165,MW2012C3030716,2012,MW,Malawi,Southern,Thyolo,NA,MW16,Thyolo Mulunje Tea Estates,10922716,3,32,14,0,46,46,NCHALO,-16.271592,34.870694,188624.1177,1493347165,182421188.4,55375.87954,229050.5309,0.241762721
172,47,V38,MW2012C3031005,2012,MW,Malawi,Southern,Chikwawa,NA,MW05,Lower Shire,10920305,3,4,14,0,46,46,NCHALO,-16.271592,34.870694,188624.1177,1493347165,781125581.3,171755.9479,229050.5309,0.74986051
173,47,V8,MW2012C3999918,2012,MW,Malawi,NA,NA,NA,MW18,National Parks and Reserves,0,3,1,14,0,46,46,NCHALO,-16.271592,34.870694,188624.1177,1493347165,390406548.5,NA,229050.5309,NA
174,48,V266,MW2012C3010509,2012,MW,Malawi,Northern,Mzimba,NA,MW09,Nkhata Bay Cassava,10921709,3,55,56,0,47,47,JENDA,-12.361617,33.556007,225317.9442,2230952051,167885542.1,7607.980778,115391.6894,0.065931791
175,48,V131,MW2012C3020211,2012,MW,Malawi,Central,Nkhotakota,NA,MW11,Northern Lakeshore,10922011,3,23,56,0,47,47,JENDA,-12.361617,33.556007,225317.9442,2230952051,184685849.7,27796.71544,115391.6894,0.240890099
176,48,V123,MW2012C3010309,2012,MW,Malawi,Northern,Nkhata Bay,NA,MW09,Nkhata Bay Cassava,10921909,3,22,56,0,47,47,JENDA,-12.361617,33.556007,225317.9442,2230952051,44191247.49,267.2446776,115391.6894,0.002315979
177,48,V108,MW2012C3010508,2012,MW,Malawi,Northern,Mzimba,NA,MW08,Mzimba Self Sufficient,10921708,3,19,56,0,47,47,JENDA,-12.361617,33.556007,225317.9442,2230952051,659399572.2,39333.12018,115391.6894,0.340866144
178,48,V118,MW2012C3010311,2012,MW,Malawi,Northern,Nkhata Bay,NA,MW11,Northern Lakeshore,10921911,3,21,56,0,47,47,JENDA,-12.361617,33.556007,225317.9442,2230952051,1020109.507,4.113822077,115391.6894,3.57E-05
179,48,V87,MW2012C3020103,2012,MW,Malawi,Central,Kasungu,NA,MW03,Kasungu Lilongwe Plain,10920903,3,14,56,0,47,47,JENDA,-12.361617,33.556007,225317.9442,2230952051,108091051.2,9509.784653,115391.6894,0.082413081
180,48,V264,MW2012C3010503,2012,MW,Malawi,Northern,Mzimba,NA,MW03,Kasungu Lilongwe Plain,10921703,3,54,56,0,47,47,JENDA,-12.361617,33.556007,225317.9442,2230952051,345508609.5,16628.56259,115391.6894,0.144105374
181,48,V136,MW2012C3020209,2012,MW,Malawi,Central,Nkhotakota,NA,MW09,Nkhata Bay Cassava,10922009,3,24,56,0,47,47,JENDA,-12.361617,33.556007,225317.9442,2230952051,574946909.1,14244.16726,115391.6894,0.123441882
182,49,V148,MW2012C3020913,2012,MW,Malawi,Central,Ntcheu,NA,MW13,Rift Valley Escarpment,10922213,3,28,48,0,48,48,LIZULU,-14.438447,34.422597,88412.03678,443968167.3,279931753.5,55329.87245,72760.05158,0.760443008
183,49,V208,MW2012C3020813,2012,MW,Malawi,Central,Dedza,NA,MW13,Rift Valley Escarpment,10920613,3,42,48,0,48,48,LIZULU,-14.438447,34.422597,88412.03678,443968167.3,66127.39039,164.9666022,72760.05158,0.002267269
184,49,V60,MW2012C3020803,2012,MW,Malawi,Central,Dedza,NA,MW03,Kasungu Lilongwe Plain,10920603,3,9,48,0,48,48,LIZULU,-14.438447,34.422597,88412.03678,443968167.3,133470248,17265.21253,72760.05158,0.237289724
185,5,V244,MW2012C3020603,2012,MW,Malawi,Central,Lilongwe,NA,MW03,Kasungu Lilongwe Plain,10921103,3,50,45,0,4,4,DOWA,-13.651469,33.935976,148382.4513,1434969658,27541006.4,9371.036386,271102.6365,0.034566379
186,5,V151,MW2012C3020303,2012,MW,Malawi,Central,Ntchisi,NA,MW03,Kasungu Lilongwe Plain,10922303,3,29,45,0,4,4,DOWA,-13.651469,33.935976,148382.4513,1434969658,74081359.17,10987.16385,271102.6365,0.040527691
187,5,V204,MW2012C3020513,2012,MW,Malawi,Central,Salima,NA,MW13,Rift Valley Escarpment,10922613,3,41,45,0,4,4,DOWA,-13.651469,33.935976,148382.4513,1434969658,146945977.5,15227.26271,271102.6365,0.056167889
188,5,V67,MW2012C3020403,2012,MW,Malawi,Central,Dowa,NA,MW03,Kasungu Lilongwe Plain,10920703,3,10,45,0,4,4,DOWA,-13.651469,33.935976,148382.4513,1434969658,1083065448,233192.7347,271102.6365,0.860164024
189,5,V221,MW2012C3020503,2012,MW,Malawi,Central,Salima,NA,MW03,Kasungu Lilongwe Plain,10922603,3,46,45,0,4,4,DOWA,-13.651469,33.935976,148382.4513,1434969658,14860911.54,2324.438833,271102.6365,0.008574018
190,50,V17,MW2012C3999918,2012,MW,Malawi,NA,NA,NA,MW18,National Parks and Reserves,0,3,1,37,0,49,49,MKANDA,-13.502108,32.994464,232996.4994,1987451694,366742194.4,599.8415781,184017.6889,0.003259695
191,50,V98,MW2012C3020703,2012,MW,Malawi,Central,Mchinji,NA,MW03,Kasungu Lilongwe Plain,10921403,3,16,37,0,49,49,MKANDA,-13.502108,32.994464,232996.4994,1987451694,1275751315,163157.9288,184017.6889,0.886642636
192,50,V84,MW2012C3020103,2012,MW,Malawi,Central,Kasungu,NA,MW03,Kasungu Lilongwe Plain,10920903,3,14,37,0,49,49,MKANDA,-13.502108,32.994464,232996.4994,1987451694,224701738.4,20259.9185,184017.6889,0.110097668
193,51,V158,MW2012C3030904,2012,MW,Malawi,Southern,Phalombe,NA,MW04,Lake Chilwa - Phalombe Plain,10922404,3,30,12,0,50,50,MIGOWI,-15.616667,35.716667,154164.4927,1147189637,641711711.8,119538.1805,126209.0736,0.947144108
194,51,V282,MW2012C3030304,2012,MW,Malawi,Southern,Zomba,NA,MW04,Lake Chilwa - Phalombe Plain,10922804,3,60,12,0,50,50,MIGOWI,-15.616667,35.716667,154164.4927,1147189637,52719340.1,6670.893112,126209.0736,0.052855892
195,52,V103,MW2012C3030816,2012,MW,Malawi,Southern,Mulanje,NA,MW16,Thyolo Mulunje Tea Estates,10921516,3,17,26,0,51,51,PHALOMBE,-15.76333,35.65875,129227.6863,1121582508,101527719.4,260.9125653,275424.8144,0.00094731
196,52,V13,MW2012C3999918,2012,MW,Malawi,NA,NA,NA,MW18,National Parks and Reserves,0,3,1,26,0,51,51,PHALOMBE,-15.76333,35.65875,129227.6863,1121582508,200001335,5618.9136,275424.8144,0.020400898
197,52,V260,MW2012C3030804,2012,MW,Malawi,Southern,Mulanje,NA,MW04,Lake Chilwa - Phalombe Plain,10921504,3,53,26,0,51,51,PHALOMBE,-15.76333,35.65875,129227.6863,1121582508,179625320.3,58370.17659,275424.8144,0.211927806
198,52,V161,MW2012C3030904,2012,MW,Malawi,Southern,Phalombe,NA,MW04,Lake Chilwa - Phalombe Plain,10922404,3,30,26,0,51,51,PHALOMBE,-15.76333,35.65875,129227.6863,1121582508,552517199.4,211174.8116,275424.8144,0.766723986
199,53,V279,MW2012C3030314,2012,MW,Malawi,Southern,Zomba,NA,MW14,Shire Highlands,10922814,3,59,29,0,52,52,CHIRADZULU,-15.675949,35.140629,111256.6127,650314528.6,52728919.12,14023.8923,269314.6954,0.05207251
200,53,V48,MW2012C3030404,2012,MW,Malawi,Southern,Chiradzulu,NA,MW04,Lake Chilwa - Phalombe Plain,10920404,3,5,29,0,52,52,CHIRADZULU,-15.675949,35.140629,111256.6127,650314528.6,4986334.621,1501.152108,269314.6954,0.00557397
201,53,V229,MW2012C3030514,2012,MW,Malawi,Southern,Blantyre,NA,MW14,Shire Highlands,10920214,3,48,29,0,52,52,CHIRADZULU,-15.675949,35.140629,111256.6127,650314528.6,13128188.12,7068.326291,269314.6954,0.026245602
202,53,V235,MW2012C3030414,2012,MW,Malawi,Southern,Chiradzulu,NA,MW14,Shire Highlands,10920414,3,49,29,0,52,52,CHIRADZULU,-15.675949,35.140629,111256.6127,650314528.6,471665780.1,226223.4546,269314.6954,0.839996697
203,53,V261,MW2012C3030804,2012,MW,Malawi,Southern,Mulanje,NA,MW04,Lake Chilwa - Phalombe Plain,10921504,3,53,29,0,52,52,CHIRADZULU,-15.675949,35.140629,111256.6127,650314528.6,9510229.173,2918.15109,269314.6954,0.010835469
204,53,V31,MW2012C3030519,2012,MW,Malawi,Southern,Blantyre,NA,MW19,Blantyre,10920219,3,2,29,0,52,52,CHIRADZULU,-15.675949,35.140629,111256.6127,650314528.6,22758949.55,8899.030222,269314.6954,0.03304324
205,53,V35,MW2012C3030506,2012,MW,Malawi,Southern,Blantyre,NA,MW06,Middle Shire Valley,10920206,3,3,29,0,52,52,CHIRADZULU,-15.675949,35.140629,111256.6127,650314528.6,24920374.43,8680.68881,269314.6954,0.032232511
206,54,V142,MW2012C3020913,2012,MW,Malawi,Central,Ntcheu,NA,MW13,Rift Valley Escarpment,10922213,3,28,13,0,53,53,TSANGANO_TURNOFF,-15.15,34.583333,151459.9106,1030226082,420284727.8,43242.71365,93167.77343,0.464138103
207,54,V104,MW2012C3030613,2012,MW,Malawi,Southern,Mwanza,NA,MW13,Rift Valley Escarpment,10921613,3,18,13,0,53,53,TSANGANO_TURNOFF,-15.15,34.583333,151459.9106,1030226082,37451805.14,4876.048655,93167.77343,0.052336215
208,54,V115,MW2012C3031313,2012,MW,Malawi,Southern,Neno,NA,MW13,Rift Valley Escarpment,10921813,3,20,13,0,53,53,TSANGANO_TURNOFF,-15.15,34.583333,151459.9106,1030226082,408523958.6,36254.31607,93167.77343,0.38912936
209,54,V210,MW2012C3030606,2012,MW,Malawi,Southern,Mwanza,NA,MW06,Middle Shire Valley,10921606,3,43,13,0,53,53,TSANGANO_TURNOFF,-15.15,34.583333,151459.9106,1030226082,42376876.01,3383.245623,93167.77343,0.036313475
210,54,V175,MW2012C3031206,2012,MW,Malawi,Southern,Balaka,NA,MW06,Middle Shire Valley,10920106,3,35,13,0,53,53,TSANGANO_TURNOFF,-15.15,34.583333,151459.9106,1030226082,21982790.68,2377.814571,93167.77343,0.025521857
211,54,V170,MW2012C3031213,2012,MW,Malawi,Southern,Balaka,NA,MW13,Rift Valley Escarpment,10920113,3,34,13,0,53,53,TSANGANO_TURNOFF,-15.15,34.583333,151459.9106,1030226082,18073429.14,3033.634866,93167.77343,0.032560989
212,55,V259,MW2012C3030804,2012,MW,Malawi,Southern,Mulanje,NA,MW04,Lake Chilwa - Phalombe Plain,10921504,3,53,25,0,54,54,JALI,-15.4967,35.468,140420.9452,967009539.7,20961743.63,5067.643564,20582.60168,0.246210058
213,55,V286,MW2012C3030304,2012,MW,Malawi,Southern,Zomba,NA,MW04,Lake Chilwa - Phalombe Plain,10922804,3,60,25,0,54,54,JALI,-15.4967,35.468,140420.9452,967009539.7,565221190.8,NA,20582.60168,NA
214,55,V160,MW2012C3030904,2012,MW,Malawi,Southern,Phalombe,NA,MW04,Lake Chilwa - Phalombe Plain,10922404,3,30,25,0,54,54,JALI,-15.4967,35.468,140420.9452,967009539.7,52907561.69,15514.95812,20582.60168,0.753789942
215,55,V252,MW2012C3030204,2012,MW,Malawi,Southern,Machinga,NA,MW04,Lake Chilwa - Phalombe Plain,10921204,3,52,25,0,54,54,JALI,-15.4967,35.468,140420.9452,967009539.7,2993424.088,0,20582.60168,0
216,56,V258,MW2012C3030804,2012,MW,Malawi,Southern,Mulanje,NA,MW04,Lake Chilwa - Phalombe Plain,10921504,3,53,24,0,55,55,THONDWE,-15.5,35.45,64594.5815,160652568.2,10783.93496,434.5943996,60089.91311,0.007232402
217,56,V285,MW2012C3030304,2012,MW,Malawi,Southern,Zomba,NA,MW04,Lake Chilwa - Phalombe Plain,10922804,3,60,24,0,55,55,THONDWE,-15.5,35.45,64594.5815,160652568.2,109392094.6,39294.08209,60089.91311,0.653921433
218,56,V278,MW2012C3030314,2012,MW,Malawi,Southern,Zomba,NA,MW14,Shire Highlands,10922814,3,59,24,0,55,55,THONDWE,-15.5,35.45,64594.5815,160652568.2,39046910.92,20361.23663,60089.91311,0.338846165
219,57,V76,MW2012C3010201,2012,MW,Malawi,Northern,Karonga,NA,MW01,Central Karonga,10920801,3,12,5,0,56,56,MISUKU,-9.683889,33.458056,207481.1665,1755038350,229770493.4,8235.479108,75748.04559,0.108722001
220,57,V80,MW2012C3010210,2012,MW,Malawi,Northern,Karonga,NA,MW10,Northern Karonga,10920810,3,13,5,0,56,56,MISUKU,-9.683889,33.458056,207481.1665,1755038350,201865957.8,16992.37752,75748.04559,0.224327603
221,57,V50,MW2012C3010102,2012,MW,Malawi,Northern,Chitipa,NA,MW02,Chitipa Millet & Maize,10920502,3,7,5,0,56,56,MISUKU,-9.683889,33.458056,207481.1665,1755038350,720161395.5,50520.18896,75748.04559,0.666950395
222,57,V49,MW2012C3010107,2012,MW,Malawi,Northern,Chitipa,NA,MW07,Misuku Hills,10920507,3,6,5,0,56,56,MISUKU,-9.683889,33.458056,207481.1665,1755038350,531637018.6,NA,75748.04559,NA
223,58,V9,MW2012C3999918,2012,MW,Malawi,NA,NA,NA,MW18,National Parks and Reserves,0,3,1,15,0,57,57,NGABU,-16.440474,34.869314,167528.5373,1086000967,138689479.8,3417.839985,142793.6303,0.023935521
224,58,V39,MW2012C3031005,2012,MW,Malawi,Southern,Chikwawa,NA,MW05,Lower Shire,10920305,3,4,15,0,57,57,NGABU,-16.440474,34.869314,167528.5373,1086000967,850854671.9,139375.7903,142793.6303,0.976064479
225,59,V4,MW2012C3999918,2012,MW,Malawi,NA,NA,NA,MW18,National Parks and Reserves,0,3,1,7,0,58,58,NTHALIRE,-10.349679,33.637159,289533.8018,2737138925,504895618.6,384.6107566,47555.41123,0.008087634
226,59,V74,MW2012C3010209,2012,MW,Malawi,Northern,Karonga,NA,MW09,Nkhata Bay Cassava,10920809,3,11,7,0,58,58,NTHALIRE,-10.349679,33.637159,289533.8018,2737138925,172945433.9,73.1140486,47555.41123,0.00153745
227,59,V78,MW2012C3010201,2012,MW,Malawi,Northern,Karonga,NA,MW01,Central Karonga,10920801,3,12,7,0,58,58,NTHALIRE,-10.349679,33.637159,289533.8018,2737138925,84716342.39,1324.175244,47555.41123,0.027844891
228,59,V52,MW2012C3010102,2012,MW,Malawi,Northern,Chitipa,NA,MW02,Chitipa Millet & Maize,10920502,3,7,7,0,58,58,NTHALIRE,-10.349679,33.637159,289533.8018,2737138925,1853006363,45536.7642,47555.41123,0.957551686
229,59,V162,MW2012C3010417,2012,MW,Malawi,Northern,Rumphi,NA,MW17,Western Rumphi & Mumba,10922517,3,31,7,0,58,58,NTHALIRE,-10.349679,33.637159,289533.8018,2737138925,7341735.884,236.7469826,47555.41123,0.00497834
230,6,V53,MW2012C3010102,2012,MW,Malawi,Northern,Chitipa,NA,MW02,Chitipa Millet & Maize,10920502,3,7,71,0,5,5,KARONGA,-9.933333,33.933333,300787.1305,4590563357,14518862.71,262.2601723,195045.7742,0.001344608
231,6,V79,MW2012C3010201,2012,MW,Malawi,Northern,Karonga,NA,MW01,Central Karonga,10920801,3,12,71,0,5,5,KARONGA,-9.933333,33.933333,300787.1305,4590563357,1157534347,97479.90232,195045.7742,0.499779617
232,6,V81,MW2012C3010210,2012,MW,Malawi,Northern,Karonga,NA,MW10,Northern Karonga,10920810,3,13,71,0,5,5,KARONGA,-9.933333,33.933333,300787.1305,4590563357,592204252.5,96944.03393,195045.7742,0.497032219
233,6,V75,MW2012C3010209,2012,MW,Malawi,Northern,Karonga,NA,MW09,Nkhata Bay Cassava,10920809,3,11,71,0,5,5,KARONGA,-9.933333,33.933333,300787.1305,4590563357,10663815.33,359.577752,195045.7742,0.001843556
234,60,V171,MW2012C3031213,2012,MW,Malawi,Southern,Balaka,NA,MW13,Rift Valley Escarpment,10920113,3,34,28,0,59,59,NTONDA,-14.980972,34.756125,131344.3932,784069730.2,499571.4602,503.1253333,110849.7825,0.004538803
235,60,V143,MW2012C3020913,2012,MW,Malawi,Central,Ntcheu,NA,MW13,Rift Valley Escarpment,10922213,3,28,28,0,59,59,NTONDA,-14.980972,34.756125,131344.3932,784069730.2,726847597.3,110346.6572,110849.7825,0.995461197
236,61,V86,MW2012C3020103,2012,MW,Malawi,Central,Kasungu,NA,MW03,Kasungu Lilongwe Plain,10920903,3,14,55,0,60,60,SANTHE,-13.435847,33.39069,159135.9206,1556631091,1114199708,144730.4537,196441.6054,0.736760695
237,61,V22,MW2012C3999918,2012,MW,Malawi,NA,NA,NA,MW18,National Parks and Reserves,0,3,1,55,0,60,60,SANTHE,-13.435847,33.39069,159135.9206,1556631091,34755830.66,200.5549693,196441.6054,0.001020939
238,61,V246,MW2012C3020603,2012,MW,Malawi,Central,Lilongwe,NA,MW03,Kasungu Lilongwe Plain,10921103,3,50,55,0,60,60,SANTHE,-13.435847,33.39069,159135.9206,1556631091,90372831.6,17578.4034,196441.6054,0.089484116
239,61,V100,MW2012C3020703,2012,MW,Malawi,Central,Mchinji,NA,MW03,Kasungu Lilongwe Plain,10921403,3,16,55,0,60,60,SANTHE,-13.435847,33.39069,159135.9206,1556631091,45469772.22,8136.987947,196441.6054,0.041421917
240,61,V70,MW2012C3020403,2012,MW,Malawi,Central,Dowa,NA,MW03,Kasungu Lilongwe Plain,10920703,3,10,55,0,60,60,SANTHE,-13.435847,33.39069,159135.9206,1556631091,178260044.3,25795.20537,196441.6054,0.131312332
241,62,V270,MW2012C3010409,2012,MW,Malawi,Northern,Rumphi,NA,MW09,Nkhata Bay Cassava,10922509,3,57,6,0,61,61,CHILUMBA,-10.436367,34.244938,328425.9217,5600674815,265494450.8,27567.01961,122022.7948,0.225916966
242,62,V73,MW2012C3010209,2012,MW,Malawi,Northern,Karonga,NA,MW09,Nkhata Bay Cassava,10920809,3,11,6,0,61,61,CHILUMBA,-10.436367,34.244938,328425.9217,5600674815,964942231,93720.46141,122022.7948,0.768056997
243,62,V77,MW2012C3010201,2012,MW,Malawi,Northern,Karonga,NA,MW01,Central Karonga,10920801,3,12,6,0,61,61,CHILUMBA,-10.436367,34.244938,328425.9217,5600674815,17442576.47,650.2224875,122022.7948,0.005328697
244,62,V3,MW2012C3999918,2012,MW,Malawi,NA,NA,NA,MW18,National Parks and Reserves,0,3,1,6,0,61,61,CHILUMBA,-10.436367,34.244938,328425.9217,5600674815,309897120.5,85.09131095,122022.7948,0.000697339
245,62,V51,MW2012C3010102,2012,MW,Malawi,Northern,Chitipa,NA,MW02,Chitipa Millet & Maize,10920502,3,7,6,0,61,61,CHILUMBA,-10.436367,34.244938,328425.9217,5600674815,7414052.906,0,122022.7948,0
246,63,V263,MW2012C3010503,2012,MW,Malawi,Northern,Mzimba,NA,MW03,Kasungu Lilongwe Plain,10921703,3,54,54,0,62,62,CHAMAMA,-12.916667,33.783333,190673.3269,2186198343,273024684.1,9393.859063,142507.0842,0.065918541
247,63,V21,MW2012C3999918,2012,MW,Malawi,NA,NA,NA,MW18,National Parks and Reserves,0,3,1,54,0,62,62,CHAMAMA,-12.916667,33.783333,190673.3269,2186198343,702263701.2,3968.865282,142507.0842,0.027850302
248,63,V135,MW2012C3020209,2012,MW,Malawi,Central,Nkhotakota,NA,MW09,Nkhata Bay Cassava,10922009,3,24,54,0,62,62,CHAMAMA,-12.916667,33.783333,190673.3269,2186198343,3183112.372,260.0382821,142507.0842,0.001824739
249,63,V85,MW2012C3020103,2012,MW,Malawi,Central,Kasungu,NA,MW03,Kasungu Lilongwe Plain,10920903,3,14,54,0,62,62,CHAMAMA,-12.916667,33.783333,190673.3269,2186198343,1084369751,128830.8369,142507.0842,0.904031106
250,63,V153,MW2012C3020303,2012,MW,Malawi,Central,Ntchisi,NA,MW03,Kasungu Lilongwe Plain,10922303,3,29,54,0,62,62,CHAMAMA,-12.916667,33.783333,190673.3269,2186198343,2085132.841,53.48470207,142507.0842,0.000375313
251,64,V284,MW2012C3030304,2012,MW,Malawi,Southern,Zomba,NA,MW04,Lake Chilwa - Phalombe Plain,10922804,3,60,23,0,63,63,ZOMBA,-15.383333,35.333333,166720.9893,1456852993,258119496.8,98235.39857,475241.1979,0.206706403
252,64,V211,MW2012C3030606,2012,MW,Malawi,Southern,Mwanza,NA,MW06,Middle Shire Valley,10921606,3,43,23,0,63,63,ZOMBA,-15.383333,35.333333,166720.9893,1456852993,6079792.561,398.4410359,475241.1979,0.000838398
253,64,V247,MW2012C3030214,2012,MW,Malawi,Southern,Machinga,NA,MW14,Shire Highlands,10921214,3,51,23,0,63,63,ZOMBA,-15.383333,35.333333,166720.9893,1456852993,349858489.4,99336.28621,475241.1979,0.209022885
254,64,V251,MW2012C3030204,2012,MW,Malawi,Southern,Machinga,NA,MW04,Lake Chilwa - Phalombe Plain,10921204,3,52,23,0,63,63,ZOMBA,-15.383333,35.333333,166720.9893,1456852993,80604796.68,20923.13201,475241.1979,0.044026343
255,64,V277,MW2012C3030314,2012,MW,Malawi,Southern,Zomba,NA,MW14,Shire Highlands,10922814,3,59,23,0,63,63,ZOMBA,-15.383333,35.333333,166720.9893,1456852993,498884818.6,219994.3456,475241.1979,0.462910931
256,64,V223,MW2012C3030306,2012,MW,Malawi,Southern,Zomba,NA,MW06,Middle Shire Valley,10922806,3,47,23,0,63,63,ZOMBA,-15.383333,35.333333,166720.9893,1456852993,130511430.4,33958.95578,475241.1979,0.071456254
257,64,V176,MW2012C3031206,2012,MW,Malawi,Southern,Balaka,NA,MW06,Middle Shire Valley,10920106,3,35,23,0,63,63,ZOMBA,-15.383333,35.333333,166720.9893,1456852993,23641346.64,2394.63873,475241.1979,0.005038786
258,65,V217,MW2012C3010517,2012,MW,Malawi,Northern,Mzimba,NA,MW17,Western Rumphi & Mumba,10921717,3,44,65,0,64,64,HEWE,-11.19237,33.46928,300453.0743,3300681952,1748950743,153163.4038,203265.3231,0.753514675
259,65,V163,MW2012C3010417,2012,MW,Malawi,Northern,Rumphi,NA,MW17,Western Rumphi & Mumba,10922517,3,31,65,0,64,64,HEWE,-11.19237,33.46928,300453.0743,3300681952,230314671.1,26863.3144,203265.3231,0.132158865
260,65,V27,MW2012C3999918,2012,MW,Malawi,NA,NA,NA,MW18,National Parks and Reserves,0,3,1,65,0,64,64,HEWE,-11.19237,33.46928,300453.0743,3300681952,991674066.7,3620.262536,203265.3231,0.017810527
261,65,V110,MW2012C3010508,2012,MW,Malawi,Northern,Mzimba,NA,MW08,Mzimba Self Sufficient,10921708,3,19,65,0,64,64,HEWE,-11.19237,33.46928,300453.0743,3300681952,165640435.1,19618.34235,203265.3231,0.096515933
262,66,V109,MW2012C3010508,2012,MW,Malawi,Northern,Mzimba,NA,MW08,Mzimba Self Sufficient,10921708,3,19,64,0,65,65,EMBANGWENI,-12.166667,33.466667,160519.0444,1282307166,1198322110,136822.2554,137116.6296,0.997853111
263,66,V124,MW2012C3010309,2012,MW,Malawi,Northern,Nkhata Bay,NA,MW09,Nkhata Bay Cassava,10921909,3,22,64,0,65,65,EMBANGWENI,-12.166667,33.466667,160519.0444,1282307166,14507926.82,294.374175,137116.6296,0.002146889
264,67,V82,MW2012C3020103,2012,MW,Malawi,Central,Kasungu,NA,MW03,Kasungu Lilongwe Plain,10920903,3,14,10,0,66,66,CHATOLOMA,-12.815578,33.43434,176881.8866,1218267515,647637248.4,73506.01016,73532.23597,0.999643343
265,67,V6,MW2012C3999918,2012,MW,Malawi,NA,NA,NA,MW18,National Parks and Reserves,0,3,1,10,0,66,66,CHATOLOMA,-12.815578,33.43434,176881.8866,1218267515,502558129.4,26.22580636,73532.23597,0.000356657
266,68,V83,MW2012C3020103,2012,MW,Malawi,Central,Kasungu,NA,MW03,Kasungu Lilongwe Plain,10920903,3,14,36,0,67,67,KASIYA,-13.76667,33.38333,146197.2712,1417385961,6831179.964,785.69703,250934.0652,0.00313109
267,68,V237,MW2012C3020603,2012,MW,Malawi,Central,Lilongwe,NA,MW03,Kasungu Lilongwe Plain,10921103,3,50,36,0,67,67,KASIYA,-13.76667,33.38333,146197.2712,1417385961,742799628.1,166271.0423,250934.0652,0.662608491
268,68,V63,MW2012C3020403,2012,MW,Malawi,Central,Dowa,NA,MW03,Kasungu Lilongwe Plain,10920703,3,10,36,0,67,67,KASIYA,-13.76667,33.38333,146197.2712,1417385961,8031731.53,963.8395368,250934.0652,0.003841007
269,68,V97,MW2012C3020703,2012,MW,Malawi,Central,Mchinji,NA,MW03,Kasungu Lilongwe Plain,10921403,3,16,36,0,67,67,KASIYA,-13.76667,33.38333,146197.2712,1417385961,570500160.3,82913.4863,250934.0652,0.330419412
270,69,V250,MW2012C3030214,2012,MW,Malawi,Southern,Machinga,NA,MW14,Shire Highlands,10921214,3,51,52,0,68,68,CHIMBIYA,-14.59522,35.7987,154446.855,1002831885,266881634.5,39802.3854,39802.3854,1
271,69,V255,MW2012C3030204,2012,MW,Malawi,Southern,Machinga,NA,MW04,Lake Chilwa - Phalombe Plain,10921204,3,52,52,0,68,68,CHIMBIYA,-14.59522,35.7987,154446.855,1002831885,357606167.3,NA,39802.3854,NA
272,69,V199,MW2012C3030114,2012,MW,Malawi,Southern,Mangochi,NA,MW14,Shire Highlands,10921314,3,39,52,0,68,68,CHIMBIYA,-14.59522,35.7987,154446.855,1002831885,252113640.7,NA,39802.3854,NA
273,7,V93,MW2012C3020103,2012,MW,Malawi,Central,Kasungu,NA,MW03,Kasungu Lilongwe Plain,10920903,3,14,63,0,6,6,KASUNGU,-13.033333,33.483333,182366.3746,1830597720,1232958899,221209.4675,221596.7557,0.998252284
274,7,V26,MW2012C3999918,2012,MW,Malawi,NA,NA,NA,MW18,National Parks and Reserves,0,3,1,63,0,6,6,KASUNGU,-13.033333,33.483333,182366.3746,1830597720,491555196.1,387.2881836,221596.7557,0.001747716
275,70,V59,MW2012C3020803,2012,MW,Malawi,Central,Dedza,NA,MW03,Kasungu Lilongwe Plain,10920603,3,9,47,0,69,69,BEMBEKE_TURNOFF,-14.403275,34.369405,146607.8235,1007095571,937999309.7,295908.8216,297532.7521,0.994542011
276,70,V147,MW2012C3020913,2012,MW,Malawi,Central,Ntcheu,NA,MW13,Rift Valley Escarpment,10922213,3,28,47,0,69,69,BEMBEKE_TURNOFF,-14.403275,34.369405,146607.8235,1007095571,46788.9259,1623.930441,297532.7521,0.005457989
277,71,V146,MW2012C3020913,2012,MW,Malawi,Central,Ntcheu,NA,MW13,Rift Valley Escarpment,10922213,3,28,46,0,70,70,SHARPEVALEY,-14.60627,34.73305,167920.9105,1942083800,996399847.2,157267.9762,279200.1523,0.56328041
278,71,V192,MW2012C3030112,2012,MW,Malawi,Southern,Mangochi,NA,MW12,Phirilongwe Hills,10921312,3,38,46,0,70,70,SHARPEVALEY,-14.60627,34.73305,167920.9105,1942083800,812564901.5,121932.1761,279200.1523,0.43671959
279,72,V257,MW2012C3030804,2012,MW,Malawi,Southern,Mulanje,NA,MW04,Lake Chilwa - Phalombe Plain,10921504,3,53,22,0,71,71,MAYAKA,-15.580184,35.354498,114139.7227,778775052.2,244111501.1,61734.9831,247421.6866,0.249513226
280,72,V159,MW2012C3030904,2012,MW,Malawi,Southern,Phalombe,NA,MW04,Lake Chilwa - Phalombe Plain,10922404,3,30,22,0,71,71,MAYAKA,-15.580184,35.354498,114139.7227,778775052.2,1408072.768,197.1646481,247421.6866,0.000796877
281,72,V234,MW2012C3030414,2012,MW,Malawi,Southern,Chiradzulu,NA,MW14,Shire Highlands,10920414,3,49,22,0,71,71,MAYAKA,-15.580184,35.354498,114139.7227,778775052.2,32720091.46,19551.44605,247421.6866,0.079020745
282,72,V283,MW2012C3030304,2012,MW,Malawi,Southern,Zomba,NA,MW04,Lake Chilwa - Phalombe Plain,10922804,3,60,22,0,71,71,MAYAKA,-15.580184,35.354498,114139.7227,778775052.2,147506397.7,37488.72537,247421.6866,0.15151754
283,72,V276,MW2012C3030314,2012,MW,Malawi,Southern,Zomba,NA,MW14,Shire Highlands,10922814,3,59,22,0,71,71,MAYAKA,-15.580184,35.354498,114139.7227,778775052.2,292935958.1,128449.3675,247421.6866,0.519151612
284,8,V117,MW2012C3010311,2012,MW,Malawi,Northern,Nkhata Bay,NA,MW11,Northern Lakeshore,10921911,3,21,8,0,7,7,NKHATABAY,-11.6,34.3,275907.4211,3503732230,202254307.9,56354.85373,85252.54019,0.661034306
285,8,V122,MW2012C3010309,2012,MW,Malawi,Northern,Nkhata Bay,NA,MW09,Nkhata Bay Cassava,10921909,3,22,8,0,7,7,NKHATABAY,-11.6,34.3,275907.4211,3503732230,221260465,28897.68647,85252.54019,0.338965694
286,9,V243,MW2012C3020603,2012,MW,Malawi,Central,Lilongwe,NA,MW03,Kasungu Lilongwe Plain,10921103,3,50,44,0,8,8,LILONGWE,-13.983333,33.783333,102554.7236,671944595.9,413992922.6,237709.1498,765501.6864,0.310527271
287,9,V95,MW2012C3020619,2012,MW,Malawi,Central,Lilongwe,NA,MW19,Lilongwe,10921119,3,15,44,0,8,8,LILONGWE,-13.983333,33.783333,102554.7236,671944595.9,214690477.5,527792.5366,765501.6864,0.689472729
