"","ea_id","lat_modified","lon_modified"
"1",10130002,-0.530627489089966,32.3274917602539
"2",10130002,NA,NA
"3",10130002,0.289080739021301,32.5606498718262
"4",10130002,-0.0435730405151844,32.0053062438965
"5",10210001,0.33318766951561,32.5706558227539
"6",10210002,0.313044756650925,32.5691452026367
"7",10210003,0.303095519542694,32.5733451843262
"8",10210004,0.345752984285355,32.5462989807129
"9",10210005,0.378049045801163,32.5941276550293
"10",10210006,0.371428996324539,32.5650596618652
"11",10210007,0.36514076590538,32.5970153808594
"12",10210008,0.356909781694412,32.5883522033691
"13",10210008,0.785026848316193,33.3249053955078
"14",10210009,0.362534463405609,32.5747261047363
"15",10210010,0.345997929573059,32.5832252502441
"16",10210011,0.289272874593735,32.6159744262695
"17",10210011,0.2386794090271,32.6208229064941
"18",10210012,0.312796533107758,32.6114730834961
"19",10210013,0.303221106529236,32.6197471618652
"20",10210014,0.285813391208649,32.5787391662598
"21",10210014,0.390592843294144,32.5215911865234
"22",10210014,0.231386110186577,32.590991973877
"23",10210015,0.301654934883118,32.6005477905273
"24",10210015,0.326390743255615,32.5551452636719
"25",10210017,0.273187041282654,32.6248092651367
"26",10210018,0.295154541730881,32.5853996276855
"27",10210019,0.285392194986343,32.6176643371582
"28",10210019,0.410726010799408,32.488712310791
"29",10210019,0.365630447864532,32.555477142334
"30",10210020,0.34478223323822,32.587532043457
"31",10210021,0.367720067501068,32.6239585876465
"32",10210022,0.368404358625412,32.5902557373047
"33",10210023,0.32818478345871,32.6340675354004
"34",10210024,0.321927607059479,32.6380882263184
"35",10210025,0.33720475435257,32.6085891723633
"36",10210025,0.417212635278702,33.2152442932129
"37",10210026,0.305940717458725,32.5291442871094
"38",10210027,0.289859712123871,32.553035736084
"39",10210028,0.356767296791077,32.5571060180664
"40",10210029,0.330750405788422,32.5421409606934
"41",10210031,0.279319494962692,32.5660514831543
"42",10210032,0.332452565431595,32.5423698425293
"43",10210033,0.317143380641937,32.5373229980469
"44",10210034,0.30460998415947,32.543773651123
"45",10330003,0.827926635742188,31.8434658050537
"46",10330005,0.923509061336517,31.5785617828369
"47",10330005,0.887243986129761,31.7009468078613
"48",10410002,0.71214485168457,32.5294303894043
"49",10410002,0.586552023887634,32.5252227783203
"50",10430004,0.589527010917664,32.6231079101562
"51",10430004,0.471293449401855,32.8645896911621
"52",10430006,0.662385106086731,32.7091407775879
"53",10430006,0.276929646730423,32.5459365844727
"54",10430006,0.25701767206192,32.5793304443359
"55",10430006,0.347104102373123,32.5375289916992
"56",10430008,0.794874548912048,32.4711418151855
"57",10430008,0.811501383781433,32.5159187316895
"58",10430008,0.350512117147446,32.6247978210449
"59",10510001,-0.343147128820419,31.7253131866455
"60",10510003,-0.142147570848465,31.8796768188477
"61",10530004,-0.0795709863305092,31.6357078552246
"62",10530004,0.339910417795181,32.5585670471191
"63",10530008,-0.205463990569115,31.5668087005615
"64",10530008,-0.248543187975883,31.6678161621094
"65",10530012,-0.344247996807098,31.5716648101807
"66",10530015,-0.471200257539749,31.3637866973877
"67",10530019,-0.522386312484741,31.3553428649902
"68",10530023,-0.576782405376434,31.6916370391846
"69",10530026,-0.291444003582001,31.7913436889648
"70",10530026,-0.301559329032898,31.7502498626709
"71",10530026,-0.314386487007141,31.768533706665
"72",10530030,0.000976596027612686,31.7997989654541
"73",10530030,-0.314625114202499,31.7481575012207
"74",10530033,-0.197683021426201,31.8102912902832
"75",10530033,-0.27213916182518,31.7503662109375
"76",10630003,0.112059839069843,31.7603454589844
"77",10630003,NA,NA
"78",10630003,0.0299270804971457,32.0245895385742
"79",10630003,0.346186548471451,32.2513008117676
"80",10630005,0.270254284143448,31.6484489440918
"81",10630005,0.21624767780304,31.5747833251953
"82",10630005,0.335266023874283,31.6469745635986
"83",10630005,0.170688912272453,32.4613609313965
"84",10630005,0.189466461539268,32.4375190734863
"85",10630007,0.0716098621487617,32.0928726196289
"86",10630009,0.196654409170151,32.2552299499512
"87",10710001,0.552687466144562,31.3820266723633
"88",10710001,0.480719834566116,31.6931667327881
"89",10710002,0.390713512897491,32.0738220214844
"90",10730008,0.213034510612488,31.0526390075684
"91",10730012,0.537967622280121,31.368236541748
"92",10730012,0.413774818181992,31.2379608154297
"93",10730016,0.63070547580719,31.7877235412598
"94",10730016,0.524179399013519,31.3594627380371
"95",10730016,0.343906313180923,32.5416831970215
"96",10730020,0.487563967704773,31.8009243011475
"97",10730020,0.446488440036774,31.8257064819336
"98",10730020,0.426389187574387,31.8379459381104
"99",10730020,NA,NA
"100",10730020,0.401924014091492,32.1020774841309
"101",10730023,0.575504064559937,31.8198223114014
"102",10730023,0.586751282215118,31.7181549072266
"103",10730027,0.402623325586319,32.0810546875
"104",10810002,0.354955315589905,32.9335060119629
"105",10810002,0.286152809858322,32.6383666992188
"106",10810002,0.32752513885498,32.9794807434082
"107",10810003,0.411417484283447,33.1413688659668
"108",10830006,0.316349565982819,33.1603584289551
"109",10830006,0.359630525112152,33.1372489929199
"110",10830009,0.369690954685211,33.1874313354492
"111",10830013,0.376263439655304,33.1910133361816
"112",10830016,0.112189784646034,33.4779624938965
"113",10830016,0.515556812286377,33.4361724853516
"114",10830020,0.435742348432541,32.8037338256836
"115",10830020,0.372613370418549,32.7563743591309
"116",10830020,0.389507055282593,32.8391036987305
"117",10830020,0.463651865720749,32.7899627685547
"118",10830023,0.411849081516266,32.6887550354004
"119",10830023,0.337927013635635,32.5367279052734
"120",10830023,NA,NA
"121",10830027,0.619389116764069,32.8121566772461
"122",10830027,0.338240087032318,32.6403274536133
"123",10830030,0.684824407100677,32.8292083740234
"124",10830033,0.625139534473419,32.9195861816406
"125",10830033,NA,NA
"126",10930004,1.58244657516479,32.1892929077148
"127",10930004,1.5148845911026,32.1014823913574
"128",10930004,1.60925388336182,32.1914749145508
"129",10930004,1.39986944198608,32.2564964294434
"130",10930004,1.57053363323212,32.3624420166016
"131",11010001,-0.639231383800507,31.5299892425537
"132",11010001,0.372188210487366,32.5684623718262
"133",11030005,-0.8871248960495,31.711088180542
"134",11030005,-0.90362673997879,31.7654724121094
"135",11030007,-0.612109959125519,31.1836376190186
"136",11030007,-0.51861160993576,31.1944370269775
"137",11030007,-0.364492684602737,31.1595478057861
"138",11030007,-0.670389473438263,31.1604404449463
"139",11030007,NA,NA
"140",11030009,-0.508830487728119,31.3332862854004
"141",11030009,0.268996745347977,32.5728454589844
"142",11030009,0.285991013050079,32.538703918457
"143",11030012,-0.503361105918884,31.6160697937012
"144",11030012,0.258136421442032,32.5653228759766
"145",11130001,0.145366743206978,31.2310600280762
"146",11130003,-0.292247772216797,31.4787216186523
"147",11130005,-0.155980333685875,31.400016784668
"148",11130005,-0.151018559932709,31.4375495910645
"149",11210001,0.726580560207367,32.9185066223145
"150",11230003,0.82723480463028,32.8440856933594
"151",11230006,0.732910215854645,32.9587593078613
"152",11310002,0.0677282065153122,32.4715919494629
"153",11310003,0.218554243445396,32.5398979187012
"154",11310004,0.350127428770065,32.6699867248535
"155",11310006,0.375993281602859,32.5358734130859
"156",11310007,0.261842280626297,32.556755065918
"157",11330008,0.0560901910066605,32.3109283447266
"158",11330008,0.505781412124634,32.329402923584
"159",11330008,0.297392398118973,32.5121841430664
"160",11330010,0.128775581717491,32.5185775756836
"161",11330010,0.0393437594175339,32.5403861999512
"162",11330012,0.265680611133575,32.4627571105957
"163",11330014,0.160929515957832,32.5529327392578
"164",11330016,0.326053887605667,32.5104064941406
"165",11330019,0.34771341085434,32.6829795837402
"166",11330019,NA,NA
"167",11330021,0.349634975194931,32.5372314453125
"168",11330023,0.255861133337021,32.6040191650391
"169",11330025,0.239827170968056,32.5439300537109
"170",11330025,0.482223629951477,32.567211151123
"171",11030003,-0.107999116182327,31.1247825622559
"172",11030003,-0.29533115029335,31.2187824249268
"173",11030003,-0.402727663516998,31.3498954772949
"174",10730004,0.751306176185608,31.7029800415039
"175",10730004,0.27472311258316,31.9426517486572
"176",10730004,0.32007160782814,32.555046081543
"177",10730004,0.389594316482544,32.5794258117676
"178",10730004,0.369839280843735,32.5665283203125
"179",10730027,0.480199247598648,31.7791748046875
"180",10730031,0.543995559215546,32.1898193359375
"181",10730031,0.502339541912079,32.12890625
"182",10730031,0.627311944961548,32.0867080688477
"183",10430011,0.64454174041748,32.2456817626953
"184",10430011,0.684433221817017,32.3014259338379
"185",10430011,0.584685146808624,32.5620079040527
"186",10430013,1.15960025787354,32.0026092529297
"187",10430013,1.05097627639771,32.4674682617188
"188",10430013,0.767357647418976,32.5258140563965
"189",10430013,0.369963735342026,32.5560455322266
"190",20130004,0.431405365467072,33.8126411437988
"191",20130006,0.31351912021637,33.8706359863281
"192",20130008,0.64493328332901,33.7126388549805
"193",20130008,0.711598098278046,33.6848335266113
"194",20130008,1.1177716255188,33.8638305664062
"195",20130009,0.103999450802803,33.7830924987793
"196",20210001,0.46774822473526,34.0916976928711
"197",20230005,0.490654230117798,34.0917701721191
"198",20230007,0.389015406370163,34.0578117370605
"199",20310001,0.615904808044434,33.4700546264648
"200",20310004,0.623697280883789,33.4741477966309
"201",20330008,0.551625669002533,33.618896484375
"202",20330018,0.572827994823456,33.4740257263184
"203",20330018,0.828696727752686,33.2164840698242
"204",20330018,0.547453582286835,33.1652755737305
"205",20330023,0.674982845783234,33.5198974609375
"206",20330028,1.01656532287598,33.3279800415039
"207",20330033,0.775407314300537,33.3474769592285
"208",20410002,0.422720521688461,33.2024993896484
"209",20410002,0.653539955615997,30.275634765625
"210",20410002,0.823249995708466,34.2178001403809
"211",20410002,0.508613526821136,33.1530990600586
"212",20410006,0.432436555624008,33.2406768798828
"213",20410009,0.485487937927246,33.2385559082031
"214",20430012,0.625762522220612,33.2887725830078
"215",20430014,0.551319479942322,33.125862121582
"216",20430015,0.545563697814941,33.0937652587891
"217",20430015,0.660239696502686,33.2418060302734
"218",20510001,0.924405336380005,33.1305084228516
"219",20510001,0.602689206600189,33.7079124450684
"220",20530004,1.20923256874084,33.047924041748
"221",20530009,1.23299014568329,33.331226348877
"222",20530009,-0.370604664087296,31.749454498291
"223",20530013,1.06010282039642,33.0102233886719
"224",20530013,0.391492933034897,32.9793014526367
"225",20530017,0.90053391456604,33.1015129089355
"226",20530017,0.721441149711609,33.069709777832
"227",20530017,1.05894637107849,33.1644973754883
"228",20530030,0.773993253707886,33.0747528076172
"229",20630003,1.38218474388123,34.4044532775879
"230",20730005,1.86953103542328,33.9480819702148
"231",20730005,2.05196261405945,33.977970123291
"232",20730005,1.89014375209808,33.823802947998
"233",20730006,1.66368937492371,33.967887878418
"234",20810001,1.47599637508392,33.9171676635742
"235",20810001,0.702604353427887,34.1930999755859
"236",20810001,0.355950325727463,32.6122016906738
"237",20810001,1.55056166648865,34.0585899353027
"238",20830005,1.31225717067719,33.8341369628906
"239",20830005,1.37214016914368,33.9079666137695
"240",20830005,1.43425595760345,33.849781036377
"241",20830007,1.5315842628479,34.0501136779785
"242",20830008,1.58896815776825,33.8601341247559
"243",20830008,1.49167764186859,33.9666748046875
"244",20830008,2.2566249370575,32.9248352050781
"245",20910003,1.07345378398895,34.1650390625
"246",20910006,1.07075548171997,34.1721992492676
"247",20910006,NA,NA
"248",20930033,1.02946770191193,34.2461814880371
"249",21010002,1.1838995218277,33.7195930480957
"250",10210017,NA,NA
"251",10210025,NA,NA
"252",21030004,1.14941644668579,33.9205665588379
"253",21030006,1.31359672546387,33.7401695251465
"254",21030007,1.26079976558685,33.7970542907715
"255",10330003,NA,NA
"256",10330005,NA,NA
"257",10430006,NA,NA
"258",10430008,NA,NA
"259",10530008,NA,NA
"260",10530019,NA,NA
"261",10530030,NA,NA
"262",10530033,1.95079851150513,32.1478996276855
"263",10710001,0.671626806259155,31.2620639801025
"264",10710001,0.686091244220734,31.2665863037109
"265",10730012,0.652989745140076,30.2333354949951
"266",10830016,NA,NA
"267",10830020,NA,NA
"268",10930004,1.7825722694397,32.1667938232422
"269",10930004,NA,NA
"270",10930004,1.64418232440948,31.5741443634033
"271",11030005,NA,NA
"272",21110003,1.74108505249023,33.6019668579102
"273",21110003,2.12810254096985,33.5726165771484
"274",21110003,1.74421155452728,33.049633026123
"275",21130004,1.56147372722626,33.3062973022461
"276",21130006,1.52577114105225,33.5503845214844
"277",21130006,1.50145709514618,33.4706115722656
"278",21130006,1.83443355560303,33.5172080993652
"279",21130006,1.50963222980499,33.3904228210449
"280",21130007,1.74095821380615,33.5833396911621
"281",21130007,1.72766292095184,33.5183486938477
"282",21130009,1.70041382312775,33.6885223388672
"283",21130009,1.67027997970581,33.7054595947266
"284",11330012,NA,NA
"285",11330021,NA,NA
"286",10730004,NA,NA
"287",10430011,NA,NA
"288",21210003,0.711117923259735,34.1736373901367
"289",21230008,0.819429337978363,34.0940742492676
"290",21230009,0.657477378845215,34.1587715148926
"291",21230009,0.640629768371582,32.9984588623047
"292",21230011,0.696134746074677,34.0029640197754
"293",21230011,0.288416594266891,32.5790481567383
"294",21230013,0.696242272853851,34.1093864440918
"295",21230013,NA,NA
"296",21430002,0.513224303722382,33.4177093505859
"297",21430002,0.786843597888947,33.5675315856934
"298",21430002,0.57459944486618,33.4334487915039
"299",21430002,0.576142966747284,33.4181022644043
"300",21430002,0.380855351686478,32.5164604187012
"301",21430002,0.562989771366119,33.4349784851074
"302",21430002,0.629517555236816,33.5412788391113
"303",21430003,0.423703491687775,33.6121711730957
"304",21510001,1.2457377910614,34.2635726928711
"305",21530002,1.2184237241745,34.2704315185547
"306",21530004,1.15165543556213,34.261589050293
"307",21530004,0.326278805732727,32.5814552307129
"308",21530006,1.27609848976135,34.3719062805176
"309",21530006,0.649369120597839,34.1515159606934
"310",21530006,0.661986351013184,34.140625
"311",21530007,1.3747730255127,34.3019981384277
"312",20730003,2.02890801429749,33.590747833252
"313",20730003,2.0371253490448,33.4809303283691
"314",21030009,1.12054681777954,34.0546684265137
"315",21030009,2.54137110710144,34.6665420532227
"316",20930037,1.05403518676758,34.3706207275391
"317",20830003,1.19971585273743,34.1584243774414
"318",20130004,0.403172373771667,33.5244331359863
"319",20630001,1.33163118362427,34.6608619689941
"320",20530009,1.13588058948517,32.9908790588379
"321",20530009,1.11415433883667,33.2152366638184
"322",20730006,1.72660863399506,33.8913764953613
"323",21030004,NA,NA
"324",21110003,2.08050131797791,33.6641159057617
"325",21110003,1.73786163330078,34.095272064209
"326",21110003,1.76605308055878,33.0238914489746
"327",21110003,0.329069077968597,32.6401329040527
"328",21110003,1.82034254074097,33.2951164245605
"329",21130004,1.5665864944458,33.2737236022949
"330",21130006,NA,NA
"331",21130006,1.73496079444885,33.4685592651367
"332",21230011,NA,NA
"333",21230006,1.01852333545685,34.0729484558105
"334",21430002,NA,NA
"335",21430002,1.05075490474701,33.4236488342285
"336",21430002,0.733247816562653,33.5968589782715
"337",21530002,1.05927336215973,34.1466407775879
"338",21530004,NA,NA
"339",20530022,0.818856716156006,33.2036972045898
"340",20530022,1.03577780723572,33.3878631591797
"341",20530022,0.75813615322113,33.419563293457
"342",20530022,1.21972632408142,33.3827209472656
"343",20530026,1.08883786201477,33.4021606445312
"344",20930011,0.825316965579987,34.2723846435547
"345",20930014,0.802708446979523,34.3096466064453
"346",20930018,0.883820950984955,34.3841171264648
"347",20930018,0.804886937141418,34.3069801330566
"348",20930022,0.808688759803772,34.3362693786621
"349",20930026,0.857629358768463,34.3664779663086
"350",20930029,0.869543254375458,34.3812675476074
"351",20330013,0.961448907852173,33.5919456481934
"352",20330013,0.351066559553146,32.667366027832
"353",20330013,0.757181465625763,33.6212882995605
"354",30230005,2.6007080078125,32.8501586914062
"355",30230005,2.54251909255981,32.8874397277832
"356",30230008,2.42460131645203,32.851692199707
"357",30230010,NA,NA
"358",30230010,0.325885891914368,32.5444068908691
"359",30230016,1.83483409881592,32.3841743469238
"360",30230035,2.20869064331055,32.8817863464355
"361",30310002,0.290199130773544,32.5759086608887
"362",30410004,2.76196455955505,32.3320617675781
"363",30410004,2.96017646789551,32.2611236572266
"364",30410007,NA,NA
"365",30430014,2.54238772392273,32.3276977539062
"366",30510001,NA,NA
"367",30630006,3.03833198547363,34.1470222473145
"368",30710005,2.3958466053009,32.5130233764648
"369",30710007,2.5273814201355,33.2008895874023
"370",30730017,2.20474600791931,33.1740913391113
"371",30730022,2.18861675262451,33.1163444519043
"372",30830004,2.56624221801758,34.6404800415039
"373",30930001,3.35872411727905,31.5594615936279
"374",30930001,3.28149676322937,31.5641326904297
"375",30930001,3.19387555122375,32.8506355285645
"376",30930002,3.52506995201111,31.7135047912598
"377",31030010,2.52995300292969,30.7862167358398
"378",31130003,2.35744428634644,34.5862770080566
"379",30730016,1.79521262645721,32.899227142334
"380",30730009,1.98235940933228,33.0550918579102
"381",30730009,1.99222588539124,32.8047180175781
"382",30730009,NA,NA
"383",30730009,2.33012795448303,33.0397720336914
"384",30730011,1.58144092559814,32.8386688232422
"385",30630003,3.60678219795227,34.1263580322266
"386",30330021,3.17237067222595,30.9081649780273
"387",30330024,2.7136914730072,30.9214210510254
"388",30230028,2.29793643951416,32.4508323669434
"389",40130003,0.684333980083466,30.0505027770996
"390",40230007,NA,NA
"391",40230016,-0.619053721427917,29.9435253143311
"392",40230016,NA,NA
"393",40230030,-0.588487982749939,30.6899280548096
"394",40230030,0.688543796539307,30.3381462097168
"395",40310002,1.44564294815063,31.3347625732422
"396",40330006,1.47465217113495,31.3388938903809
"397",40430006,NA,NA
"398",40430010,-1.38021421432495,30.0106334686279
"399",40510005,NA,NA
"400",41030026,-0.56057220697403,30.6788005828857
"401",41030029,NA,NA
"402",41030038,-0.654303014278412,30.3842182159424
"403",41110002,-0.946784973144531,30.3120307922363
"404",41330003,0.142605289816856,30.495325088501
"405",41030014,0.0148298358544707,30.5203266143799
"406",41030017,0.30630150437355,32.5940170288086
"407",41030017,-0.227396413683891,30.4021682739258
"408",41030020,0.651609599590302,30.6466178894043
"409",41030023,-0.855295062065125,30.6595821380615
"410",41030035,-0.278873801231384,30.8901271820068
"411",10430006,0.624699711799622,32.5529403686523
"412",10630007,NA,NA
"413",10730012,0.739024102687836,32.9351539611816
"414",10730016,NA,NA
"415",11010001,NA,NA
"416",11030005,-0.579034507274628,31.5738925933838
"417",11330014,NA,NA
"418",30130003,3.39455413818359,31.942964553833
"419",30130003,3.33956956863403,31.8304347991943
"420",30130003,3.38225317001343,32.3138694763184
"421",20130004,0.457418084144592,33.6858711242676
"422",20130004,NA,NA
"423",20130004,0.540446817874908,33.7905082702637
"424",20130006,0.356245428323746,34.0076866149902
"425",20430012,0.541162073612213,33.8659553527832
"426",20830005,1.4455726146698,33.4816360473633
"427",30210002,2.15481948852539,32.6993865966797
"428",30210002,1.97871387004852,32.5296211242676
"429",30210002,2.11768364906311,32.5353012084961
"430",21030006,1.42019391059875,34.3404159545898
"431",11230006,NA,NA
"432",21230011,0.329365700483322,32.564769744873
"433",20930037,1.01349663734436,34.3168792724609
"434",30230003,2.43073320388794,32.7466316223145
"435",30230003,2.56120586395264,32.9409027099609
"436",30230003,1.96819818019867,32.5683441162109
"437",30230005,2.42945981025696,32.8906021118164
"438",30230005,2.60470652580261,32.8625717163086
"439",30230005,2.25625014305115,32.8728981018066
"440",30230005,2.27572822570801,32.9039154052734
"441",30230005,0.351295322179794,32.6307220458984
"442",30230010,2.14705204963684,32.6508445739746
"443",30230013,1.88566279411316,32.4086265563965
"444",30230013,2.02559471130371,32.7174186706543
"445",30230013,2.29200911521912,32.7195281982422
"446",30230013,1.85034811496735,32.7078704833984
"447",30230013,2.29922199249268,32.7220840454102
"448",30230016,1.86747825145721,32.7966499328613
"449",30230018,NA,NA
"450",30230018,2.03341221809387,32.8325843811035
"451",30230035,2.17402648925781,32.6161270141602
"452",30230035,1.90533483028412,32.3719940185547
"453",30230035,1.74660897254944,32.1670837402344
"454",30230013,2.09518933296204,32.4133453369141
"455",30310002,3.00683951377869,30.913631439209
"456",30410007,2.85869312286377,32.5328102111816
"457",30510001,2.9921190738678,32.7246627807617
"458",30710005,2.2636284828186,32.8983764648438
"459",30710005,2.4909245967865,32.7375297546387
"460",30710005,2.41977453231812,32.5182495117188
"461",30730012,2.31616306304932,32.9403533935547
"462",30730012,0.317999452352524,32.5423927307129
"463",30730018,2.12212133407593,33.191463470459
"464",31110001,1.84558916091919,34.7231597900391
"465",31110001,1.77690458297729,34.5669364929199
"466",30330021,0.329715937376022,32.577938079834
"467",30230030,2.15202903747559,32.5299224853516
"468",30230030,1.8964284658432,32.6634521484375
"469",30330006,3.09229350090027,30.889102935791
"470",30330006,3.0139000415802,31.3441505432129
"471",30330009,3.06571340560913,30.9412231445312
"472",30330009,2.39480662345886,31.126745223999
"473",30330015,2.61549758911133,31.1452007293701
"474",30330015,2.65484762191772,31.1845073699951
"475",30330033,2.74137544631958,30.9613151550293
"476",30330033,2.78837084770203,30.9091682434082
"477",40730003,NA,NA
"478",40730005,NA,NA
"479",30410002,2.76146292686462,32.2359580993652
"480",30410002,2.7695152759552,32.2951393127441
"481",30410002,1.46846723556519,34.0943183898926
"482",30410002,1.9975837469101,32.5424842834473
"483",30410004,3.03326845169067,32.8037414550781
"484",30410004,2.94761490821838,32.2698440551758
"485",30410007,2.78554129600525,32.3996620178223
"486",30410007,2.83723330497742,32.5306053161621
"487",30410007,2.86015605926514,32.4313430786133
"488",30410007,2.77324104309082,32.3021507263184
"489",30410007,2.79109644889832,32.414722442627
"490",30410007,2.7868857383728,32.4112701416016
"491",30410007,2.91334438323975,32.1738739013672
"492",30410007,2.83684015274048,32.4078254699707
"493",41530009,0.822011709213257,30.7921314239502
"494",30430009,2.95916128158569,32.2330055236816
"495",30430009,2.81874656677246,32.2802124023438
"496",30430009,2.98075461387634,32.3118438720703
"497",30430009,2.94561386108398,32.2034111022949
"498",30430009,2.87572145462036,32.3775596618652
"499",30430014,2.50530576705933,32.3839073181152
"500",30430014,2.77530694007874,32.280387878418
"501",30510001,3.36475419998169,33.0603523254395
"502",30510001,3.30915713310242,32.8738670349121
"503",30510001,3.27909302711487,33.177806854248
"504",30510001,3.43252635002136,32.7281150817871
"505",30630002,3.69233274459839,33.9645347595215
"506",30630007,3.08654856681824,34.1376533508301
"507",30630007,3.03545713424683,34.0450592041016
"508",30710002,2.24418377876282,32.8969917297363
"509",30710002,2.36052346229553,33.2130241394043
"510",30710005,2.48079371452332,33.0631141662598
"511",30710005,2.474280834198,32.7197456359863
"512",30710005,2.49378085136414,32.7844848632812
"513",30710007,2.21650981903076,32.8898048400879
"514",30710007,2.52146339416504,33.2035675048828
"515",30730012,2.5860641002655,32.6980056762695
"516",30730012,2.32800364494324,33.2625541687012
"517",30730017,1.8266932964325,32.4814224243164
"518",30730017,NA,NA
"519",30730018,2.11359143257141,33.1176986694336
"520",30730018,0.327177673578262,32.5470695495605
"521",30730020,2.37312650680542,33.0343399047852
"522",30730020,2.42715930938721,33.0419387817383
"523",30730020,2.40863752365112,33.0646171569824
"524",30730020,2.43456292152405,33.0632095336914
"525",30730022,2.29568600654602,33.0078506469727
"526",30730023,2.11178040504456,33.1042327880859
"527",30730023,2.12083601951599,33.1334571838379
"528",30730023,2.13755464553833,33.2075042724609
"529",30730025,2.31113576889038,32.9849128723145
"530",30730025,2.22304749488831,32.8626556396484
"531",30730025,2.23748445510864,32.9107971191406
"532",30830001,2.14581179618835,34.2044410705566
"533",30830002,2.45021510124207,34.4914665222168
"534",30830002,2.37368083000183,34.501106262207
"535",30830004,2.58115363121033,34.5756759643555
"536",30930001,2.77836799621582,32.3072166442871
"537",30930001,3.69256734848022,31.7316665649414
"538",30930002,3.60344052314758,31.6128997802734
"539",30930002,3.66808867454529,31.7156181335449
"540",31010001,2.47238349914551,31.0622043609619
"541",31010001,0.366757988929749,32.5923805236816
"542",31010001,2.41769194602966,31.0396976470947
"543",31010001,2.48970556259155,30.931245803833
"544",31010004,2.41697716712952,30.9864540100098
"545",31010004,2.51300311088562,30.8655757904053
"546",31010004,2.76268696784973,30.9548358917236
"547",31030006,2.35689759254456,31.4175453186035
"548",31030007,2.58457088470459,30.9352512359619
"549",31030007,2.49669146537781,30.8758354187012
"550",31030007,2.46428513526917,31.2192363739014
"551",31030007,2.54407477378845,30.978385925293
"552",31030007,2.62893199920654,30.8573627471924
"553",31030008,2.35982012748718,30.9178142547607
"554",31030009,2.51362681388855,30.8818950653076
"555",31030009,2.58108997344971,30.9663352966309
"556",31030010,2.59279322624207,30.797737121582
"557",31030010,2.63730120658875,30.8576393127441
"558",31030012,2.49448823928833,31.0923099517822
"559",10330003,0.34773924946785,32.572135925293
"560",10530012,-0.378038644790649,31.7260093688965
"561",10530030,0.240531414747238,31.776927947998
"562",10530030,-0.120474293828011,31.8799686431885
"563",10830027,NA,NA
"564",31130004,1.76908838748932,34.8571166992188
"565",31330001,3.57426166534424,31.1324863433838
"566",31330001,3.41740727424622,31.1809616088867
"567",31330002,3.34775972366333,31.1935329437256
"568",31330003,3.25135397911072,31.404354095459
"569",31330003,3.43934202194214,31.2182464599609
"570",31330003,3.43339872360229,31.229663848877
"571",30430016,2.84705948829651,32.124927520752
"572",30430016,3.01977276802063,32.2726516723633
"573",30730009,1.99565899372101,33.5602836608887
"574",30730009,2.3119683265686,33.0099906921387
"575",30730009,2.34069156646729,33.0564002990723
"576",30730009,2.32385993003845,33.0019454956055
"577",30730010,1.99999451637268,33.2409324645996
"578",30730011,2.21163558959961,32.873420715332
"579",30730011,1.77958250045776,33.0395240783691
"580",30610001,3.49815559387207,34.1300354003906
"581",30630004,3.51759910583496,34.1603584289551
"582",30310005,3.40311789512634,30.9614372253418
"583",30330012,3.44252777099609,30.9456558227539
"584",20130008,0.378245055675507,33.5693740844727
"585",30330018,3.20126748085022,30.9642467498779
"586",30330018,3.09759187698364,30.8847064971924
"587",30330018,3.2123076915741,30.9191608428955
"588",30330021,3.27729225158691,30.9756202697754
"589",30330024,3.09164381027222,31.0199394226074
"590",30330024,2.80026865005493,30.921443939209
"591",30330024,2.74202919006348,30.9543418884277
"592",30330027,3.14098596572876,30.9678134918213
"593",30330027,3.06657600402832,31.0652465820312
"594",30330027,3.03893709182739,31.1524143218994
"595",30330027,3.21127128601074,31.0118370056152
"596",30330030,3.25165557861328,31.1983890533447
"597",30330030,3.24445223808289,31.1587162017822
"598",21030006,0.336948543787003,32.5895614624023
"599",30230021,2.35250067710876,32.2547607421875
"600",30230023,2.3648579120636,32.6032752990723
"601",30230028,2.45030450820923,32.4588470458984
"602",30230028,2.49765157699585,32.5025482177734
"603",30230028,2.4464111328125,32.2825775146484
"604",40130003,0.597221910953522,30.0092067718506
"605",40130003,NA,NA
"606",40130005,0.785143792629242,30.2475070953369
"607",40210002,-0.556546568870544,30.1343879699707
"608",40210002,-0.492146402597427,30.5141677856445
"609",40230007,-0.303979516029358,30.3784961700439
"610",40230011,-0.260062783956528,30.129674911499
"611",40230016,-0.5497967004776,30.0675220489502
"612",40230016,-0.603493630886078,29.9941101074219
"613",40230016,0.543038308620453,30.5602741241455
"614",40230016,-0.539219200611115,30.7055931091309
"615",40230020,-0.553773462772369,30.3036918640137
"616",40230020,0.610065340995789,30.1967735290527
"617",40230025,-0.528355836868286,29.9541797637939
"618",40230025,-0.536995410919189,30.0173168182373
"619",40230030,-0.567364752292633,30.4266242980957
"620",40230030,0.736392080783844,30.2365856170654
"621",40310002,1.42373299598694,31.2255592346191
"622",40330004,1.36187076568604,31.4513874053955
"623",40330007,1.44195747375488,31.155403137207
"624",40330009,1.25608265399933,30.8103256225586
"625",40330009,1.23367488384247,30.961950302124
"626",40330009,0.914398610591888,30.7580909729004
"627",40410003,-1.24142968654633,29.9611663818359
"628",40410003,-0.60032856464386,30.6659412384033
"629",40430006,-1.25521552562714,30.0568199157715
"630",40430008,-1.40499544143677,29.949390411377
"631",40430008,-1.46793389320374,29.9231452941895
"632",40430008,-1.24129557609558,29.7741756439209
"633",40430010,-1.16621911525726,29.7942943572998
"634",40430012,-1.15726232528687,30.0624504089355
"635",40510002,0.64079874753952,30.3012828826904
"636",40510005,0.626914322376251,30.2771186828613
"637",40530006,0.447067439556122,30.1652870178223
"638",40530010,0.578551709651947,30.1612014770508
"639",40610003,0.177929356694221,30.0738525390625
"640",40610003,0.252456456422806,30.1200008392334
"641",40630008,0.000341503007803112,29.7339096069336
"642",40630010,0.0804493054747581,29.8522396087646
"643",40630010,NA,NA
"644",40630011,0.35821470618248,30.0851936340332
"645",40630011,0.358734905719757,30.0881900787354
"646",40630013,0.0584137737751007,29.9493350982666
"647",40710002,0.940079212188721,30.811918258667
"648",40730003,1.02071845531464,31.1242160797119
"649",40730005,0.887235939502716,30.6932125091553
"650",40730007,1.00910222530365,30.5577793121338
"651",40730009,0.914466857910156,31.0712184906006
"652",40830002,-1.15060031414032,29.6728382110596
"653",40830004,-1.34085130691528,29.7682571411133
"654",40830004,-1.15031540393829,29.5914306640625
"655",40910002,1.69431710243225,31.7118549346924
"656",40930005,1.62602508068085,31.5849761962891
"657",40930009,1.74665224552155,31.6700687408447
"658",40930011,2.22743916511536,32.2615852355957
"659",41010001,-0.608761012554169,30.6722297668457
"660",41010005,-0.593402326107025,30.6618728637695
"661",41030029,-0.323038339614868,30.5947933197021
"662",41030029,-0.015238362364471,30.9372711181641
"663",41030038,-0.74503880739212,30.4248142242432
"664",41030038,-0.69743824005127,30.4774150848389
"665",41110002,-0.860807299613953,30.2692756652832
"666",41110002,NA,NA
"667",41130004,-0.760570764541626,30.1790943145752
"668",41130006,-0.867663264274597,30.3541145324707
"669",41130007,-0.982336580753326,30.45973777771
"670",41130007,-1.19142282009125,29.8102531433105
"671",41130009,-0.987176835536957,30.1298351287842
"672",41130009,0.165164172649384,30.4961166381836
"673",41130009,0.459744095802307,31.5957298278809
"674",41230003,-0.96490079164505,29.9596881866455
"675",41230005,-0.640430748462677,29.8059825897217
"676",41330002,0.389080584049225,30.4866619110107
"677",41330003,0.189983159303665,30.5490627288818
"678",41330005,-0.105038173496723,30.2642192840576
"679",41410001,-0.896750926971436,29.7783241271973
"680",41430003,-0.779665112495422,29.6530265808105
"681",41430005,-0.92032378911972,29.8012294769287
"682",41510002,0.599728763103485,30.6424827575684
"683",41530004,0.419650048017502,31.0364627838135
"684",41530004,NA,NA
"685",41530006,0.591023623943329,30.4715900421143
"686",41530006,NA,NA
"687",41530007,0.728757619857788,30.6465892791748
"688",40930007,2.09265446662903,31.4800834655762
"689",40930007,NA,NA
"690",41010008,-0.132562950253487,30.4788208007812
"691",41010008,NA,NA
"692",41030014,0.0808010026812553,30.4895534515381
"693",41030011,-0.925601899623871,30.7941589355469
"694",41030020,-0.757246434688568,30.8071994781494
"695",41030032,-0.15113827586174,30.9488544464111
"696",11030007,-0.417683213949203,31.1459484100342
"697",20810001,0.321331709623337,32.6548461914062
"698",1010002,-0.530627489089966,32.3274917602539
"699",1020001,0.33318766951561,32.5706558227539
"700",1020002,0.313044756650925,32.5691452026367
"701",1020002,0.419838577508926,32.6081809997559
"702",1020003,0.303095519542694,32.5733451843262
"703",1020004,0.345752984285355,32.5462989807129
"704",1020005,0.378049045801163,32.5941276550293
"705",1020006,0.371428996324539,32.5650596618652
"706",1020007,0.36514076590538,32.5970153808594
"707",1020008,0.356909781694412,32.5883522033691
"708",1020008,0.785026848316193,33.3249053955078
"709",1020009,0.362534463405609,32.5747261047363
"710",1020010,0.345997929573059,32.5832252502441
"711",1020011,0.289272874593735,32.6159744262695
"712",1020011,0.2386794090271,32.6208229064941
"713",1020012,0.312796533107758,32.6114730834961
"714",1020013,0.303221106529236,32.6197471618652
"715",1020014,0.285813391208649,32.5787391662598
"716",1020014,0.390592843294144,32.5215911865234
"717",1020014,0.231386110186577,32.590991973877
"718",1020015,0.301654934883118,32.6005477905273
"719",1020015,0.326390743255615,32.5551452636719
"720",1020016,0.310160279273987,32.6017799377441
"721",1020017,0.273187041282654,32.6248092651367
"722",1020018,0.295154541730881,32.5853996276855
"723",1020019,0.285392194986343,32.6176643371582
"724",1020019,0.410726010799408,32.488712310791
"725",1020019,0.365630447864532,32.555477142334
"726",1020019,0.154091879725456,32.5560188293457
"727",1020020,0.34478223323822,32.587532043457
"728",1020021,0.367720067501068,32.6239585876465
"729",1020022,0.368404358625412,32.5902557373047
"730",1020023,0.32818478345871,32.6340675354004
"731",1020024,0.321927607059479,32.6380882263184
"732",1020025,0.33720475435257,32.6085891723633
"733",1020025,0.417212635278702,33.2152442932129
"734",1020026,0.305940717458725,32.5291442871094
"735",1020027,0.289859712123871,32.553035736084
"736",1020028,0.356767296791077,32.5571060180664
"737",1020029,0.330750405788422,32.5421409606934
"738",1020030,0.289791643619537,32.5353813171387
"739",1020031,0.279319494962692,32.5660514831543
"740",1020032,0.332452565431595,32.5423698425293
"741",1020033,0.317143380641937,32.5373229980469
"742",1020034,0.30460998415947,32.543773651123
"743",1030003,0.827926635742188,31.8434658050537
"744",1030003,0.771274626255035,31.7814064025879
"745",1030003,0.610604584217072,31.9676303863525
"746",1030005,0.923509061336517,31.5785617828369
"747",1030005,0.887243986129761,31.7009468078613
"748",1040002,0.71214485168457,32.5294303894043
"749",1040002,0.586552023887634,32.5252227783203
"750",1040004,0.589527010917664,32.6231079101562
"751",1040004,0.471293449401855,32.8645896911621
"752",1040006,0.662385106086731,32.7091407775879
"753",1040006,0.347104102373123,32.5375289916992
"754",1040008,0.794874548912048,32.4711418151855
"755",1040008,0.811501383781433,32.5159187316895
"756",1040008,0.350512117147446,32.6247978210449
"757",1050001,-0.343147128820419,31.7253131866455
"758",1050003,-0.142147570848465,31.8796768188477
"759",1050004,-0.0795709863305092,31.6357078552246
"760",1050004,-0.303412914276123,31.72287940979
"761",1050008,-0.205463990569115,31.5668087005615
"762",1050008,-0.248543187975883,31.6678161621094
"763",1050008,-0.152902647852898,31.8917274475098
"764",1050008,0.284322291612625,32.5622215270996
"765",1050012,-0.344247996807098,31.5716648101807
"766",1050015,-0.471200257539749,31.3637866973877
"767",1050015,-0.435466885566711,31.3689880371094
"768",1050019,-0.522386312484741,31.3553428649902
"769",1050023,-0.576782405376434,31.6916370391846
"770",1050026,-0.291444003582001,31.7913436889648
"771",1050026,-0.301559329032898,31.7502498626709
"772",1050026,-0.314386487007141,31.768533706665
"773",1050030,0.000976596027612686,31.7997989654541
"774",1050030,-0.314625114202499,31.7481575012207
"775",1050033,-0.197683021426201,31.8102912902832
"776",1060003,0.112059839069843,31.7603454589844
"777",1060003,0.0299270804971457,32.0245895385742
"778",1060003,0.310837060213089,31.6027660369873
"779",1060005,0.270254284143448,31.6484489440918
"780",1060005,0.335266023874283,31.6469745635986
"781",1060005,0.126303881406784,31.809871673584
"782",1060005,0.170688912272453,32.4613609313965
"783",1060005,0.189466461539268,32.4375190734863
"784",1060005,-0.011469641700387,32.0953979492188
"785",1060007,0.0716098621487617,32.0928726196289
"786",1060009,0.196654409170151,32.2552299499512
"787",1070001,0.552687466144562,31.3820266723633
"788",1070001,0.480719834566116,31.6931667327881
"789",1070002,0.390713512897491,32.0738220214844
"790",1070008,0.213034510612488,31.0526390075684
"791",1070012,0.537967622280121,31.368236541748
"792",1070016,0.63070547580719,31.7877235412598
"793",1070016,0.524179399013519,31.3594627380371
"794",1070020,0.487563967704773,31.8009243011475
"795",1070020,0.446488440036774,31.8257064819336
"796",1070020,0.426389187574387,31.8379459381104
"797",1070020,0.401924014091492,32.1020774841309
"798",1070023,0.575504064559937,31.8198223114014
"799",1070023,0.586751282215118,31.7181549072266
"800",1080002,0.354955315589905,32.9335060119629
"801",1080002,0.286152809858322,32.6383666992188
"802",1080003,0.411417484283447,33.1413688659668
"803",1080006,0.316349565982819,33.1603584289551
"804",1080006,0.295946836471558,32.6776695251465
"805",1080009,0.369690954685211,33.1874313354492
"806",1080013,0.376263439655304,33.1910133361816
"807",1080016,0.112189784646034,33.4779624938965
"808",1080020,0.435742348432541,32.8037338256836
"809",1080020,0.372613370418549,32.7563743591309
"810",1080020,0.463651865720749,32.7899627685547
"811",1080023,0.411849081516266,32.6887550354004
"812",1080027,0.619389116764069,32.8121566772461
"813",1080027,0.338240087032318,32.6403274536133
"814",1080030,0.684824407100677,32.8292083740234
"815",1080033,0.625139534473419,32.9195861816406
"816",1080033,0.606212735176086,32.792667388916
"817",1090004,1.58244657516479,32.1892929077148
"818",1090004,1.5148845911026,32.1014823913574
"819",1090004,1.60925388336182,32.1914749145508
"820",1090004,1.39986944198608,32.2564964294434
"821",1090004,1.57053363323212,32.3624420166016
"822",1100001,-0.639231383800507,31.5299892425537
"823",1100001,-0.999311327934265,31.4185981750488
"824",1100005,-0.8871248960495,31.711088180542
"825",1100005,-0.90362673997879,31.7654724121094
"826",1100007,-0.612109959125519,31.1836376190186
"827",1100007,-0.51861160993576,31.1944370269775
"828",1100007,-0.364492684602737,31.1595478057861
"829",1100007,-0.417683213949203,31.1459484100342
"830",1100007,-0.670389473438263,31.1604404449463
"831",1100009,-0.508830487728119,31.3332862854004
"832",1100009,0.268996745347977,32.5728454589844
"833",1100009,0.285991013050079,32.538703918457
"834",1100012,-0.503361105918884,31.6160697937012
"835",1100012,0.258136421442032,32.5653228759766
"836",1110001,0.145366743206978,31.2310600280762
"837",1110003,-0.292247772216797,31.4787216186523
"838",1110003,-0.229320719838142,31.4010314941406
"839",1110005,-0.155980333685875,31.400016784668
"840",1110005,-0.151018559932709,31.4375495910645
"841",1120001,0.726580560207367,32.9185066223145
"842",1120003,0.82723480463028,32.8440856933594
"843",1120006,0.732910215854645,32.9587593078613
"844",1130002,0.0677282065153122,32.4715919494629
"845",1130003,0.218554243445396,32.5398979187012
"846",1130004,0.350127428770065,32.6699867248535
"847",1130006,0.375993281602859,32.5358734130859
"848",1130007,0.261842280626297,32.556755065918
"849",1130008,0.0560901910066605,32.3109283447266
"850",1130008,0.505781412124634,32.329402923584
"851",1130008,0.297392398118973,32.5121841430664
"852",1130008,0.227407097816467,32.467414855957
"853",1130010,0.0393437594175339,32.5403861999512
"854",1130012,0.265680611133575,32.4627571105957
"855",1130014,0.160929515957832,32.5529327392578
"856",1130016,0.326053887605667,32.5104064941406
"857",1130019,0.34771341085434,32.6829795837402
"858",1130019,NA,NA
"859",1130021,0.349634975194931,32.5372314453125
"860",1130023,0.255861133337021,32.6040191650391
"861",1130025,0.239827170968056,32.5439300537109
"862",1140003,-0.107999116182327,31.1247825622559
"863",1140003,-0.29533115029335,31.2187824249268
"864",1140003,-0.402727663516998,31.3498954772949
"865",1150004,0.751306176185608,31.7029800415039
"866",1150004,0.27472311258316,31.9426517486572
"867",1150004,0.32007160782814,32.555046081543
"868",1150004,0.389594316482544,32.5794258117676
"869",1150004,0.369839280843735,32.5665283203125
"870",1150027,0.402623325586319,32.0810546875
"871",1150027,0.480199247598648,31.7791748046875
"872",1150031,0.502339541912079,32.12890625
"873",1150031,0.543995559215546,32.1898193359375
"874",1150031,0.627311944961548,32.0867080688477
"875",1160011,0.64454174041748,32.2456817626953
"876",1160011,0.684433221817017,32.3014259338379
"877",1160011,0.584685146808624,32.5620079040527
"878",1160013,1.15960025787354,32.0026092529297
"879",1160013,1.05097627639771,32.4674682617188
"880",1160013,0.767357647418976,32.5258140563965
"881",1160013,0.369963735342026,32.5560455322266
"882",2010004,0.431405365467072,33.8126411437988
"883",2010006,0.31351912021637,33.8706359863281
"884",2010008,0.711598098278046,33.6848335266113
"885",2010008,1.1177716255188,33.8638305664062
"886",2010009,0.103999450802803,33.7830924987793
"887",2020001,0.46774822473526,34.0916976928711
"888",2020005,0.490654230117798,34.0917701721191
"889",2020007,0.389015406370163,34.0578117370605
"890",2030001,0.615904808044434,33.4700546264648
"891",2030004,0.623697280883789,33.4741477966309
"892",2030008,0.551625669002533,33.618896484375
"893",2030018,0.572827994823456,33.4740257263184
"894",2030018,0.828696727752686,33.2164840698242
"895",2030018,0.547453582286835,33.1652755737305
"896",2030023,0.674982845783234,33.5198974609375
"897",2030028,1.01656532287598,33.3279800415039
"898",2030033,0.775407314300537,33.3474769592285
"899",2040002,0.422720521688461,33.2024993896484
"900",2040002,0.823249995708466,34.2178001403809
"901",2040006,0.432436555624008,33.2406768798828
"902",2040009,0.485487937927246,33.2385559082031
"903",2040012,0.625762522220612,33.2887725830078
"904",2040014,0.551319479942322,33.125862121582
"905",2040015,0.545563697814941,33.0937652587891
"906",2050001,0.924405336380005,33.1305084228516
"907",2050004,1.20923256874084,33.047924041748
"908",2050009,1.23299014568329,33.331226348877
"909",2050013,1.06010282039642,33.0102233886719
"910",2050013,0.391492933034897,32.9793014526367
"911",2050017,0.90053391456604,33.1015129089355
"912",2050017,0.721441149711609,33.069709777832
"913",2050017,1.05894637107849,33.1644973754883
"914",2050030,0.773993253707886,33.0747528076172
"915",2060003,1.38218474388123,34.4044532775879
"916",2070005,1.86953103542328,33.9480819702148
"917",2070005,2.05196261405945,33.977970123291
"918",2070005,1.89014375209808,33.823802947998
"919",2070006,1.66368937492371,33.967887878418
"920",2080001,1.47599637508392,33.9171676635742
"921",2080001,0.321331709623337,32.6548461914062
"922",2080001,0.702604353427887,34.1930999755859
"923",2080001,0.355950325727463,32.6122016906738
"924",2080005,1.31225717067719,33.8341369628906
"925",2080005,1.37214016914368,33.9079666137695
"926",2080005,1.43425595760345,33.849781036377
"927",2080007,1.5315842628479,34.0501136779785
"928",2080008,1.58896815776825,33.8601341247559
"929",2080008,2.2566249370575,32.9248352050781
"930",2090003,1.07345378398895,34.1650390625
"931",2090006,1.07075548171997,34.1721992492676
"932",2090006,NA,NA
"933",2090033,1.02946770191193,34.2461814880371
"934",2100002,1.1838995218277,33.7195930480957
"935",2100002,0.0706271082162857,32.4769554138184
"936",2100002,1.10811626911163,33.8286247253418
"937",2100004,1.14941644668579,33.9205665588379
"938",2100006,1.31359672546387,33.7401695251465
"939",2100007,1.26079976558685,33.7970542907715
"940",1040008,NA,NA
"941",1050008,NA,NA
"942",1060005,0.683136701583862,32.7054481506348
"943",1090004,NA,NA
"944",2110003,1.74108505249023,33.6019668579102
"945",2110003,1.74421155452728,33.049633026123
"946",2110004,1.56147372722626,33.3062973022461
"947",2110006,1.52577114105225,33.5503845214844
"948",2110006,1.50145709514618,33.4706115722656
"949",2110006,1.83443355560303,33.5172080993652
"950",2110006,1.50963222980499,33.3904228210449
"951",2110007,1.74095821380615,33.5833396911621
"952",2110007,1.72766292095184,33.5183486938477
"953",2110009,1.70041382312775,33.6885223388672
"954",2110009,1.67027997970581,33.7054595947266
"955",1160011,NA,NA
"956",2120003,0.711117923259735,34.1736373901367
"957",2120008,0.819429337978363,34.0940742492676
"958",2120009,0.657477378845215,34.1587715148926
"959",2120009,0.640629768371582,32.9984588623047
"960",2120009,NA,NA
"961",2120011,0.696134746074677,34.0029640197754
"962",2120011,0.288416594266891,32.5790481567383
"963",2120013,0.696242272853851,34.1093864440918
"964",2140002,0.513224303722382,33.4177093505859
"965",2140002,0.786843597888947,33.5675315856934
"966",2140002,0.57459944486618,33.4334487915039
"967",2140002,0.576142966747284,33.4181022644043
"968",2140002,0.629517555236816,33.5412788391113
"969",2140003,0.423703491687775,33.6121711730957
"970",2150001,1.2457377910614,34.2635726928711
"971",2150002,1.2184237241745,34.2704315185547
"972",2150004,1.15165543556213,34.261589050293
"973",2150004,0.326278805732727,32.5814552307129
"974",2150006,1.27609848976135,34.3719062805176
"975",2150006,0.649369120597839,34.1515159606934
"976",2150006,0.661986351013184,34.140625
"977",2150007,1.3747730255127,34.3019981384277
"978",2160003,2.02890801429749,33.590747833252
"979",2160003,2.0371253490448,33.4809303283691
"980",2170009,1.12054681777954,34.0546684265137
"981",2170009,2.54137110710144,34.6665420532227
"982",2180037,1.05403518676758,34.3706207275391
"983",2190003,1.19971585273743,34.1584243774414
"984",2200001,1.33163118362427,34.6608619689941
"985",2210006,1.01852333545685,34.0729484558105
"986",2220022,1.03577780723572,33.3878631591797
"987",2220022,0.75813615322113,33.419563293457
"988",2220022,0.931526362895966,31.4458980560303
"989",2220022,0.604715883731842,33.4813499450684
"990",2220022,1.21972632408142,33.3827209472656
"991",2220022,0.844220042228699,33.4109115600586
"992",2220026,1.08883786201477,33.4021606445312
"993",2230011,0.825316965579987,34.2723846435547
"994",2230014,0.802708446979523,34.3096466064453
"995",2230018,0.883820950984955,34.3841171264648
"996",2230018,0.804886937141418,34.3069801330566
"997",2230018,0.644552290439606,34.2682495117188
"998",2230022,0.808688759803772,34.3362693786621
"999",2230026,0.857629358768463,34.3664779663086
"1000",2230029,0.869543254375458,34.3812675476074
"1001",2240013,0.961448907852173,33.5919456481934
"1002",2240013,0.351066559553146,32.667366027832
"1003",2240013,0.757181465625763,33.6212882995605
"1004",3020008,2.42460131645203,32.851692199707
"1005",3020035,1.90533483028412,32.3719940185547
"1006",3070017,NA,NA
"1007",3070022,2.18861675262451,33.1163444519043
"1008",3090002,NA,NA
"1009",3210028,2.29793643951416,32.4508323669434
"1010",3010003,3.39455413818359,31.942964553833
"1011",3010003,3.33956956863403,31.8304347991943
"1012",3020002,2.15481948852539,32.6993865966797
"1013",3020002,1.97871387004852,32.5296211242676
"1014",3020002,2.11768364906311,32.5353012084961
"1015",3020003,2.43073320388794,32.7466316223145
"1016",3020003,2.56120586395264,32.9409027099609
"1017",3020003,1.96819818019867,32.5683441162109
"1018",3020005,2.42945981025696,32.8906021118164
"1019",3020005,2.60470652580261,32.8625717163086
"1020",3020005,2.25625014305115,32.8728981018066
"1021",3020005,2.27572822570801,32.9039154052734
"1022",3020010,2.14705204963684,32.6508445739746
"1023",3020013,1.88566279411316,32.4086265563965
"1024",3020013,2.02559471130371,32.7174186706543
"1025",3020013,2.29200911521912,32.7195281982422
"1026",3020013,1.85034811496735,32.7078704833984
"1027",3020013,2.29922199249268,32.7220840454102
"1028",3020016,1.86747825145721,32.7966499328613
"1029",3020016,1.83483409881592,32.3841743469238
"1030",3020018,2.03341221809387,32.8325843811035
"1031",3020035,2.17402648925781,32.6161270141602
"1032",3020035,1.74660897254944,32.1670837402344
"1033",3030002,3.00683951377869,30.913631439209
"1034",3030002,3.01250648498535,30.913366317749
"1035",3030006,3.09229350090027,30.889102935791
"1036",3030006,3.0139000415802,31.3441505432129
"1037",3030009,3.06571340560913,30.9412231445312
"1038",3030009,0.325154215097427,32.6269226074219
"1039",3030015,2.61549758911133,31.1452007293701
"1040",3030015,2.65484762191772,31.1845073699951
"1041",3030033,2.74137544631958,30.9613151550293
"1042",3030033,2.78837084770203,30.9091682434082
"1043",3040002,2.76146292686462,32.2359580993652
"1044",3040002,2.7695152759552,32.2951393127441
"1045",3040002,0.449585735797882,34.080509185791
"1046",3040002,1.46846723556519,34.0943183898926
"1047",3040004,2.76196455955505,32.3320617675781
"1048",3040004,2.94761490821838,32.2698440551758
"1049",3040007,2.78554129600525,32.3996620178223
"1050",3040007,2.83723330497742,32.5306053161621
"1051",3040007,2.86015605926514,32.4313430786133
"1052",3040007,2.77324104309082,32.3021507263184
"1053",3040007,2.79109644889832,32.414722442627
"1054",3040007,2.7868857383728,32.4112701416016
"1055",3040007,2.91334438323975,32.1738739013672
"1056",3040007,2.83684015274048,32.4078254699707
"1057",3040009,2.95916128158569,32.2330055236816
"1058",3040009,2.81874656677246,32.2802124023438
"1059",3040009,2.98075461387634,32.3118438720703
"1060",3040009,2.94561386108398,32.2034111022949
"1061",3040009,2.87572145462036,32.3775596618652
"1062",3040014,2.50530576705933,32.3839073181152
"1063",3040014,2.77530694007874,32.280387878418
"1064",3050001,3.36475419998169,33.0603523254395
"1065",3050001,3.30915713310242,32.8738670349121
"1066",3050001,3.32291674613953,33.0009918212891
"1067",3050001,3.43252635002136,32.7281150817871
"1068",3060002,3.69233274459839,33.9645347595215
"1069",3060006,3.03833198547363,34.1470222473145
"1070",3060007,3.08654856681824,34.1376533508301
"1071",3060007,3.03545713424683,34.0450592041016
"1072",3070002,2.24418377876282,32.8969917297363
"1073",3070002,2.36052346229553,33.2130241394043
"1074",3070005,2.48079371452332,33.0631141662598
"1075",3070005,2.2636284828186,32.8983764648438
"1076",3070005,2.474280834198,32.7197456359863
"1077",3070005,2.49378085136414,32.7844848632812
"1078",3070007,2.21650981903076,32.8898048400879
"1079",3070007,2.52146339416504,33.2035675048828
"1080",3070007,2.5273814201355,33.2008895874023
"1081",3070012,2.5860641002655,32.6980056762695
"1082",3070012,2.31616306304932,32.9403533935547
"1083",3070012,2.32800364494324,33.2625541687012
"1084",3070017,2.20474600791931,33.1740913391113
"1085",3070018,2.12212133407593,33.191463470459
"1086",3070018,2.11359143257141,33.1176986694336
"1087",3070018,0.327177673578262,32.5470695495605
"1088",3070020,2.37312650680542,33.0343399047852
"1089",3070020,2.40863752365112,33.0646171569824
"1090",3070020,2.43456292152405,33.0632095336914
"1091",3070022,2.29568600654602,33.0078506469727
"1092",3070023,2.11178040504456,33.1042327880859
"1093",3070023,2.12083601951599,33.1334571838379
"1094",3070023,2.13755464553833,33.2075042724609
"1095",3070025,2.31113576889038,32.9849128723145
"1096",3070025,2.23748445510864,32.9107971191406
"1097",3080001,2.14581179618835,34.2044410705566
"1098",3080002,2.45021510124207,34.4914665222168
"1099",3080002,2.37368083000183,34.501106262207
"1100",3080004,2.56624221801758,34.6404800415039
"1101",3080004,2.58115363121033,34.5756759643555
"1102",3090001,3.28149676322937,31.5641326904297
"1103",3090001,2.77836799621582,32.3072166442871
"1104",3090001,3.69256734848022,31.7316665649414
"1105",3090002,3.52506995201111,31.7135047912598
"1106",3090002,3.60344052314758,31.6128997802734
"1107",3090002,3.66808867454529,31.7156181335449
"1108",3100001,2.47238349914551,31.0622043609619
"1109",3100001,0.366757988929749,32.5923805236816
"1110",3100001,2.41769194602966,31.0396976470947
"1111",3100004,2.41697716712952,30.9864540100098
"1112",3100004,2.51300311088562,30.8655757904053
"1113",3100006,2.35689759254456,31.4175453186035
"1114",3100007,2.58457088470459,30.9352512359619
"1115",3100008,2.35982012748718,30.9178142547607
"1116",3100009,2.51362681388855,30.8818950653076
"1117",3100009,2.58108997344971,30.9663352966309
"1118",3100010,2.52995300292969,30.7862167358398
"1119",3100010,2.59279322624207,30.797737121582
"1120",3100010,2.63730120658875,30.8576393127441
"1121",3100012,2.49448823928833,31.0923099517822
"1122",3110001,1.84558916091919,34.7231597900391
"1123",3110003,2.35744428634644,34.5862770080566
"1124",3110004,1.76908838748932,34.8571166992188
"1125",3130001,3.57426166534424,31.1324863433838
"1126",3130001,3.41740727424622,31.1809616088867
"1127",3130002,3.34775972366333,31.1935329437256
"1128",3130003,3.25135397911072,31.404354095459
"1129",3130003,3.43934202194214,31.2182464599609
"1130",3130003,3.43339872360229,31.229663848877
"1131",3150016,1.79521262645721,32.899227142334
"1132",3160016,2.84705948829651,32.124927520752
"1133",3170009,1.98235940933228,33.0550918579102
"1134",3170009,2.3119683265686,33.0099906921387
"1135",3170009,2.34069156646729,33.0564002990723
"1136",3170009,2.32385993003845,33.0019454956055
"1137",3170009,2.33012795448303,33.0397720336914
"1138",3170010,1.99999451637268,33.2409324645996
"1139",3170011,1.77958250045776,33.0395240783691
"1140",3180001,3.49815559387207,34.1300354003906
"1141",3180002,3.69233274459839,33.9645347595215
"1142",3180003,3.60678219795227,34.1263580322266
"1143",3180004,3.51759910583496,34.1603584289551
"1144",3190005,3.40311789512634,30.9614372253418
"1145",3190012,3.44252777099609,30.9456558227539
"1146",3200018,3.20126748085022,30.9642467498779
"1147",3200018,3.09759187698364,30.8847064971924
"1148",3200018,3.2123076915741,30.9191608428955
"1149",3200021,3.27729225158691,30.9756202697754
"1150",3200024,3.09164381027222,31.0199394226074
"1151",3200024,2.7136914730072,30.9214210510254
"1152",3200024,2.80026865005493,30.921443939209
"1153",3200024,2.74202919006348,30.9543418884277
"1154",3200027,3.03893709182739,31.1524143218994
"1155",3200027,3.06657600402832,31.0652465820312
"1156",3200030,3.25165557861328,31.1983890533447
"1157",3200030,3.24445223808289,31.1587162017822
"1158",3210021,2.35250067710876,32.2547607421875
"1159",3210023,2.3648579120636,32.6032752990723
"1160",3210028,2.45030450820923,32.4588470458984
"1161",3210028,2.49765157699585,32.5025482177734
"1162",3210028,2.4464111328125,32.2825775146484
"1163",3210030,2.15202903747559,32.5299224853516
"1164",4010003,0.684333980083466,30.0505027770996
"1165",4010003,NA,NA
"1166",4010005,0.785143792629242,30.2475070953369
"1167",4020002,-0.556546568870544,30.1343879699707
"1168",4020002,-0.492146402597427,30.5141677856445
"1169",4020007,-0.303979516029358,30.3784961700439
"1170",4020011,-0.165047481656075,30.1528797149658
"1171",4020011,-0.260062783956528,30.129674911499
"1172",4020016,-0.5497967004776,30.0675220489502
"1173",4020016,-0.603493630886078,29.9941101074219
"1174",4020020,-0.553773462772369,30.3036918640137
"1175",4020025,-0.528355836868286,29.9541797637939
"1176",4020025,-0.536995410919189,30.0173168182373
"1177",4020030,-0.661935746669769,30.3042678833008
"1178",4020030,-0.567364752292633,30.4266242980957
"1179",4020030,NA,NA
"1180",4030002,1.44564294815063,31.3347625732422
"1181",4030004,1.36187076568604,31.4513874053955
"1182",4030006,1.47465217113495,31.3388938903809
"1183",4030007,1.44195747375488,31.155403137207
"1184",4030009,1.25608265399933,30.8103256225586
"1185",4030009,0.914398610591888,30.7580909729004
"1186",4040003,-1.24142968654633,29.9611663818359
"1187",4040006,-1.25521552562714,30.0568199157715
"1188",4040008,-1.40499544143677,29.949390411377
"1189",4040008,-1.46793389320374,29.9231452941895
"1190",4040008,-1.24129557609558,29.7741756439209
"1191",4040008,NA,NA
"1192",4040010,-1.16621911525726,29.7942943572998
"1193",4040010,-1.38021421432495,30.0106334686279
"1194",4040012,-1.15726232528687,30.0624504089355
"1195",4050002,0.64079874753952,30.3012828826904
"1196",4050005,0.626914322376251,30.2771186828613
"1197",4050006,0.447067439556122,30.1652870178223
"1198",4050010,0.578551709651947,30.1612014770508
"1199",4060003,0.177929356694221,30.0738525390625
"1200",4060003,NA,NA
"1201",4060008,0.000341503007803112,29.7339096069336
"1202",4060010,0.0804493054747581,29.8522396087646
"1203",4060011,0.35821470618248,30.0851936340332
"1204",4060011,0.358734905719757,30.0881900787354
"1205",4060013,0.0584137737751007,29.9493350982666
"1206",4070002,0.940079212188721,30.811918258667
"1207",4070003,1.02071845531464,31.1242160797119
"1208",4070005,0.887235939502716,30.6932125091553
"1209",4070007,1.00910222530365,30.5577793121338
"1210",4070009,0.914466857910156,31.0712184906006
"1211",4080002,-1.15060031414032,29.6728382110596
"1212",4080004,-1.34085130691528,29.7682571411133
"1213",4080004,-1.15031540393829,29.5914306640625
"1214",4090002,1.69431710243225,31.7118549346924
"1215",4090005,1.62602508068085,31.5849761962891
"1216",4090009,1.74665224552155,31.6700687408447
"1217",4090011,2.22743916511536,32.2615852355957
"1218",4100001,-0.608761012554169,30.6722297668457
"1219",4100005,-0.593402326107025,30.6618728637695
"1220",4100026,-0.56057220697403,30.6788005828857
"1221",4100029,-0.323038339614868,30.5947933197021
"1222",4100038,-0.74503880739212,30.4248142242432
"1223",4100038,-0.69743824005127,30.4774150848389
"1224",4100038,-0.654303014278412,30.3842182159424
"1225",4110002,-0.860807299613953,30.2692756652832
"1226",4110004,-0.760570764541626,30.1790943145752
"1227",4110006,-0.867663264274597,30.3541145324707
"1228",4110007,-0.982336580753326,30.45973777771
"1229",4110007,-1.19142282009125,29.8102531433105
"1230",4110009,-0.987176835536957,30.1298351287842
"1231",4120003,-0.96490079164505,29.9596881866455
"1232",4120005,1.91633701324463,33.9665489196777
"1233",4120005,-0.640430748462677,29.8059825897217
"1234",4120005,-0.59185004234314,29.8889656066895
"1235",4130002,0.389080584049225,30.4866619110107
"1236",4130003,0.142605289816856,30.495325088501
"1237",4130005,-0.105038173496723,30.2642192840576
"1238",4140001,-0.896750926971436,29.7783241271973
"1239",4140003,-0.779665112495422,29.6530265808105
"1240",4140005,-0.92032378911972,29.8012294769287
"1241",4150002,0.599728763103485,30.6424827575684
"1242",4150004,0.419650048017502,31.0364627838135
"1243",4150006,0.591023623943329,30.4715900421143
"1244",4150006,NA,NA
"1245",4150007,0.728757619857788,30.6465892791748
"1246",4150009,0.822011709213257,30.7921314239502
"1247",4160007,2.09265446662903,31.4800834655762
"1248",4170008,-0.132562950253487,30.4788208007812
"1249",4170014,0.0148298358544707,30.5203266143799
"1250",4170014,0.0808010026812553,30.4895534515381
"1251",4170017,-0.227396413683891,30.4021682739258
"1252",4180011,-0.925601899623871,30.7941589355469
"1253",4180020,-0.757246434688568,30.8071994781494
"1254",4180023,-0.855295062065125,30.6595821380615
"1255",4190032,-0.15113827586174,30.9488544464111
"1256",4190035,-0.278873801231384,30.8901271820068
"1257",1070012,0.413774818181992,31.2379608154297
"1258",1100001,0.372188210487366,32.5684623718262
"1259",1130016,-0.34035649895668,31.1840381622314
"1260",1010002,-0.530628025531769,32.3274917602539
"1261",NA,0.289081007242203,32.5606498718262
"1262",NA,-0.0435729995369911,32.0053062438965
"1263",1020001,0.333187997341156,32.5706558227539
"1264",1020002,0.313044995069504,32.5691452026367
"1265",NA,0.41983899474144,32.6081809997559
"1266",1020003,0.303095996379852,32.5733451843262
"1267",1020004,0.345753014087677,32.5462951660156
"1268",NA,0.345753014087677,32.5462951660156
"1269",1020005,0.378048986196518,32.5941314697266
"1270",1020006,0.371428996324539,32.5650634765625
"1271",NA,NA,NA
"1272",1020007,0.365141004323959,32.5970153808594
"1273",NA,0.365141004323959,32.5970153808594
"1274",NA,0.0560179986059666,32.4727325439453
"1275",1020008,0.356909990310669,32.5883522033691
"1276",NA,0.29414901137352,32.4947814941406
"1277",NA,0.785027027130127,33.3249053955078
"1278",NA,0.356909990310669,32.5883522033691
"1279",NA,0.362533986568451,32.5747261047363
"1280",1020009,0.362533986568451,32.5747261047363
"1281",1020010,0.345997989177704,32.5832252502441
"1282",NA,0.423601001501083,33.488826751709
"1283",1020011,0.289272993803024,32.6159744262695
"1284",NA,0.238679006695747,32.6208229064941
"1285",NA,0.352703005075455,32.6584968566895
"1286",NA,0.289272993803024,32.6159744262695
"1287",NA,0.322075992822647,32.5258026123047
"1288",1020012,0.312797009944916,32.6114730834961
"1289",1020013,0.303220987319946,32.6197471618652
"1290",1020014,0.285813003778458,32.5787391662598
"1291",NA,0.285813003778458,32.5787391662598
"1292",NA,0.231386005878448,32.590991973877
"1293",1020015,0.301654994487762,32.6005516052246
"1294",NA,0.281854003667831,32.5038681030273
"1295",NA,0.301654994487762,32.6005516052246
"1296",NA,0.415899008512497,32.5785942077637
"1297",1020016,0.310160011053085,32.6017799377441
"1298",NA,0.310160011053085,32.6017799377441
"1299",1020017,0.273187011480331,32.6248092651367
"1300",NA,0.273187011480331,32.6248092651367
"1301",1020018,0.295154988765717,32.5853996276855
"1302",NA,0.285391986370087,32.6176643371582
"1303",1020019,0.285391986370087,32.6176643371582
"1304",NA,0.410726010799408,32.488712310791
"1305",1020020,0.344781994819641,32.5875282287598
"1306",NA,0.367720007896423,32.6239585876465
"1307",1020021,0.367720007896423,32.6239585876465
"1308",1020022,0.368404000997543,32.5902557373047
"1309",NA,0.368404000997543,32.5902557373047
"1310",1020023,0.328184992074966,32.6340675354004
"1311",1020024,0.32192799448967,32.6380882263184
"1312",1020025,0.337204992771149,32.6085891723633
"1313",NA,0.337204992771149,32.6085891723633
"1314",1020026,0.305940985679626,32.5291442871094
"1315",1020027,0.289860010147095,32.553035736084
"1316",1020028,0.356766998767853,32.5571060180664
"1317",1020029,0.330749988555908,32.5421371459961
"1318",1020030,0.289792001247406,32.5353813171387
"1319",NA,0.279320001602173,32.5660514831543
"1320",1020031,0.279320001602173,32.5660514831543
"1321",NA,0.309213012456894,32.1302070617676
"1322",1020032,0.332453012466431,32.5423698425293
"1323",1020033,0.317142993211746,32.5373229980469
"1324",NA,0.306104004383087,32.6359634399414
"1325",1020034,0.304610013961792,32.543773651123
"1326",1030003,0.827926993370056,31.8434658050537
"1327",NA,0.827926993370056,31.8434658050537
"1328",NA,0.376311004161835,33.1543083190918
"1329",NA,0.610605001449585,31.9676303863525
"1330",1030005,0.923509001731873,31.5785617828369
"1331",NA,0.887243986129761,31.7009468078613
"1332",NA,0.923509001731873,31.5785617828369
"1333",1040002,0.71214497089386,32.5294303894043
"1334",NA,0.71214497089386,32.5294303894043
"1335",NA,0.589527010917664,32.6231079101562
"1336",NA,0.47129300236702,32.8645896911621
"1337",1040006,0.662384986877441,32.7091407775879
"1338",NA,0.827145993709564,32.4929542541504
"1339",NA,0.276930004358292,32.5459365844727
"1340",NA,0.257017999887466,32.5793304443359
"1341",NA,0.662384986877441,32.7091407775879
"1342",NA,0.347104012966156,32.5375289916992
"1343",NA,0.794875025749207,32.4711418151855
"1344",1040008,0.811501026153564,32.5159187316895
"1345",NA,0.164419993758202,32.423168182373
"1346",NA,0.350511997938156,32.6247978210449
"1347",1050001,-0.34314700961113,31.7253131866455
"1348",NA,-0.34314700961113,31.7253131866455
"1349",NA,-0.14214800298214,31.8796768188477
"1350",1050003,-0.14214800298214,31.8796768188477
"1351",1050004,-0.0795710012316704,31.6357078552246
"1352",NA,0.339910000562668,32.5585708618164
"1353",NA,-0.0795710012316704,31.6357078552246
"1354",1050008,-0.248542994260788,31.6678161621094
"1355",NA,-0.152903005480766,31.8917274475098
"1356",NA,0.284321993589401,32.5622215270996
"1357",NA,-0.344247996807098,31.5716667175293
"1358",1050012,-0.344247996807098,31.5716667175293
"1359",1050015,-0.471199989318848,31.3637866973877
"1360",NA,-0.471199989318848,31.3637866973877
"1361",NA,-0.435467004776001,31.3689880371094
"1362",1050019,-0.522386014461517,31.3553428649902
"1363",1050023,-0.576781988143921,31.6916370391846
"1364",NA,-0.43911999464035,31.711950302124
"1365",NA,-0.301559001207352,31.7502498626709
"1366",NA,-0.314386010169983,31.768533706665
"1367",NA,0.423022985458374,33.1447410583496
"1368",1050030,0.000976999988779426,31.7997989654541
"1369",NA,-0.31462499499321,31.7481575012207
"1370",1050033,-0.19768300652504,31.8102912902832
"1371",NA,-0.272139012813568,31.7503662109375
"1372",NA,-0.19768300652504,31.8102912902832
"1373",1060003,0.112060002982616,31.7603454589844
"1374",NA,0.31725600361824,32.5785713195801
"1375",NA,0.0299270004034042,32.0245895385742
"1376",NA,0.346186995506287,32.2513008117676
"1377",1060005,0.270253986120224,31.6484508514404
"1378",NA,0.216248005628586,31.5747833251953
"1379",NA,0.325715988874435,32.4962425231934
"1380",NA,0.126304000616074,31.809871673584
"1381",NA,0.270253986120224,31.6484508514404
"1382",NA,0.17068900167942,32.4613609313965
"1383",NA,0.189465999603271,32.4375190734863
"1384",NA,-0.0114700002595782,32.0953979492188
"1385",1060007,0.0716100037097931,32.0928726196289
"1386",NA,0.0716100037097931,32.0928726196289
"1387",1060009,0.196654006838799,32.2552299499512
"1388",1070001,0.552686989307404,31.3820266723633
"1389",NA,0.480720013380051,31.6931667327881
"1390",NA,0.695658028125763,31.2665195465088
"1391",1070002,0.39071398973465,32.0738220214844
"1392",NA,0.39071398973465,32.0738220214844
"1393",1070008,0.213035002350807,31.0526390075684
"1394",NA,0.213035002350807,31.0526390075684
"1395",NA,0.53796797990799,31.368236541748
"1396",1070012,0.53796797990799,31.368236541748
"1397",NA,0.405371993780136,31.4780578613281
"1398",NA,0.413774996995926,31.2379627227783
"1399",1070016,0.630704998970032,31.7877235412598
"1400",NA,0.343905985355377,32.5416831970215
"1401",1070020,0.487563997507095,31.8009243011475
"1402",NA,0.446487993001938,31.8257064819336
"1403",NA,0.426389008760452,31.8379459381104
"1404",NA,0.401924014091492,32.1020774841309
"1405",1070023,0.586750984191895,31.7181568145752
"1406",NA,0.402622997760773,32.0810546875
"1407",1080002,0.354954987764359,32.9335060119629
"1408",NA,0.286152988672256,32.6383666992188
"1409",NA,0.354954987764359,32.9335060119629
"1410",1080003,0.411417007446289,33.1413688659668
"1411",1080006,0.316350013017654,33.1603584289551
"1412",NA,0.365419000387192,32.7562484741211
"1413",NA,0.35963100194931,33.1372489929199
"1414",NA,0.369691014289856,33.1874313354492
"1415",1080009,0.369691014289856,33.1874313354492
"1416",NA,0.316574990749359,33.2861518859863
"1417",1080013,0.376262992620468,33.1910133361816
"1418",NA,0.376262992620468,33.1910133361816
"1419",1080016,0.112190000712872,33.4779624938965
"1420",1080020,0.435741990804672,32.8037338256836
"1421",NA,0.37261301279068,32.7563743591309
"1422",NA,0.389506995677948,32.8391036987305
"1423",NA,0.435741990804672,32.8037338256836
"1424",1080023,0.411848992109299,32.6887550354004
"1425",NA,0.411848992109299,32.6887550354004
"1426",NA,0.337927013635635,32.5367279052734
"1427",1080027,0.619388997554779,32.8121566772461
"1428",NA,0.619388997554779,32.8121566772461
"1429",NA,0.338239997625351,32.6403274536133
"1430",1080030,0.684823989868164,32.8292083740234
"1431",1080033,0.625140011310577,32.9195823669434
"1432",NA,1.58244705200195,32.1892929077148
"1433",1090004,1.58244705200195,32.1892929077148
"1434",NA,1.51488494873047,32.1014823913574
"1435",NA,1.60925400257111,32.1914749145508
"1436",NA,1.39986896514893,32.2564964294434
"1437",NA,1.57053399085999,32.3624420166016
"1438",1100001,-0.639231026172638,31.5299873352051
"1439",NA,0.372188001871109,32.5684623718262
"1440",NA,-0.639231026172638,31.5299873352051
"1441",NA,-0.999310970306396,31.4185981750488
"1442",1100005,-0.887125015258789,31.711088180542
"1443",NA,-0.903626978397369,31.7654724121094
"1444",NA,0.312334001064301,31.573221206665
"1445",1100007,-0.518612027168274,31.1944370269775
"1446",NA,-0.417683005332947,31.1459484100342
"1447",NA,-0.670388996601105,31.1604404449463
"1448",1100009,-0.508831024169922,31.3332862854004
"1449",NA,-0.508831024169922,31.3332862854004
"1450",NA,0.268997013568878,32.5728454589844
"1451",NA,0.285991013050079,32.538703918457
"1452",1100012,-0.503360986709595,31.6160697937012
"1453",NA,0.258136004209518,32.5653266906738
"1454",1110001,0.145366996526718,31.2310581207275
"1455",1110003,-0.292248010635376,31.4787216186523
"1456",NA,-0.122951000928879,31.376802444458
"1457",NA,-0.229321002960205,31.4010314941406
"1458",NA,-0.292248010635376,31.4787216186523
"1459",NA,-0.155980005860329,31.400016784668
"1460",1110005,-0.151019006967545,31.4375495910645
"1461",NA,-0.151019006967545,31.4375495910645
"1462",1120001,0.72658097743988,32.9185066223145
"1463",1120003,0.827234983444214,32.8440856933594
"1464",NA,0.477732986211777,32.7616424560547
"1465",1120006,0.732909977436066,32.9587593078613
"1466",1130002,0.0677279978990555,32.4715919494629
"1467",NA,0.0677279978990555,32.4715919494629
"1468",1130003,0.218554005026817,32.5398979187012
"1469",NA,0.218554005026817,32.5398979187012
"1470",NA,0.350127011537552,32.6699867248535
"1471",1130004,0.350127011537552,32.6699867248535
"1472",1130006,0.375993013381958,32.5358734130859
"1473",1130007,0.261842012405396,32.556755065918
"1474",NA,0.261842012405396,32.556755065918
"1475",NA,0.199285998940468,32.5467338562012
"1476",NA,0.244634002447128,32.6134757995605
"1477",1130008,0.0560900010168552,32.3109283447266
"1478",NA,0.50578099489212,32.329402923584
"1479",NA,0.297392010688782,32.5121803283691
"1480",NA,0.227406993508339,32.467414855957
"1481",1130010,0.0393440015614033,32.5403861999512
"1482",1130012,0.265680998563766,32.4627532958984
"1483",NA,0.265680998563766,32.4627532958984
"1484",NA,0.160929992794991,32.5529327392578
"1485",1130014,0.160929992794991,32.5529327392578
"1486",NA,0.327262997627258,32.655387878418
"1487",1130016,0.326054006814957,32.5104064941406
"1488",NA,-0.407588005065918,31.1540946960449
"1489",NA,0.326054006814957,32.5104064941406
"1490",1130019,0.347712993621826,32.6829795837402
"1491",1130021,0.349635004997253,32.5372314453125
"1492",NA,0.349635004997253,32.5372314453125
"1493",1130023,0.255861014127731,32.6040191650391
"1494",1130025,0.239827007055283,32.5439300537109
"1495",NA,-0.145403996109962,31.5195178985596
"1496",NA,0.239827007055283,32.5439300537109
"1497",NA,-0.107998996973038,31.1247825622559
"1498",1100003,-0.295331001281738,31.2187824249268
"1499",NA,-0.295331001281738,31.2187824249268
"1500",NA,-0.402727991342545,31.3498954772949
"1501",1070004,0.274722993373871,31.9426536560059
"1502",NA,0.320071995258331,32.555046081543
"1503",NA,0.389593988656998,32.5794258117676
"1504",NA,0.369839012622833,32.5665283203125
"1505",1070027,0.402622997760773,32.0810546875
"1506",NA,0.480199009180069,31.7791748046875
"1507",1070031,0.543995976448059,32.1898193359375
"1508",NA,0.502340018749237,32.12890625
"1509",NA,0.543995976448059,32.1898193359375
"1510",NA,0.627312004566193,32.0867042541504
"1511",1040011,0.684432983398438,32.3014259338379
"1512",NA,0.684432983398438,32.3014259338379
"1513",NA,0.584685027599335,32.5620079040527
"1514",1040013,1.15960001945496,32.0026092529297
"1515",NA,1.05097603797913,32.4674682617188
"1516",NA,0.369964003562927,32.5560455322266
"1517",2010004,0.431405007839203,33.8126411437988
"1518",NA,0.431405007839203,33.8126411437988
"1519",2010006,0.31351900100708,33.8706398010254
"1520",2010008,0.711597979068756,33.6848335266113
"1521",NA,0.408248007297516,33.5956535339355
"1522",NA,1.11777198314667,33.8638305664062
"1523",2010009,0.103998996317387,33.7830924987793
"1524",NA,0.103998996317387,33.7830924987793
"1525",2020001,0.467747986316681,34.0916976928711
"1526",2020005,0.490653991699219,34.0917701721191
"1527",2020007,0.38901498913765,34.0578117370605
"1528",NA,0.38901498913765,34.0578117370605
"1529",2030001,0.615904986858368,33.4700546264648
"1530",2030004,0.623696982860565,33.4741477966309
"1531",NA,0.623696982860565,33.4741477966309
"1532",2030008,0.551626026630402,33.618896484375
"1533",NA,0.551626026630402,33.618896484375
"1534",NA,0.828697025775909,33.2164840698242
"1535",NA,0.547453999519348,33.1652755737305
"1536",2030023,0.674983024597168,33.5198974609375
"1537",2030028,1.01656496524811,33.3279762268066
"1538",2030033,0.775407016277313,33.3474769592285
"1539",NA,0.775407016277313,33.3474769592285
"1540",NA,0.762762010097504,33.0332870483398
"1541",NA,0.0449529998004436,33.2150192260742
"1542",NA,0.160192996263504,32.336742401123
"1543",NA,1.05829703807831,33.5643844604492
"1544",NA,0.50018298625946,33.2714233398438
"1545",2040002,0.42272099852562,33.2024993896484
"1546",NA,0.42272099852562,33.2024993896484
"1547",NA,0.823249995708466,34.2177963256836
"1548",2040006,0.432437002658844,33.2406768798828
"1549",2040009,0.485487997531891,33.2385559082031
"1550",2040012,0.62576299905777,33.2887725830078
"1551",2040014,0.551319003105164,33.125862121582
"1552",NA,0.551319003105164,33.125862121582
"1553",2040015,0.545563995838165,33.0937652587891
"1554",2050001,0.924404978752136,33.1305084228516
"1555",2050004,1.209233045578,33.047924041748
"1556",2050009,1.232990026474,33.331226348877
"1557",NA,1.13005495071411,33.2325859069824
"1558",NA,1.232990026474,33.331226348877
"1559",2050013,1.060103058815,33.0102233886719
"1560",NA,1.060103058815,33.0102233886719
"1561",NA,0.391492992639542,32.9793014526367
"1562",2050017,0.900533974170685,33.1015129089355
"1563",NA,0.721440970897675,33.069709777832
"1564",NA,1.05894601345062,33.1644973754883
"1565",2050030,0.773993015289307,33.0747528076172
"1566",2060003,1.3821849822998,34.4044532775879
"1567",NA,2.05196309089661,33.977970123291
"1568",NA,1.89014399051666,33.823802947998
"1569",2070006,1.66368901729584,33.967887878418
"1570",NA,1.66368901729584,33.967887878418
"1571",2080001,1.47599601745605,33.9171676635742
"1572",NA,0.445418000221252,33.2179908752441
"1573",NA,0.355949997901917,32.6122016906738
"1574",NA,1.29652905464172,34.0078887939453
"1575",NA,1.3122570514679,33.8341369628906
"1576",2080005,1.37214004993439,33.9079666137695
"1577",NA,1.37214004993439,33.9079666137695
"1578",NA,1.43425595760345,33.849781036377
"1579",2080007,1.53158402442932,34.0501136779785
"1580",NA,1.53158402442932,34.0501136779785
"1581",2080008,1.58896803855896,33.8601341247559
"1582",NA,1.58896803855896,33.8601341247559
"1583",NA,2.2566249370575,32.9248352050781
"1584",NA,1.07345402240753,34.1650390625
"1585",2090006,1.07075500488281,34.1721992492676
"1586",NA,1.07075500488281,34.1721992492676
"1587",2090033,1.02946805953979,34.2461814880371
"1588",NA,1.02946805953979,34.2461814880371
"1589",NA,0.271679013967514,33.4879417419434
"1590",2100002,1.18389999866486,33.7195930480957
"1591",NA,0.0706269964575768,32.4769554138184
"1592",NA,1.10811603069305,33.8286247253418
"1593",2100004,1.14941596984863,33.9205665588379
"1594",NA,1.14941596984863,33.9205665588379
"1595",2100006,1.31359696388245,33.7401695251465
"1596",NA,1.31359696388245,33.7401695251465
"1597",2100007,1.26080000400543,33.7970542907715
"1598",NA,1.26080000400543,33.7970542907715
"1599",NA,1.17728900909424,33.7127532958984
"1600",NA,1.93469500541687,33.7407875061035
"1601",NA,1.75551795959473,32.0768585205078
"1602",2110004,1.56147396564484,33.3062973022461
"1603",2110006,1.52577102184296,33.5503845214844
"1604",NA,1.52577102184296,33.5503845214844
"1605",NA,1.77100598812103,33.4514503479004
"1606",2110007,1.74095797538757,33.5833396911621
"1607",NA,1.74095797538757,33.5833396911621
"1608",NA,1.72766304016113,33.5183486938477
"1609",2110009,1.70041394233704,33.6885223388672
"1610",NA,1.70041394233704,33.6885223388672
"1611",NA,1.67027997970581,33.7054595947266
"1612",2120003,0.71111798286438,34.1736373901367
"1613",NA,0.71111798286438,34.1736373901367
"1614",2120008,0.819428980350494,34.0940742492676
"1615",NA,0.648965001106262,33.1930656433105
"1616",NA,0.819428980350494,34.0940742492676
"1617",NA,0.331133991479874,32.6288528442383
"1618",2120009,0.657477021217346,34.1587715148926
"1619",NA,0.640630006790161,32.9984588623047
"1620",NA,0.665973007678986,34.2246742248535
"1621",2120011,0.696134984493256,34.0029640197754
"1622",NA,0.696134984493256,34.0029640197754
"1623",NA,0.288417011499405,32.5790481567383
"1624",2120013,0.696241974830627,34.1093864440918
"1625",NA,0.467893004417419,33.4961395263672
"1626",2140002,0.513224005699158,33.4177093505859
"1627",NA,0.78684401512146,33.5675315856934
"1628",NA,0.574599027633667,33.4334487915039
"1629",NA,0.576143026351929,33.4181022644043
"1630",NA,0.575227022171021,33.4612121582031
"1631",NA,0.380854994058609,32.5164604187012
"1632",NA,0.562990009784698,33.4349784851074
"1633",NA,0.607771992683411,33.4530868530273
"1634",2140003,0.423703014850616,33.6121711730957
"1635",2150001,1.24573802947998,34.2635726928711
"1636",2150002,1.21842396259308,34.2704315185547
"1637",NA,0.346397995948792,32.6681594848633
"1638",2150004,1.15165495872498,34.261589050293
"1639",NA,0.326279014348984,32.5814552307129
"1640",NA,1.15165495872498,34.261589050293
"1641",2150006,1.27609801292419,34.3719062805176
"1642",NA,1.27609801292419,34.3719062805176
"1643",NA,1.3747730255127,34.3019981384277
"1644",2070003,2.02890801429749,33.590747833252
"1645",NA,2.03712511062622,33.4809303283691
"1646",2100009,1.12054705619812,34.0546684265137
"1647",NA,2.54137110710144,34.6665420532227
"1648",2090037,1.054034948349,34.3706207275391
"1649",2080003,1.19971597194672,34.1584243774414
"1650",2060001,1.33163094520569,34.6608619689941
"1651",2120006,1.01852297782898,34.0729484558105
"1652",2050022,1.0357780456543,33.3878631591797
"1653",NA,1.0357780456543,33.3878631591797
"1654",NA,0.758135974407196,33.419563293457
"1655",NA,0.931526005268097,31.4458980560303
"1656",NA,0.954355001449585,32.7351303100586
"1657",NA,1.21972596645355,33.3827209472656
"1658",NA,0.844219982624054,33.4109115600586
"1659",2050026,1.08883798122406,33.4021606445312
"1660",NA,1.08883798122406,33.4021606445312
"1661",2090011,0.825317025184631,34.2723846435547
"1662",NA,0.825317025184631,34.2723846435547
"1663",2090014,0.802708029747009,34.3096466064453
"1664",2090018,0.8838210105896,34.3841171264648
"1665",NA,0.804886996746063,34.3069801330566
"1666",NA,0.644551992416382,34.2682495117188
"1667",2090022,0.808688998222351,34.3362693786621
"1668",2090026,0.857629001140594,34.3664779663086
"1669",2090029,0.869543015956879,34.3812675476074
"1670",2030013,0.961449027061462,33.5919456481934
"1671",NA,0.961449027061462,33.5919456481934
"1672",NA,0.351067006587982,32.667366027832
"1673",NA,0.757180988788605,33.6212882995605
"1674",3010003,3.39455389976501,31.942964553833
"1675",NA,3.33957004547119,31.8304347991943
"1676",NA,3.39455389976501,31.942964553833
"1677",NA,2.15481901168823,32.6993865966797
"1678",3020002,1.97871398925781,32.5296211242676
"1679",NA,2.11768388748169,32.5353012084961
"1680",NA,1.97871398925781,32.5296211242676
"1681",3020003,2.43073296546936,32.7466316223145
"1682",NA,2.56120610237122,32.9409027099609
"1683",NA,1.96819794178009,32.5683441162109
"1684",NA,2.43073296546936,32.7466316223145
"1685",3020005,2.42946004867554,32.8906021118164
"1686",NA,2.42946004867554,32.8906021118164
"1687",NA,2.60470700263977,32.8625717163086
"1688",NA,2.25624990463257,32.8728981018066
"1689",NA,2.27572798728943,32.9039154052734
"1690",NA,0.351294994354248,32.6307220458984
"1691",3020008,2.42460107803345,32.851692199707
"1692",NA,2.42460107803345,32.851692199707
"1693",NA,2.14705204963684,32.6508445739746
"1694",3020013,2.02559494972229,32.7174186706543
"1695",NA,1.85034799575806,32.7078704833984
"1696",NA,2.29922199249268,32.7220840454102
"1697",NA,2.14213490486145,32.795051574707
"1698",NA,2.23297810554504,32.7528991699219
"1699",3020016,1.83483397960663,32.3841743469238
"1700",NA,1.86747801303864,32.7966499328613
"1701",3020018,1.67746794223785,32.3701286315918
"1702",3020035,1.90533494949341,32.371997833252
"1703",NA,1.74660897254944,32.1670837402344
"1704",NA,1.90533494949341,32.371997833252
"1705",3030002,3.00683903694153,30.913631439209
"1706",NA,3.01250696182251,30.913366317749
"1707",NA,3.00683903694153,30.913631439209
"1708",3030006,3.09229302406311,30.889102935791
"1709",NA,3.0139000415802,31.3441505432129
"1710",3030009,3.06571292877197,30.9412212371826
"1711",NA,0.26103401184082,32.6756706237793
"1712",NA,3.06571292877197,30.9412212371826
"1713",3030015,2.61549806594849,31.1452007293701
"1714",NA,2.61549806594849,31.1452007293701
"1715",3030033,2.74137592315674,30.9613132476807
"1716",NA,2.78837108612061,30.9091682434082
"1717",3040002,2.76951503753662,32.2951393127441
"1718",NA,2.76146292686462,32.2359580993652
"1719",NA,2.76951503753662,32.2951393127441
"1720",NA,0.449586004018784,34.080509185791
"1721",NA,1.46846699714661,34.0943183898926
"1722",NA,1.99758398532867,32.5424842834473
"1723",3040004,2.76196503639221,32.3320617675781
"1724",NA,2.76196503639221,32.3320617675781
"1725",NA,2.94761490821838,32.269847869873
"1726",NA,2.96037602424622,32.2642059326172
"1727",NA,2.78554105758667,32.3996620178223
"1728",NA,0.717027008533478,32.523754119873
"1729",NA,2.86015605926514,32.4313430786133
"1730",NA,2.77324104309082,32.3021507263184
"1731",NA,2.79109597206116,32.414722442627
"1732",NA,2.78688597679138,32.4112701416016
"1733",NA,2.91334390640259,32.1738739013672
"1734",NA,2.8368399143219,32.4078254699707
"1735",3040009,2.81874704360962,32.2802124023438
"1736",NA,2.81874704360962,32.2802124023438
"1737",NA,2.98075389862061,32.3118438720703
"1738",NA,2.87572193145752,32.3775596618652
"1739",NA,2.75018906593323,32.2698631286621
"1740",3040014,2.50530600547791,32.3839073181152
"1741",NA,2.50530600547791,32.3839073181152
"1742",NA,2.77530694007874,32.280387878418
"1743",NA,3.36475396156311,33.0603523254395
"1744",NA,3.32291698455811,33.0009918212891
"1745",3050001,3.30915689468384,32.8738670349121
"1746",NA,3.30915689468384,32.8738670349121
"1747",NA,3.69233298301697,33.9645347595215
"1748",NA,3.0865490436554,34.1376533508301
"1749",3060007,3.03545689582825,34.0450592041016
"1750",3070002,2.2441840171814,32.8969917297363
"1751",NA,2.13855004310608,33.2241249084473
"1752",NA,2.36052298545837,33.2130241394043
"1753",NA,2.48079395294189,33.0631141662598
"1754",3070005,2.26362800598145,32.8983764648438
"1755",NA,2.47428107261658,32.7197456359863
"1756",NA,2.48340201377869,32.7222938537598
"1757",NA,2.26362800598145,32.8983764648438
"1758",3070007,2.21651005744934,32.8898048400879
"1759",NA,2.52146410942078,33.2035675048828
"1760",NA,2.52738094329834,33.2008895874023
"1761",NA,2.21651005744934,32.8898048400879
"1762",NA,2.5860641002655,32.6980056762695
"1763",NA,2.31616306304932,32.9403533935547
"1764",NA,2.20474600791931,33.1740913391113
"1765",NA,1.82669305801392,32.4814224243164
"1766",3070018,2.12212109565735,33.191463470459
"1767",NA,2.11359095573425,33.1176986694336
"1768",NA,0.327178001403809,32.5470695495605
"1769",NA,2.10463500022888,33.105052947998
"1770",NA,2.40863704681396,33.0646171569824
"1771",NA,2.42715907096863,33.0419387817383
"1772",NA,2.43456292152405,33.0632095336914
"1773",3070022,2.18861699104309,33.1163444519043
"1774",NA,2.18861699104309,33.1163444519043
"1775",NA,2.29568600654602,33.0078506469727
"1776",3070023,2.1117799282074,33.1042327880859
"1777",NA,2.12083601951599,33.1334571838379
"1778",NA,2.13755488395691,33.2075004577637
"1779",3070025,2.31113600730896,32.9849128723145
"1780",3080001,2.14581203460693,34.2044410705566
"1781",NA,2.14581203460693,34.2044410705566
"1782",3080002,2.37368106842041,34.501106262207
"1783",NA,2.37368106842041,34.501106262207
"1784",3080004,2.566241979599,34.6404800415039
"1785",NA,2.58115410804749,34.5756759643555
"1786",NA,2.566241979599,34.6404800415039
"1787",3090001,3.28149700164795,31.5641326904297
"1788",NA,3.28149700164795,31.5641326904297
"1789",NA,2.77836799621582,32.3072166442871
"1790",NA,3.69256711006165,31.7316665649414
"1791",NA,3.60344099998474,31.6128997802734
"1792",NA,3.66808891296387,31.7156162261963
"1793",NA,2.35501003265381,30.9007453918457
"1794",3100001,2.47238397598267,31.0622043609619
"1795",NA,0.47639200091362,33.2327537536621
"1796",NA,0.366757988929749,32.5923805236816
"1797",NA,2.41769194602966,31.0396976470947
"1798",NA,2.41697692871094,30.9864540100098
"1799",NA,2.51300311088562,30.8655757904053
"1800",3100004,2.41697692871094,30.9864540100098
"1801",3100006,2.35689806938171,31.4175453186035
"1802",NA,2.58457088470459,30.9352512359619
"1803",3100008,2.3598198890686,30.9178142547607
"1804",3100009,2.51362705230713,30.8818950653076
"1805",NA,0.302446991205215,33.167236328125
"1806",NA,2.58108997344971,30.9663352966309
"1807",NA,2.59279298782349,30.797737121582
"1808",NA,2.63730096817017,30.8576393127441
"1809",NA,2.52995300292969,30.7862167358398
"1810",NA,2.50494599342346,31.0968360900879
"1811",3100012,2.49448800086975,31.0923099517822
"1812",NA,2.49448800086975,31.0923099517822
"1813",3110001,1.8455890417099,34.7231597900391
"1814",3110003,2.35744404792786,34.5862770080566
"1815",3110004,1.76908802986145,34.8571166992188
"1816",NA,1.76908802986145,34.8571166992188
"1817",3130001,3.57426190376282,31.1324863433838
"1818",NA,3.41740703582764,31.1809616088867
"1819",3130002,3.34775996208191,31.1935329437256
"1820",NA,3.43934202194214,31.2182464599609
"1821",3070016,1.79521298408508,32.899227142334
"1822",NA,1.79521298408508,32.899227142334
"1823",NA,2.84705901145935,32.124927520752
"1824",3070009,1.98235905170441,33.0550918579102
"1825",NA,2.14980602264404,33.0030975341797
"1826",NA,2.34069204330444,33.0564002990723
"1827",NA,2.32385993003845,33.0019454956055
"1828",NA,2.33012795448303,33.0397720336914
"1829",NA,2.23703193664551,32.8762626647949
"1830",3070010,1.99999403953552,33.2409324645996
"1831",NA,1.99999403953552,33.2409324645996
"1832",3070011,1.77958202362061,33.0395240783691
"1833",NA,1.77958202362061,33.0395240783691
"1834",3060001,3.49815607070923,34.1300354003906
"1835",3060002,3.69233298301697,33.9645347595215
"1836",3060003,3.60678195953369,34.1263580322266
"1837",3060004,3.51759910583496,34.1603584289551
"1838",3030005,3.40311789512634,30.9614372253418
"1839",NA,3.40311789512634,30.9614372253418
"1840",3030012,3.44252800941467,30.9456558227539
"1841",NA,3.44252800941467,30.9456558227539
"1842",3030018,3.20126795768738,30.9642486572266
"1843",NA,3.09759211540222,30.8847064971924
"1844",NA,3.20126795768738,30.9642486572266
"1845",NA,3.21230792999268,30.9191627502441
"1846",3030021,3.27729201316833,30.9756202697754
"1847",NA,3.33740592002869,31.0256423950195
"1848",3030024,3.0916440486908,31.0199394226074
"1849",NA,0.28533399105072,32.5851402282715
"1850",NA,3.0916440486908,31.0199394226074
"1851",NA,2.71369099617004,30.9214210510254
"1852",NA,2.80026888847351,30.9214458465576
"1853",NA,2.7420289516449,30.9543418884277
"1854",3030027,3.03893709182739,31.1524143218994
"1855",NA,3.06657600402832,31.0652465820312
"1856",NA,3.03893709182739,31.1524143218994
"1857",3030030,3.24445199966431,31.1587142944336
"1858",NA,3.24445199966431,31.1587142944336
"1859",3020021,2.35250091552734,32.2547607421875
"1860",NA,2.35250091552734,32.2547607421875
"1861",3020023,2.3648579120636,32.6032752990723
"1862",NA,2.3648579120636,32.6032752990723
"1863",NA,2.45030403137207,32.4588470458984
"1864",NA,2.49765205383301,32.5025482177734
"1865",3020028,2.297935962677,32.4508323669434
"1866",NA,2.297935962677,32.4508323669434
"1867",NA,2.44641089439392,32.2825775146484
"1868",3020030,2.15202903747559,32.5299224853516
"1869",NA,2.15202903747559,32.5299224853516
"1870",4010005,0.785143971443176,30.2475070953369
"1871",4020002,-0.556546986103058,30.1343898773193
"1872",NA,-0.492145985364914,30.5141677856445
"1873",4020007,-0.303979992866516,30.3784942626953
"1874",NA,-0.303979992866516,30.3784942626953
"1875",NA,-0.165047004818916,30.1528797149658
"1876",4020011,-0.260062992572784,30.129674911499
"1877",4020016,-0.549796998500824,30.0675201416016
"1878",NA,-0.603493988513947,29.9941082000732
"1879",4020020,-0.553772985935211,30.3036918640137
"1880",4020025,-0.52835601568222,29.9541797637939
"1881",NA,-0.536994993686676,30.0173168182373
"1882",NA,-0.661935985088348,30.3042678833008
"1883",4020030,-0.567364990711212,30.4266242980957
"1884",NA,-0.567364990711212,30.4266242980957
"1885",NA,1.44564294815063,31.3347625732422
"1886",4030004,1.36187100410461,31.4513874053955
"1887",4030006,1.47465205192566,31.3388938903809
"1888",4030007,1.44195699691772,31.155403137207
"1889",4030009,1.2560830116272,30.8103256225586
"1890",NA,1.23367500305176,30.961950302124
"1891",NA,1.2560830116272,30.8103256225586
"1892",NA,0.914399027824402,30.7580909729004
"1893",4040003,-1.24143004417419,29.9611663818359
"1894",4040006,-1.25521600246429,30.0568199157715
"1895",NA,-1.25521600246429,30.0568199157715
"1896",4040008,-1.40499496459961,29.949390411377
"1897",NA,-1.40499496459961,29.949390411377
"1898",NA,-1.46793401241302,29.9231452941895
"1899",NA,-1.24129605293274,29.7741756439209
"1900",4040010,-1.16621899604797,29.7942943572998
"1901",NA,-1.38021397590637,30.0106334686279
"1902",4040012,-1.157261967659,30.0624504089355
"1903",4050002,0.640798985958099,30.3012828826904
"1904",4050005,0.626914024353027,30.2771186828613
"1905",NA,0.626914024353027,30.2771186828613
"1906",4050006,0.447066992521286,30.1652870178223
"1907",4050010,0.578552007675171,30.1612014770508
"1908",4060003,0.177928999066353,30.0738525390625
"1909",NA,0.280683994293213,32.6231155395508
"1910",4060008,0.000342000013915822,29.7339096069336
"1911",NA,0.000342000013915822,29.7339096069336
"1912",4060010,0.0804490000009537,29.8522396087646
"1913",4060011,0.358215004205704,30.0851936340332
"1914",NA,0.358215004205704,30.0851936340332
"1915",4060013,0.0584140010178089,29.9493350982666
"1916",4070002,0.940078973770142,30.811918258667
"1917",4070003,1.02071797847748,31.1242141723633
"1918",4070005,0.887235999107361,30.6932125091553
"1919",4070007,1.00910198688507,30.5577793121338
"1920",4070009,0.914466977119446,31.0712184906006
"1921",4080002,-1.15059995651245,29.6728382110596
"1922",NA,-1.15059995651245,29.6728382110596
"1923",4080004,-1.34085094928741,29.7682571411133
"1924",NA,1.65467000007629,31.5626602172852
"1925",NA,-1.15031504631042,29.5914306640625
"1926",NA,-1.34085094928741,29.7682571411133
"1927",4090002,1.69431698322296,31.7118549346924
"1928",4090005,1.62602496147156,31.5849761962891
"1929",4090009,1.74665200710297,31.6700687408447
"1930",4090011,2.22743892669678,32.2615852355957
"1931",4100005,-0.593402028083801,30.6618728637695
"1932",4100026,-0.560572028160095,30.6788005828857
"1933",4100029,-0.323038011789322,30.5947933197021
"1934",NA,-0.0152380000799894,30.9372711181641
"1935",NA,-0.323038011789322,30.5947933197021
"1936",NA,-0.397554010152817,30.725658416748
"1937",4100038,-0.745038986206055,30.4248142242432
"1938",NA,-0.69743800163269,30.4774150848389
"1939",NA,-0.654303014278412,30.3842182159424
"1940",4110002,-0.860807001590729,30.2692756652832
"1941",4110004,-0.760571002960205,30.1790943145752
"1942",4110006,-0.867663025856018,30.3541145324707
"1943",NA,1.38182497024536,32.4783058166504
"1944",NA,-0.867663025856018,30.3541145324707
"1945",4110007,-0.98233699798584,30.45973777771
"1946",NA,-1.19142305850983,29.8102531433105
"1947",4110009,-0.987177014350891,30.1298351287842
"1948",4120003,-0.964900970458984,29.9596881866455
"1949",NA,1.91633701324463,33.9665489196777
"1950",NA,0.288435995578766,32.5710372924805
"1951",NA,0.3036749958992,32.5742530822754
"1952",4120005,-0.640430986881256,29.8059825897217
"1953",NA,-0.591849982738495,29.8889656066895
"1954",NA,-0.640430986881256,29.8059825897217
"1955",4130002,0.389081001281738,30.4866619110107
"1956",NA,0.389081001281738,30.4866619110107
"1957",NA,0.392262995243073,30.5142765045166
"1958",4130003,0.142605006694794,30.495325088501
"1959",4130005,-0.105038002133369,30.2642192840576
"1960",4140001,-0.89675098657608,29.7783241271973
"1961",4140003,-0.779664993286133,29.6530265808105
"1962",4140005,-0.9203240275383,29.8012294769287
"1963",NA,-0.9203240275383,29.8012294769287
"1964",4150002,0.599729001522064,30.6424827575684
"1965",4150004,0.419649988412857,31.0364627838135
"1966",NA,0.456043988466263,31.188419342041
"1967",4150006,0.591023981571198,30.4715900421143
"1968",NA,0.591023981571198,30.4715900421143
"1969",4150007,0.728757977485657,30.6465892791748
"1970",NA,0.728757977485657,30.6465892791748
"1971",4150009,0.822012007236481,30.7921314239502
"1972",4090007,2.09265398979187,31.4800834655762
"1973",4100008,-0.13256299495697,30.4788208007812
"1974",4100014,0.0148299997672439,30.5203266143799
"1975",NA,0.0808010026812553,30.4895534515381
"1976",4100017,-0.227395996451378,30.4021663665771
"1977",NA,-0.227395996451378,30.4021663665771
"1978",4100011,-0.92560201883316,30.7941589355469
"1979",4100020,-0.757246017456055,30.8071994781494
"1980",4100023,-0.85529500246048,30.6595821380615
"1981",NA,0.859992980957031,30.6945934295654
"1982",NA,-0.85529500246048,30.6595821380615
"1983",4100032,-0.151137992739677,30.9488544464111
"1984",4100035,-0.278874009847641,30.8901271820068
