mw_fcs_label,mw_fcs_rf,mw_fcs_lr,mw_fcs_gb,mw_fcs_upsample,mw_fcs_smote,mw_fcs_adasyn,mw_rcsi_label,mw_rcsi_lr,mw_rcsi_rf,mw_rcsi_gb,mw_rcsi_upsample,mw_rcsi_smote,mw_rcsi_adasyn,FS_year,ea_id,FCS,HDDS,rCSI,rural,FS_month,lat_modified,lon_modified
0,1,1,0,0,0,0,0,1,1,1,0,0,1,2016,10101100,39.65625,4.25,4.1875,1,4,-9.507538,33.259649
0,1,1,1,1,1,1,0,1,1,1,0,1,1,2016,10101102,37,3.75,8.8125,1,9,-9.624898,33.254616
0,1,1,0,1,1,1,0,1,1,1,1,1,1,2016,10101104,41.84375,4.1875,8.6875,1,5,-9.673118,33.238482
0,1,1,0,1,0,0,0,1,0,1,0,1,0,2016,10101106,38.09375,4.375,9.3125,1,12,-9.776431,33.307894
0,1,1,0,1,1,1,0,1,1,1,0,1,1,2016,10101108,45.8125,4.5625,3.9375,1,6,-9.834715,33.411655
0,0,1,0,1,1,1,0,1,1,1,0,1,1,2016,10102110,47.96875,4.8125,3.8125,1,9,-9.70643,33.572901
0,1,1,0,1,1,1,0,1,1,1,1,1,1,2016,10102112,38.71875,4.3125,3.5,1,4,-9.776848,33.461158
1,0,1,1,1,1,1,1,1,0,0,0,0,0,2016,10103114,34.625,4,10.125,1,10,-10.076443,33.560035
0,1,1,0,1,0,0,0,1,0,0,0,1,0,2016,10104116,42.125,4.0625,6.5,1,5,-10.216961,33.674528
0,1,1,0,1,1,1,1,1,1,1,0,1,1,2016,10104118,42.375,4.5,9.75,1,12,-10.363741,33.5863
0,0,1,0,1,0,0,1,1,1,1,0,0,1,2016,10105120,45.09375,4.5,5.75,1,6,-9.51923,33.139193
0,0,1,0,0,0,0,0,1,0,1,0,0,0,2016,10120122,46.6875,4.3125,6.8125,0,9,-9.692803,33.258806
0,1,1,0,1,0,0,0,1,1,1,0,1,1,2016,10201125,46.875,4.5,7.5,1,10,-9.759542,33.824057
0,0,1,0,0,0,0,0,1,0,1,0,1,0,2016,10201127,44.84375,4.1875,4.3125,1,5.25,-9.81436,33.878212
0,1,1,1,0,0,0,0,1,0,1,0,0,0,2016,10201129,62.15625,5.125,5.0625,1,10.75,-9.748276,33.877764
0,0,1,0,0,0,0,0,1,0,1,0,0,0,2016,10202131,47.53125,4.3125,3.8125,1,6.5,-9.645417,33.802678
0,1,1,1,1,1,1,0,1,1,1,1,1,1,2016,10203133,47.34375,4.625,5.9375,1,9,-9.873128,33.896288
0,0,1,0,0,0,0,0,1,1,1,1,1,1,2016,10203135,41.53125,4.5,7.125,1,5,-10.002351,33.932955
0,0,1,0,1,0,0,1,1,1,1,1,1,1,2016,10203137,47.59375,4.3125,8.75,1,10,-10.184441,34.023583
1,0,1,0,1,0,0,0,1,0,1,0,1,0,2016,10204139,44.59375,4.3125,4.0625,1,6,-10.502489,34.176439
0,0,1,0,1,0,0,1,1,1,0,1,1,0,2016,10204141,49.9375,4.375,9.625,1,12,-10.442679,34.101839
0,1,1,0,1,1,1,0,1,1,1,1,1,1,2016,10205143,45.0625,3.625,4.5625,1,7,-10.300082,34.151984
0,0,1,0,0,0,0,0,1,0,1,0,0,0,2016,10220145,62.9375,4.75,5.1875,0,9,-9.949785,33.908869
0,0,1,0,0,0,0,0,1,0,1,0,0,0,2016,10220147,48.65625,5.0625,2.375,0,5,-9.952077,33.91917
1,1,1,1,1,1,1,1,1,1,1,1,1,1,2016,10301148,36.90625,4.25,13.4375,1,5,-11.520091,33.99345
0,0,1,0,0,0,0,0,1,0,0,0,1,0,2016,10301150,45.34375,4.75,8.25,1,10,-11.709117,34.072019
0,0,1,0,0,0,0,0,1,0,1,0,0,0,2016,10302152,41.84375,4.625,6.8125,1,6,-11.926179,34.136756
0,0,1,0,0,0,0,0,1,0,1,1,1,0,2016,10304156,48,4.533333333,10.4,1,6.933333333,-11.373241,34.0658015
0,0,1,0,1,0,0,1,1,1,1,0,0,0,2016,10305158,47.6875,4.25,11.8125,1,9,-12.213252,34.00483
0,1,1,1,1,0,0,0,1,1,1,1,1,1,2016,10306160,41.34375,4.1875,7.375,1,5,-11.744547,34.192356
0,1,1,0,1,0,0,1,1,1,0,1,1,1,2016,10308162,56.875,4.5,10.5625,1,10,-11.569838,34.286378
1,1,1,1,1,1,1,1,1,1,1,0,1,1,2016,10309164,30.125,3.0625,16.5,1,5.8125,-11.256585,34.199931
0,0,1,0,1,0,0,0,1,1,1,1,1,1,2016,10312166,46.8125,4.4375,4.375,1,12,-11.413241,34.216314
0,0,1,0,0,0,0,0,1,0,1,0,1,1,2016,10312168,44.75,4.75,4.875,1,6,-11.585584,34.239631
0,0,1,0,1,0,0,0,1,0,0,0,1,0,2016,10320170,56.625,4.75,10.125,0,9,-11.597419,34.289879
0,1,1,0,1,0,1,0,1,1,1,0,1,1,2016,10401173,39.9375,4.3125,10.25,1,9,-10.895534,33.744985
1,1,1,0,1,0,1,0,1,1,1,1,1,1,2016,10401175,37.3125,3.875,8.5625,1,5,-11.02323,33.537786
0,1,1,1,1,0,0,1,1,0,1,1,1,1,2016,10401177,44.5,4.5,10,1,10,-10.970504,33.738524
0,1,1,1,1,1,1,0,1,1,1,1,1,1,2016,10401179,39.59375,4.1875,5.5,1,6,-10.960315,33.92762
0,0,1,0,0,0,0,0,1,0,1,0,0,0,2016,10402181,54.71875,4.1875,3.25,1,8.3125,-10.832742,34.187335
1,1,1,1,1,1,1,0,1,1,1,1,1,1,2016,10403183,38.5,3.733333333,7.466666667,1,4,-10.891467,34.013325
0,0,1,0,0,1,1,0,1,1,1,1,1,1,2016,10404185,43.0625,4.3125,7,1,10,-10.804108,34.059065
0,0,1,0,1,1,1,0,1,1,1,0,1,1,2016,10405187,37.5,4.1875,3.6875,1,6,-10.669118,34.075923
0,0,1,0,0,0,0,0,1,0,1,0,1,0,2016,10407189,42.8125,4.625,8.0625,1,10.5625,-10.916977,34.00885
0,0,1,0,1,0,0,0,1,1,1,1,1,1,2016,10408191,37.71875,4.5,6.8125,1,6,-10.754226,33.537282
0,0,1,0,0,0,0,0,1,0,1,0,0,0,2016,10420193,62.21875,5.1875,3.75,0,8.375,-11.01095,33.854296
0,1,1,1,0,0,0,1,1,1,1,1,0,0,2016,10420195,56.71875,5.125,10.75,0,4,-11.025597,33.841177
0,0,1,0,1,0,1,0,1,0,0,0,1,1,2016,10501197,43.3125,4.625,10.4375,1,5,-11.95341,33.367064
0,1,1,0,1,1,1,1,1,0,1,0,1,0,2016,10501199,45.0625,4.4375,9.375,1,10,-12.314757,33.431981
0,0,1,0,1,0,1,0,1,1,1,1,1,1,2016,10502201,52.21875,5.0625,4.8125,1,6,-11.240231,33.864865
0,1,1,0,1,1,1,0,1,0,0,1,0,0,2016,10502203,59,5.25,5.1875,1,11,-11.443987,33.818765
0,1,1,0,0,0,1,0,1,0,0,0,1,1,2016,10503205,54.71875,4.9375,7.625,1,9,-11.1807155,33.6563305
0,0,1,0,0,0,0,0,1,1,0,0,0,0,2016,10503206,76.82142857,5.642857143,3.857142857,1,7,-11.704716,33.676888
0,1,1,0,1,0,0,0,1,0,0,0,1,0,2016,10505209,52.375,4.5,6.3125,1,5,-11.652508,33.469931
0,1,1,0,1,0,0,0,1,0,0,0,1,0,2016,10506211,46.65625,4.5,10.5625,1,10,-11.998786,33.528231
0,0,1,0,1,0,0,0,1,0,1,0,0,0,2016,10507213,61.03125,5.25,4.3125,1,6,-12.35673,33.55738
1,0,1,0,1,0,0,1,1,0,1,0,1,1,2016,10508215,43.125,4.9375,13.1875,1,12,-12.375627,33.719306
0,1,1,0,1,1,1,0,1,0,1,0,1,0,2016,10509217,54.4,5,3.533333333,1,7,-11.291592,33.453704
0,0,1,0,0,0,0,0,1,0,0,0,0,0,2016,10520219,70.3125,5.4375,5.0625,0,9,-11.906333,33.608928
1,1,1,1,1,1,1,0,1,1,1,1,1,1,2016,10601220,48.875,3.9375,7.9375,1,5,-12.01483,34.614247
1,0,1,1,0,0,0,0,1,1,1,1,1,0,2016,10601222,41.59375,3.4375,8.5625,1,5,-12.032028,34.62685
0,1,1,1,0,0,0,1,1,0,0,0,0,0,2016,10601223,60.75,4.4375,10.875,1,10,-12.062353,34.744459
0,0,1,1,0,0,0,0,1,0,0,0,0,0,2016,10601226,60.6875,4.3125,10.5,1,10,-12.081014,34.73933
0,0,1,0,0,0,0,0,1,0,0,0,0,0,2016,10601229,68.25,5,4,0,10,-12.05268,34.743996
1,0,1,0,0,0,0,0,1,0,0,0,0,0,2016,10620230,51,4.1875,5.5625,0,6,-12.054302,34.742048
0,1,1,0,0,0,0,0,1,0,0,0,0,0,2016,10731231,52.875,5,8.375,0,9,-11.381057,33.974639
0,0,1,0,0,0,0,0,1,0,0,0,0,0,2016,10732233,59.40625,5.5625,5.375,0,4,-11.429687,34.003117
0,0,1,0,0,0,0,0,1,0,1,0,0,0,2016,10733235,72.71875,5.5,4.125,0,9,-11.425324,34.017434
0,0,1,1,0,0,0,0,1,0,1,0,0,0,2016,10734237,59.46875,5.25,5.125,0,6,-11.438511,34.022644
0,0,1,0,0,0,0,0,1,0,1,0,0,0,2016,10734239,71.34375,5.5,4.5,0,10.125,-11.458178,34.013903
0,0,1,0,0,0,0,0,1,0,1,0,0,0,2016,10735241,71.9375,5.5,6.5,0,7,-11.453559,34.015381
0,0,1,0,0,0,0,0,1,0,1,0,0,0,2016,10736243,72.71875,5.5,1.4375,0,8.3125,-11.443483,34.002229
0,1,1,0,0,0,0,0,1,0,0,0,0,0,2016,10736245,52.25,5.375,6.6875,0,4.5625,-11.444968,33.98243
0,0,1,1,0,0,0,0,1,0,1,0,0,0,2016,10738247,82.1875,5.625,2.4375,0,10,-11.452838,34.01643
0,0,1,0,0,0,0,0,1,0,0,0,0,0,2016,10741249,62.9375,5.5,3.5625,0,6,-11.444414,34.024958
0,0,1,0,0,0,0,0,1,0,1,0,0,0,2016,10744251,60.93333333,5.333333333,4.866666667,0,11,-11.471044,34.014915
0,0,1,0,0,0,0,0,1,0,1,0,0,0,2016,10744253,62.90625,5.125,4.0625,0,7,-11.481095,34.032312
0,1,1,1,1,1,1,0,1,1,1,1,1,1,2016,20101255,42.84375,4.875,8,1,5,-12.549529,33.519392
1,1,1,1,1,1,1,0,1,1,1,1,1,1,2016,20102257,35.53125,4.1875,11.875,1,10.125,-12.75019,33.755312
0,1,1,0,1,1,1,0,1,1,1,1,1,1,2016,20105259,39.25,3.9375,7.875,1,7,-12.934259,33.523125
0,0,1,0,1,0,0,1,1,1,1,1,1,1,2016,20106261,47.46875,4.9375,12.8125,1,12,-13.092839,33.373104
0,1,1,0,1,1,1,0,1,1,1,1,1,1,2016,20107263,36.96875,3.875,10.375,1,7,-13.359734,33.346812
0,0,1,0,0,0,0,0,1,0,0,1,1,0,2016,20109265,41.8125,4.25,5.5,1,9,-13.082668,33.753587
0,1,1,1,1,1,1,1,1,1,1,1,1,1,2016,20110267,47.5,4.8125,8,1,5,-12.736754,33.335215
0,0,1,0,0,0,0,1,1,0,0,0,1,1,2016,20111269,44.25,4.3125,14.3125,1,10,-13.405444,33.38039
0,1,1,0,1,1,1,0,1,1,1,1,1,1,2016,20111271,42.59375,4.4375,5.75,1,6.1875,-13.564182,33.359249
1,1,1,1,1,1,1,1,1,1,1,1,1,1,2016,20112273,38.03125,3.875,12.375,1,12,-12.933083,33.60355
0,1,1,0,1,1,1,0,1,1,1,1,1,1,2016,20113275,44.25,4.375,5.1875,1,7,-12.910544,33.939109
0,0,1,0,0,0,0,1,1,0,0,0,1,0,2016,20120277,53.28125,5,11.4375,0,9,-13.015882,33.461245
0,1,1,0,0,1,1,0,1,1,1,1,1,1,2016,20201279,52.625,4.5625,6.4375,1,5,-12.435457,34.170292
0,0,1,0,0,0,0,0,1,1,1,1,0,0,2016,20201281,57.78125,4.9375,1.0625,1,9,-12.497686,34.15169
0,1,1,0,1,1,1,0,1,1,1,1,1,1,2016,20201283,54.6875,4.75,7.875,1,5,-12.677904,34.179679
0,0,1,0,0,0,0,0,1,0,1,1,0,0,2016,20201285,50.28125,4.875,7.0625,1,12,-12.474514,34.069092
0,0,1,0,0,0,0,0,1,1,1,1,0,0,2016,20203287,60.6875,5.125,4.5,1,6,-12.953096,34.270535
0,0,1,0,1,1,1,0,1,1,1,1,1,1,2016,20203289,50.83333333,4.6,7,1,9,-13.052256,34.245021
0,1,1,0,1,1,1,1,1,1,1,1,1,1,2016,20203291,48.90625,5.0625,13.875,1,4,-13.102273,34.285371
0,0,1,0,1,0,0,0,1,1,1,1,1,1,2016,20204293,39.0625,4,4.3125,1,9.6875,-12.915144,34.265595
0,1,1,1,1,1,1,0,1,1,1,1,1,1,2016,20205295,49.8125,4.625,6.9375,1,6,-13.25146,34.257029
0,1,1,0,1,1,1,0,1,1,1,1,1,1,2016,20205297,45.5625,4.75,11.0625,1,10.125,-13.362015,34.264738
0,1,1,1,0,1,1,1,1,1,1,1,1,1,2016,20206299,43.8125,4.125,11.6875,1,7,-13.29812,34.107571
0,0,1,0,1,0,0,0,1,1,1,1,1,0,2016,20220301,52.53125,4.5,5.6875,0,9,-12.931315,34.286991
0,0,1,0,1,0,0,0,1,0,0,0,1,1,2016,20301304,48.3125,4.6875,6.5625,1,5,-13.408561,33.964834
0,0,1,0,0,0,0,0,1,0,1,1,1,1,2016,20302306,42.03125,4.375,6.5,1,10,-13.444772,34.030135
0,1,1,0,1,1,1,0,1,0,0,0,1,1,2016,20303308,43.5,4.375,7.4375,1,6,-13.217297,33.96869
1,0,1,0,1,1,1,0,1,0,1,0,1,1,2016,20304312,29.83333333,3.2,5.666666667,1,7,-13.336095,33.755512
0,1,1,0,1,0,0,0,1,0,0,0,1,0,2016,20304314,37.84375,4.3125,8.8125,1,9,-13.47578,33.865843
0,1,1,0,1,0,0,1,1,0,0,0,1,1,2016,20305316,52.0625,4.6875,10.1875,1,5,-13.114606,33.844348
0,1,1,0,1,1,1,1,1,1,0,1,1,1,2016,20305318,42.5,4.5,8.125,1,10,-13.175196,33.80253
0,1,1,0,1,0,0,0,1,0,0,0,1,0,2016,20305320,52.53125,5.125,3.9375,1,6,-13.217199,33.757794
0,0,1,0,1,0,1,0,1,1,0,1,1,1,2016,20306324,49.53125,4.625,3.4375,1,7,-13.305415,33.797999
0,0,1,0,0,0,0,0,1,0,1,1,0,0,2016,20320326,50.875,4.5,2.1875,0,9.0625,-13.352253,33.922143
0,1,1,1,1,1,1,1,1,1,1,1,1,1,2016,20401328,41.125,4.6875,13.1875,1,5,-13.510144,33.614385
1,1,1,1,1,1,1,0,1,1,1,1,1,1,2016,20402330,38.71875,4.25,11.375,1,10,-13.242061,33.638782
1,1,1,0,1,1,1,1,1,1,1,1,1,1,2016,20402332,40.15625,4.125,10.5625,1,6,-13.365946,33.737434
0,0,1,0,0,0,0,0,1,0,1,1,0,0,2016,20402334,50.375,4.9375,6.5,1,12,-13.472007,33.602711
1,1,1,0,1,1,1,0,1,1,1,1,1,1,2016,20403336,42.25,4.1875,7.375,1,7,-13.577768,33.56351
0,1,1,0,1,1,0,0,1,1,1,0,1,1,2016,20403338,46.09375,4.6875,7.5625,1,9,-13.645875,33.64561
1,1,1,0,1,1,1,0,1,1,1,1,1,1,2016,20404340,38.21875,3.875,10.5625,1,5,-13.681329,34.128822
0,0,1,0,1,0,1,0,1,1,1,1,1,1,2016,20404342,38.8125,4.25,8.9375,1,10,-13.780298,34.294294
1,1,1,1,1,1,1,0,1,1,1,1,1,1,2016,20405344,32.03125,3.375,8.5,1,6,-13.763297,33.932837
0,0,1,0,1,1,1,0,1,1,1,1,1,1,2016,20406346,43.21875,4.5625,8.3125,1,12,-13.529607,33.912972
0,1,1,0,1,0,0,1,1,1,0,1,1,1,2016,20406348,40.53125,3.875,11.4375,1,7,-13.637108,33.902552
0,0,1,0,0,0,0,0,1,0,1,0,0,0,2016,20421350,64.84375,5.0625,3.9375,0,9,-13.536814,33.735148
0,1,1,0,1,1,1,0,1,1,1,1,1,1,2016,20501351,41.03125,4.375,6.25,1,5,-13.750254,34.58358
0,1,1,0,1,1,1,0,1,1,1,1,1,1,2016,20501353,42.25,4.6875,7.6875,1,10,-13.846168,34.585541
1,1,1,1,1,1,1,0,1,1,1,1,1,1,2016,20502355,34.53125,3.9375,6.8125,1,6,-13.747769,34.455568
1,1,1,1,1,1,1,0,1,1,1,1,1,1,2016,20502357,27.33333333,3.4,9.8,1,12,-13.779716,34.32197
1,1,1,1,1,1,1,0,1,1,1,1,1,1,2016,20504359,33.15625,3.625,8,1,7,-13.881585,34.356424
1,1,1,1,1,1,1,1,1,1,1,1,1,1,2016,20505361,33.53125,4.0625,10.8125,1,9,-13.885676,34.475131
1,1,1,1,1,1,1,1,1,1,1,1,1,1,2016,20505363,35.59375,4,10.1875,1,5,-14.038697,34.511056
0,0,1,1,0,1,1,1,1,1,1,1,1,1,2016,20507365,42.84375,4.5,11.375,1,12,-13.514585,34.282768
1,1,1,1,1,1,1,1,1,1,1,1,1,1,2016,20507367,37.5,4.0625,12.3125,1,6,-13.552698,34.315225
0,1,1,0,1,1,1,1,1,1,1,1,1,1,2016,20507369,44.3,4.133333333,9.2,1,12,-13.59236,34.435331
0,1,1,1,1,1,1,0,1,1,1,1,1,1,2016,20509371,43.0625,4.1875,7.375,1,7,-13.599289,34.482196
0,0,1,1,0,0,0,0,1,1,1,1,0,0,2016,20520372,63.78125,5.125,2.125,0,9,-13.781343,34.442408
1,1,1,1,1,1,1,0,1,1,1,1,1,1,2016,20601375,35.25,3.875,7.375,1,9,-14.156098,33.857402
1,1,1,1,1,1,1,0,1,1,1,1,1,1,2016,20601377,39.28125,4.125,4.75,1,4.8125,-14.23632,33.797774
1,1,1,1,1,1,1,1,1,1,1,1,1,1,2016,20602379,34.03125,3.9375,17.375,1,9.5625,-13.987618,33.471434
1,1,1,0,1,0,0,1,1,0,0,0,0,0,2016,20602381,43.90625,4.4375,10.3125,1,5,-14.128157,33.377554
1,1,1,1,1,1,1,1,1,1,1,1,1,1,2016,20603383,41.4,4.4,8.666666667,1,11.13333333,-14.127521,33.662751
0,1,1,1,1,1,1,0,1,1,1,1,1,1,2016,20603385,44.8125,4.4375,4.8125,1,6.25,-14.260532,33.774799
1,1,1,1,1,1,1,0,1,1,1,1,1,1,2016,20603387,32.84375,3.75,6.25,1,9,-14.309332,33.77418
1,1,1,1,1,1,1,1,1,1,1,1,1,1,2016,20604389,28.65625,3.6875,16.125,1,4,-14.027634,34.036002
0,1,1,0,0,1,1,0,1,1,1,1,1,1,2016,20604391,44.0625,4.625,6.25,1,10,-14.14077,34.056561
0,1,1,0,1,0,0,0,1,0,0,0,0,0,2016,20606393,51.8125,4.5625,5.4375,1,5,-13.629989,33.414507
1,1,1,0,0,1,1,1,1,1,0,1,1,1,2016,20606395,47.15625,4.8125,12.625,1,12,-13.870775,33.394422
0,1,1,1,1,1,1,0,1,0,0,0,1,1,2016,20607397,33.9375,4.3125,4.3125,1,6,-13.835717,33.897107
1,1,1,0,1,1,1,0,1,1,0,1,1,1,2016,20609399,37.625,3.875,6.5,1,9,-13.76407,33.614923
1,1,1,1,1,1,1,0,1,1,1,1,1,1,2016,20610401,31.6875,4.125,9.6875,1,4,-14.167398,33.967162
0,1,1,1,1,0,1,0,1,1,1,1,1,1,2016,20612403,47.375,5,8.5625,1,10,-14.101096,33.807346
0,1,1,0,1,1,1,0,1,1,1,1,1,1,2016,20614405,43.09375,4.125,6.625,1,5.1875,-14.020513,33.594596
1,1,1,1,1,1,1,1,1,1,1,1,1,1,2016,20615407,37.73333333,4,9.6,1,11.06666667,-13.746474,33.8901395
1,1,1,1,1,1,1,1,1,1,1,1,1,1,2016,20615409,38.0625,3.625,16.5625,1,6,-13.935473,33.443104
1,1,1,0,1,1,1,0,1,1,1,1,1,1,2016,20701412,34.78125,4.25,8.3125,1,5,-13.920888,32.966397
0,0,1,0,1,1,1,1,1,1,1,1,1,1,2016,20702414,48.75,4.6875,12.625,1,10,-13.871693,33.228082
1,1,1,0,1,1,1,1,1,1,1,1,1,1,2016,20702416,38.46875,3.9375,10.4375,1,6,-13.97756,33.263427
0,1,1,0,1,1,1,1,1,1,1,1,1,1,2016,20703418,41.625,4.5,19.4375,1,12,-13.804444,32.987776
1,1,1,1,1,1,1,1,1,1,1,1,1,1,2016,20703420,40.21875,4.3125,11.25,1,6,-13.916922,33.1276
0,0,1,0,0,0,0,0,1,0,1,1,0,0,2016,20703422,55.78125,5,7.1875,1,9,-13.772572,33.014152
0,1,1,1,1,1,1,1,1,1,1,1,1,1,2016,20704424,40.125,3.8125,13.1875,1,5,-13.656155,33.060158
0,1,1,1,1,1,1,1,1,1,1,0,1,1,2016,20704426,42.4375,4.5625,17.5,1,10,-13.666854,33.204111
1,1,1,1,1,1,1,1,1,1,1,1,1,1,2016,20705428,38.5625,4.375,10.0625,1,6,-13.488871,33.054046
0,1,1,0,1,1,1,1,1,1,1,1,1,1,2016,20705430,43.5625,4.5,12.75,1,12,-13.557205,32.897253
1,1,1,0,1,1,1,1,1,1,1,1,1,1,2016,20706432,39.625,4.0625,11.8125,1,6.5,-13.553265,33.192122
0,0,1,0,0,0,0,0,1,0,1,1,0,0,2016,20720434,63.5625,5.4375,1.125,0,9,-13.803408,32.901011
1,1,1,1,1,1,1,1,1,1,1,1,1,1,2016,20801436,28.53125,3.875,12.25,1,5,-14.344464,34.009088
1,1,1,1,1,1,1,1,1,1,0,0,1,1,2016,20801438,34.5625,3.75,13.6875,1,10,-14.347362,34.137668
1,1,1,1,1,1,1,0,1,1,1,1,1,1,2016,20802440,41.8125,3.875,6.25,1,6,-14.31495,33.981149
1,1,1,1,1,1,1,0,1,1,1,1,1,1,2016,20803442,37.03125,4.375,11.3125,1,12,-14.147413,34.072092
1,1,1,1,1,1,1,0,1,1,1,1,1,1,2016,20803444,39.6875,4.4375,7.875,1,7,-14.299366,34.095169
1,1,1,0,1,1,1,0,1,1,1,1,1,1,2016,20803446,31.1875,4,7.6875,1,9,-14.166801,34.19226
1,1,1,1,1,1,1,0,1,1,1,1,1,1,2016,20804448,29.125,3.6875,9.125,1,5,-14.055466,34.244042
1,1,1,1,1,1,1,0,1,1,1,1,1,1,2016,20805450,33.75,3.875,6.5625,1,10,-14.095697,34.168091
0,1,1,0,1,1,1,0,1,1,1,1,1,1,2016,20806452,43.375,4.625,7.125,1,6,-14.298119,34.261228
1,1,1,1,1,1,1,1,1,1,1,1,1,1,2016,20807454,33.5625,4.0625,15.1875,1,12,-14.263875,34.51864
1,0,1,0,0,0,0,0,1,1,1,0,1,1,2016,20807456,38.4375,4.375,7.875,1,7,-14.230789,34.513181
1,0,1,0,1,0,0,0,1,1,0,0,1,1,2016,20820458,42.1875,4.5625,4.5,0,9,-14.386206,34.308217
1,1,1,1,1,1,1,0,1,1,1,0,1,1,2016,20901459,33.4375,4.125,9.75,1,9,-14.983696,34.743399
1,1,1,1,1,1,1,1,1,1,1,1,1,1,2016,20901461,30,4.133333333,10.53333333,1,4,-15.187795,34.828257
1,1,1,0,1,1,1,0,1,1,1,1,1,1,2016,20902463,37.59375,4,8.4375,1,10,-15.049572,34.64151
0,0,1,0,0,0,0,0,1,0,1,1,0,0,2016,20903465,52.40625,5.25,4.75,1,6,-14.780085,34.657889
1,1,1,1,0,0,0,1,1,1,1,0,1,1,2016,20904467,37.46875,4.25,11.25,1,11,-14.810918,34.85051
0,1,1,1,1,1,1,0,1,1,1,1,1,1,2016,20904469,42.09375,5,6.25,1,6.25,-14.863205,34.934255
0,1,1,0,1,1,1,0,1,1,1,0,1,1,2016,20905471,38.59375,4.375,8.875,1,9,-14.885393,34.740982
1,1,1,1,1,1,1,0,1,1,1,1,1,1,2016,20906473,36.15625,4.625,8.4375,1,4,-14.718437,34.69204
1,1,1,1,1,1,1,1,1,1,1,1,1,1,2016,20907475,29.1875,3.5,13.9375,1,10,-14.544524,34.533248
0,1,1,1,1,1,1,0,1,1,1,1,1,1,2016,20908477,38.15625,4.5625,7.75,1,6,-14.531922,34.702913
0,1,1,1,1,1,1,1,1,1,1,1,1,1,2016,20908479,38.46666667,4.2,12.46666667,1,12,-14.677658,34.700061
0,1,1,0,1,1,1,1,1,1,1,1,1,1,2016,20908481,39.4375,4.4375,6.5,1,7,-14.671041,34.774422
0,0,1,0,0,0,0,0,1,0,0,0,0,0,2016,21036483,80.09375,5.6875,0.6875,0,9,-13.956563,33.771997
0,0,1,0,0,0,0,0,1,0,1,1,0,0,2016,21037485,68.84375,5.6875,2.125,0,4,-14.005029,33.794591
0,0,1,1,0,0,0,0,1,0,0,1,0,0,2016,21038487,65.15625,5.4375,3.8125,0,10,-14.012397,33.802123
0,0,1,0,0,0,0,0,1,0,0,0,0,0,2016,21051489,64.125,5.5,3.875,0,5,-13.983474,33.798561
0,0,1,0,0,0,0,0,1,0,0,0,0,0,2016,21051491,63.0625,5.5,6.0625,0,11,-13.981202,33.811192
0,0,1,0,0,0,0,0,1,0,1,1,0,0,2016,21053493,68.84375,5.3125,2.4375,0,6,-14.018558,33.809094
0,0,1,0,0,0,0,0,1,1,1,0,0,0,2016,21053495,61.09375,5.0625,5.8125,0,9,-14.022649,33.81761
0,0,1,0,0,0,0,1,1,0,0,0,0,0,2016,21055497,60,5,8.25,0,5,-13.899852,33.794876
0,1,1,0,1,0,0,0,1,0,0,0,0,0,2016,21055499,57.25,5,5.5,0,10,-13.887295,33.74622
0,0,1,0,0,0,0,0,1,0,1,1,0,0,2016,21066501,61.625,5.3125,3.375,0,6,-14.001754,33.785388
0,1,1,1,1,1,1,1,1,1,1,1,1,1,2016,21068503,46.90625,4.8125,12.125,0,11,-14.046295,33.798679
0,0,1,0,0,0,0,0,1,0,1,1,0,0,2016,21076505,85.125,5.875,0.0625,0,6,-14.023146,33.749996
0,0,1,0,0,0,0,0,1,0,0,0,0,0,2016,21080507,63.03125,5.0625,3.75,0,9,-13.920552,33.765325
0,0,1,0,0,0,0,0,1,0,0,0,0,0,2016,21081509,60.5625,5.0625,6.25,0,5,-13.900288,33.77319
0,1,1,0,1,1,1,1,1,0,1,1,0,1,2016,21085511,49.84375,4.6875,10.5,0,10,-13.825714,33.777982
0,0,1,0,0,0,0,0,1,0,0,0,0,0,2016,21086513,57.46875,4.6875,8.9375,0,5.75,-13.959151,33.741979
0,0,1,0,0,0,0,0,1,0,0,1,0,0,2016,21087515,73.625,5.6875,4.625,0,12,-14.007835,33.70938
0,0,1,0,0,0,0,0,1,0,0,1,0,0,2016,21088517,57.34375,5,6.6875,0,7,-14.029786,33.712149
1,1,1,1,1,1,1,1,1,1,1,1,1,1,2016,30101520,35.875,3.625,13.1875,1,5,-14.47413,35.197807
0,0,1,1,1,1,1,1,1,1,1,1,1,1,2016,30102522,41.96875,4.8125,11.3125,1,10,-14.662478,35.026911
1,1,1,1,1,1,1,1,1,1,1,1,1,1,2016,30102524,33.375,3.4375,12.625,1,6,-14.755818,35.232287
0,1,1,1,1,1,1,1,1,1,1,1,1,1,2016,30103526,42.125,4.875,12.6875,1,12,-14.219633,35.025718
0,0,1,0,0,0,0,0,1,1,1,0,0,0,2016,30103528,49.8125,4.5625,4.3125,1,6.4375,-14.082816,34.905699
0,1,1,1,1,1,1,1,1,1,1,1,1,1,2016,30104530,38.03125,3.9375,12.625,1,9,-14.41125,35.595181
1,1,1,1,1,1,1,1,1,1,1,1,1,1,2016,30105532,38.06666667,4.266666667,9.666666667,1,5,-14.575176,35.55658
0,1,1,1,1,1,1,1,1,1,1,1,1,1,2016,30106534,40,4.25,15,1,9.4375,-14.503987,35.326367
1,1,1,1,1,1,1,0,1,1,1,1,1,1,2016,30106536,33.53125,3.625,9.125,1,5.5,-14.698152,35.455542
0,1,1,0,1,1,1,0,1,1,1,1,1,1,2016,30108538,44.25,3.5,9.125,1,12,-13.597231,34.861869
0,1,1,0,1,1,1,1,1,1,1,1,1,1,2016,30109540,44,3.8125,12.6875,1,6,-14.074178,35.196788
0,0,1,0,0,0,0,0,1,1,1,1,0,0,2016,30120541,50.5625,4.625,6.125,0,9,-14.465717,35.229392
1,1,1,1,1,1,1,1,1,1,1,1,1,1,2016,30201544,36.84375,4.6875,16.4375,1,4,-14.846169,35.50009
0,0,1,0,0,1,1,1,1,1,1,1,1,1,2016,30201546,39.71875,4.625,21.75,1,9,-14.986768,35.462909
1,1,1,0,0,0,1,1,1,1,1,1,1,1,2016,30202548,34.03125,3.875,15.5625,1,6,-15.22401,35.203621
0,1,1,1,1,1,1,1,1,1,1,1,1,1,2016,30203550,46.1875,4.625,22.0625,1,10.625,-14.835844,35.565399
1,0,1,1,1,1,1,1,1,1,1,1,1,1,2016,30203552,36.25,4.0625,25.1875,1,6,-14.965719,35.616284
1,1,1,1,1,1,1,1,1,1,1,1,1,1,2016,30203554,27.90625,3.4375,20.0625,1,8.5,-14.924294,35.85383
0,1,1,1,1,1,1,1,1,1,1,1,1,1,2016,30205556,40.4375,4.5,13.9375,1,4,-15.204413,35.502387
0,1,1,1,1,1,1,1,1,1,1,1,1,1,2016,30206558,40.6875,4.25,20.8125,1,9,-15.12574,35.513325
1,1,1,1,1,1,1,1,1,1,1,1,1,1,2016,30207560,32.40625,3.9375,14.0625,1,5.25,-14.863595,35.680037
0,1,1,1,1,1,1,1,1,1,1,1,1,1,2016,30208562,41.625,4.875,24.1875,1,11,-14.717821,35.800871
1,1,1,1,1,1,1,1,1,1,1,1,1,1,2016,30212564,33.125,3.9375,20.375,1,6,-14.60574,35.734273
0,0,1,1,0,0,0,1,1,1,1,1,0,1,2016,30222566,41.03125,4.375,16.25,0,9,-15.042153,35.22694
1,0,1,1,1,1,1,1,1,1,1,1,1,1,2016,30301567,38.46666667,4.133333333,17.66666667,1,9,-15.268513,35.49244
0,1,1,1,0,1,1,1,1,1,1,1,1,1,2016,30301569,56.90625,4.9375,12.1875,1,5,-15.389976,35.363563
0,0,1,0,0,0,0,1,1,0,1,1,1,1,2016,30302571,47.4375,4.875,17.8125,1,10,-15.420275,35.394941
0,0,1,0,0,1,1,1,1,1,1,1,1,1,2016,30302573,46.59375,4.4375,16.0625,1,5,-15.465583,35.635228
0,1,1,1,1,1,1,1,1,1,1,1,1,1,2016,30304575,40.84375,4.375,14.625,1,12,-15.442607,35.295281
0,1,1,0,1,1,1,1,1,1,1,1,1,1,2016,30304577,44.03125,4.3125,15.25,1,7,-15.583395,35.424766
1,0,1,0,1,1,1,1,1,1,1,1,1,1,2016,30305579,32.1875,4.1875,24.9375,1,9,-15.572013,35.303079
0,1,1,1,1,1,1,1,1,1,1,1,1,1,2016,30305581,37.875,4.5,13.3125,1,5,-15.621626,35.443322
0,0,1,1,0,0,0,1,1,1,1,1,1,1,2016,30306583,44.15625,4.875,21.4375,1,10,-15.253792,35.256139
0,1,1,1,1,1,1,1,1,1,1,1,1,1,2016,30306585,38.75,4.375,17,1,5.4375,-15.388404,35.198928
0,1,1,0,1,1,1,1,1,1,1,0,1,1,2016,30306587,46,4.9375,22.5625,1,12,-15.471926,35.227714
0,0,1,1,1,1,1,1,1,1,1,1,1,1,2016,30307589,42.65625,4.125,15.25,1,7,-15.241005,35.404114
1,0,1,1,0,0,0,0,1,1,1,0,1,0,2016,30401592,43.5,4.625,5.25,1,4,-15.705208,35.151067
1,1,1,1,1,1,1,0,1,1,1,1,1,1,2016,30401594,35.71875,3.875,8.375,1,9.6875,-15.766709,35.22348
1,1,1,0,1,1,1,0,1,1,1,1,1,1,2016,30402596,38.21875,4.1875,9.75,1,5.375,-15.795731,35.125619
0,1,1,0,0,0,1,0,1,1,1,1,1,1,2016,30402598,50.96875,4.6875,4.8125,1,11,-15.816606,35.19103
1,0,1,1,0,0,0,0,1,1,1,1,1,1,2016,30403600,42.1875,4.0625,4.25,1,7,-15.671589,35.200021
1,1,1,1,1,1,1,0,1,1,1,1,1,1,2016,30403602,31.78125,3.375,10.3125,1,8.1875,-15.753062,35.287326
1,1,1,1,1,1,1,0,1,1,1,1,1,1,2016,30403604,37.59375,4.125,5.625,1,4,-15.851081,35.249045
1,1,1,1,1,1,1,0,1,1,1,1,1,1,2016,30403606,36.9375,3.8125,7.625,1,9,-15.849466,35.286663
1,1,1,1,1,1,1,1,1,1,1,1,1,1,2016,30404608,35.125,3.9375,10.25,1,6.0625,-15.944962,35.298889
1,1,1,0,1,1,1,1,1,1,1,1,1,1,2016,30405610,42.76666667,4.466666667,11.93333333,1,11.46666667,-15.640068,35.137996
0,0,1,0,0,0,1,0,1,1,1,1,1,1,2016,30406612,42.125,4.0625,5.875,1,7,-15.615004,35.226737
1,0,1,1,0,1,0,0,1,1,1,1,1,1,2016,30420614,38.90625,4.4375,7.9375,0,9,-15.705021,35.183601
1,1,1,1,1,1,1,0,1,1,1,1,1,1,2016,30501615,37.59375,4.0625,11,1,9,-15.558742,35.010733
0,0,1,0,0,0,0,0,1,1,1,1,0,0,2016,30501617,47.75,4.75,5.375,1,5,-15.621164,35.013099
0,0,1,0,0,0,0,0,1,1,1,1,0,0,2016,30501619,54.21875,4.75,0.9375,1,10,-15.619836,35.052294
1,1,1,1,1,1,1,1,1,1,1,1,1,1,2016,30502621,36.15625,4,10.1875,1,6,-15.575781,35.068538
0,0,1,1,0,0,0,0,1,1,1,1,0,0,2016,30503623,55.3125,5.25,7.125,1,10,-15.452825,34.947099
0,0,1,1,0,0,0,1,1,1,1,1,1,1,2016,30504625,39.5,4.5,10,1,7,-15.702464,34.889266
0,0,1,0,0,0,1,0,1,1,1,1,1,1,2016,30505627,40.8125,4.8125,6.5625,1,9,-15.569237,35.083289
0,1,1,1,1,1,1,0,1,1,1,1,1,1,2016,30506629,39.38461538,4.230769231,7,1,5,-15.664213,34.934739
0,1,1,1,1,1,1,1,1,1,1,1,1,1,2016,30506631,42.34375,4.4375,13.5,1,10,-15.775837,34.910253
0,0,1,0,0,0,0,1,1,1,1,1,1,1,2016,30507633,46,4.5625,11.1875,1,6,-15.681641,35.073323
0,0,1,0,0,0,0,0,1,1,1,1,1,1,2016,30508635,54.71875,5,5.75,1,11,-15.834733,34.977652
0,1,1,1,0,1,1,1,1,1,1,1,1,1,2016,30508637,41.36666667,4.066666667,6.933333333,1,7,-15.909287,34.939594
0,1,1,1,1,1,1,1,1,1,1,1,1,1,2016,30601639,38.3125,4,10.25,1,5,-15.455463,34.486459
0,1,1,1,1,1,1,0,1,1,1,1,1,1,2016,30601641,44.09375,4.625,8.0625,1,10,-15.50056,34.501325
0,1,1,1,1,1,1,1,1,1,1,1,1,1,2016,30601643,42.75,4.5625,10.375,1,6,-15.596914,34.520456
0,0,1,1,0,0,1,1,1,1,1,1,1,1,2016,30601645,49.90625,5.125,12.4375,1,12,-15.656258,34.568301
0,1,1,1,0,1,1,1,1,1,1,1,1,1,2016,30601647,44.21875,4.3125,10.25,1,6,-15.726054,34.517129
1,1,1,1,1,1,1,0,1,1,1,1,1,1,2016,30602649,38.3125,4.375,8.0625,1,9,-15.451516,34.464556
0,0,1,0,0,0,0,0,1,1,1,1,1,1,2016,30602651,54.59375,4.75,2.8125,1,5,-15.535664,34.4567
0,1,1,1,1,1,1,1,1,1,1,1,1,1,2016,30602653,40.3125,4.4375,11.0625,1,10,-15.598949,34.517429
0,1,1,0,1,1,1,0,1,1,1,1,1,1,2016,30602655,36.29166667,4.083333333,2.5,1,5,-15.713111,34.449287
0,0,1,0,0,0,0,0,1,1,1,1,1,1,2016,30602657,44.25,4.9375,6.3125,1,12,-15.760952,34.421717
0,1,1,1,1,1,1,1,1,1,1,1,1,1,2016,30602659,44.96875,4.5625,7.4375,1,6,-15.69187,34.394455
0,0,1,0,0,0,0,0,1,1,1,1,0,0,2016,30620661,63.5,5.25,1.25,0,9,-15.596167,34.510841
1,1,1,1,0,1,1,1,1,1,1,1,1,1,2016,30701663,35.0625,4.4375,17.25,1,9,-16.307387,35.278111
1,1,1,1,1,1,1,1,1,1,1,1,1,1,2016,30703665,32.5625,3.375,14.9375,1,5,-16.196075,35.208329
1,1,1,1,1,1,1,1,1,1,1,1,1,1,2016,30704667,36.0625,4.1875,11.125,1,10,-16.237141,35.113096
1,0,1,1,1,1,0,0,1,1,1,1,1,1,2016,30705669,33.03125,3.6875,7.0625,1,5.3125,-16.097034,35.073377
1,1,1,1,1,1,1,1,1,1,1,1,1,1,2016,30706671,38.9375,4.5625,14.6875,1,10,-16.207909,35.15497
1,0,1,1,1,1,0,1,1,1,1,1,1,1,2016,30707673,28.375,3.3125,15.1875,1,6,-16.181382,35.219897
1,1,1,1,1,1,1,0,1,1,1,1,1,1,2016,30708675,38.75,4.0625,6.75,1,9,-16.108243,35.110525
0,0,1,0,0,0,0,0,1,1,1,1,1,1,2016,30709677,47.84375,4.625,4.125,1,5,-15.994161,35.075365
0,0,1,0,0,0,0,0,1,1,1,0,1,1,2016,30709679,55.59375,5.125,3.875,1,9,-16.007173,35.1575
0,0,1,0,0,0,0,1,1,1,1,1,1,1,2016,30710681,45.5625,4.1875,10.0625,1,6.625,-15.864042,35.171426
0,1,1,0,0,0,0,0,1,1,1,1,1,1,2016,30710683,48.15625,4.75,4.6875,1,10.25,-15.97529,35.029295
0,1,1,1,1,1,1,0,1,1,1,1,1,1,2016,30711685,38.625,4.25,10.58333333,1,7,-15.978893,34.978723
1,1,1,0,0,0,0,1,1,1,1,1,1,1,2016,30801688,41.09375,4.375,12.5,1,5,-16.028134,35.635929
0,0,1,0,1,0,1,0,1,1,1,1,1,1,2016,30801690,40.1875,4.25,9.5,1,9,-16.119842,35.561699
0,1,1,1,1,1,1,0,1,1,1,1,1,1,2016,30801692,36.03125,4,10.1875,1,5,-16.119289,35.381973
0,1,1,1,1,1,1,0,1,1,1,1,1,1,2016,30802694,40.90625,4.3125,5.25,1,10,-16.022744,35.811397
0,0,1,0,0,0,0,1,1,1,1,1,0,0,2016,30802696,50.15625,4.625,7.625,1,6,-16.044566,35.695152
0,0,1,0,0,0,0,0,1,1,1,1,0,0,2016,30803698,54.21875,4.75,4.6875,1,9,-16.020639,35.448207
1,1,1,1,1,1,1,1,1,1,1,1,1,1,2016,30804700,29.53125,3.5625,21.375,1,5,-15.965693,35.392825
0,0,1,0,1,1,1,0,1,1,1,1,1,1,2016,30805702,40.34375,4.25,9,1,9,-15.793053,35.483234
1,0,1,0,0,0,0,1,1,1,1,1,1,1,2016,30805704,33.0625,3.8125,15.5625,1,6,-15.938183,35.467495
1,1,1,1,1,1,1,1,1,1,1,1,1,1,2016,30806706,36.59375,4.375,13,1,12,-15.699825,35.486854
1,1,1,1,1,1,1,1,1,1,1,1,1,1,2016,30806708,39.0625,3.9375,9.5,1,6.6875,-15.790143,35.411892
0,0,1,0,0,0,0,0,1,1,1,1,0,0,2016,30820710,64.9375,4.6875,0.5625,0,9,-16.022487,35.513886
1,1,1,1,1,1,1,1,1,1,1,1,1,1,2016,30901711,33.4375,3.6875,14.5,1,9,-15.553168,35.64588
1,1,1,1,1,1,1,1,1,1,1,1,1,1,2016,30901713,30.34375,3.5625,14.1875,1,5,-15.57871,35.603459
0,0,1,0,0,1,1,1,1,1,1,1,1,1,2016,30901715,37.28125,4.25,10.4375,1,10,-15.65929,35.6434
1,1,1,1,1,1,1,1,1,1,1,1,1,1,2016,30901717,31.875,3.25,18.5,1,6,-15.684889,35.583213
0,0,1,0,1,1,1,0,1,1,1,1,1,1,2016,30901719,36.96875,4.5,9.5625,1,12,-15.726059,35.710228
1,0,1,1,1,1,1,1,1,1,1,1,1,1,2016,30901721,33.46153846,3.846153846,10.61538462,1,7,-15.766915,35.6721
1,1,1,1,1,1,1,0,1,1,1,1,1,1,2016,30901723,32.4375,3.6875,12,1,9,-15.73134,35.566626
1,0,1,0,0,1,1,1,1,1,1,1,1,1,2016,30901725,34.90625,4,12.5,1,5,-15.848325,35.567227
1,1,1,1,1,1,1,1,1,1,1,1,1,1,2016,30902727,36.625,3.9375,12.5625,1,10,-15.69251,35.796372
0,1,1,1,1,1,1,0,1,1,1,1,1,1,2016,30902729,46.46875,4.4375,11.1875,1,6,-15.836067,35.737044
0,1,1,1,1,1,1,1,1,1,1,1,1,1,2016,30902731,37.75,4.6875,9.9375,1,12,-15.752852,35.781488
1,1,1,1,1,1,1,1,1,1,1,1,1,1,2016,30903733,33.40625,3.625,13.1875,1,7,-15.545205,35.823627
1,1,1,1,1,1,1,1,1,1,1,1,1,1,2016,31001736,30.25,3.375,18.6875,1,4,-16.392512,34.890469
1,1,1,1,1,1,1,1,1,1,1,1,1,1,2016,31001738,34.875,4.3125,20.4375,1,10,-16.465764,34.828724
1,0,1,1,0,0,0,1,1,1,1,1,1,1,2016,31001740,30.84375,3.9375,14.9375,1,6,-16.489865,34.827208
1,1,1,1,1,1,1,1,1,1,1,1,1,1,2016,31001742,28.5625,4.125,24.5,1,10,-16.541381,34.933292
0,0,1,0,0,0,0,0,1,1,1,1,0,0,2016,31002744,51.34375,5.1875,6.625,1,6.1875,-16.26714,34.845016
1,1,1,0,1,0,0,1,1,1,1,1,1,1,2016,31003746,34.65625,4.25,13.125,1,9,-15.830196,34.411347
1,1,1,1,1,1,1,1,1,1,1,1,1,1,2016,31003748,36.96875,4.125,13.5,1,4,-16.081528,34.529636
0,1,1,1,1,1,1,1,1,1,1,1,1,1,2016,31004750,37.65625,4.625,15.375,1,10,-16.04697,34.910217
1,0,1,1,0,1,1,1,1,1,1,1,1,1,2016,31005752,26.1875,3.375,22.25,1,5,-16.028061,34.805825
0,1,1,1,1,1,1,0,1,1,1,1,1,1,2016,31006754,49.875,4.8125,6.8125,1,11,-16.030033,34.802835
1,1,1,1,1,1,1,1,1,1,1,1,1,1,2016,31007756,39.46875,4.625,14.0625,1,6,-16.215058,34.976689
0,0,1,0,0,1,0,0,1,1,1,1,1,1,2016,31020758,45.15625,5,10,0,9,-16.006285,34.799761
1,1,1,1,1,1,1,1,1,1,1,1,1,1,2016,31101759,33.71875,3.75,21.6875,1,5,-17.09515,35.217213
0,1,1,1,1,1,1,1,1,1,1,1,1,1,2016,31102761,34.25,4.5,20.125,1,10,-16.977243,35.205706
1,1,1,1,1,0,0,1,1,1,1,1,1,1,2016,31104762,31.65625,3.75,17.5,1,6,-16.349154,35.128115
0,1,1,1,0,0,0,1,1,1,1,1,0,1,2016,31104765,44.3125,4.75,10.6875,1,12,-16.386542,35.141033
1,1,1,1,1,1,1,1,1,1,1,1,1,1,2016,31104767,30.34375,3.75,23.3125,1,6.375,-16.472382,35.132391
1,0,1,1,0,0,0,1,1,1,1,1,1,1,2016,31105769,35.15625,3.9375,17.625,1,9,-16.737738,35.242437
1,1,1,1,0,1,1,1,1,1,1,1,1,1,2016,31105771,29.9375,3.625,20.4375,1,5,-16.826165,35.269503
0,1,1,1,0,0,0,1,1,1,1,1,1,1,2016,31106773,36.625,4.625,14.75,1,10,-16.5564,35.033896
1,0,1,1,0,0,0,1,1,1,1,1,1,1,2016,31106775,35.46875,3.875,17.5625,1,6,-16.579039,35.102457
0,1,1,1,1,1,1,1,1,1,1,1,1,1,2016,31107777,33.78125,4.25,13.4375,1,12,-16.954723,35.215598
0,1,1,1,1,1,1,1,1,1,1,1,1,1,2016,31109779,42.21875,4.625,17,1,7,-17.016698,35.079629
0,0,1,1,0,0,0,0,1,1,1,1,0,0,2016,31120781,49.25,5,5.625,0,9,-16.914725,35.265168
1,1,1,1,0,1,1,0,1,1,1,1,1,1,2016,31201783,34.46875,4.5625,10.1875,1,5,-14.914055,34.931088
0,0,1,1,1,1,1,1,1,1,1,1,1,1,2016,31201785,44.875,4.75,18.75,1,10,-14.992631,34.928059
1,1,1,1,0,1,1,0,1,1,1,1,1,1,2016,31201787,32.46875,4.25,12.625,1,6,-15.061635,35.098917
0,1,1,1,1,1,1,1,1,1,1,1,1,1,2016,31201789,43.59375,4.6875,14.875,1,12,-15.101544,35.145211
1,1,1,1,0,1,1,1,1,1,1,1,1,1,2016,31201791,37.09375,4.5,19.9375,1,7,-15.173661,35.031449
1,1,1,1,0,1,1,1,1,1,1,1,1,1,2016,31201793,36.625,4.0625,16.6875,1,9,-15.238564,34.984646
1,0,1,1,0,0,0,0,1,1,1,1,1,1,2016,31201795,33.25,4.25,8.9375,1,5,-15.226151,34.905952
0,1,1,1,1,1,1,1,1,1,1,1,1,1,2016,31204797,44.5625,4.8125,13.3125,1,10,-14.869095,35.227445
0,0,1,0,0,0,0,0,1,1,1,1,1,1,2016,31204799,42.25,4.25,10.25,1,6,-14.903672,35.085979
0,1,1,1,1,1,1,1,1,1,1,1,1,1,2016,31204803,40.8125,4.0625,9.875,1,7,-14.948131,35.214956
0,0,1,1,0,0,0,0,1,1,1,0,0,0,2016,31220805,52.125,4.6875,7.6875,0,9,-14.976762,34.943929
0,1,1,0,1,1,1,0,1,1,1,1,1,1,2016,31301807,48.8125,4,4.5,1,8.1875,-15.215737,34.602905
1,1,1,1,1,1,1,0,1,1,1,1,1,1,2016,31301809,42.0625,4.125,4.6875,1,4,-15.397163,34.544338
0,1,1,0,1,1,1,0,1,1,1,1,1,1,2016,31301811,41.6875,4.625,7.875,1,9,-15.463536,34.608811
0,1,1,0,1,1,1,0,1,1,1,1,1,1,2016,31302813,43.66666667,4.583333333,10.75,1,5.25,-15.465189,34.607883
0,1,1,1,0,1,1,0,1,1,1,1,1,1,2016,31302815,50.53125,4.9375,5.3125,1,10,-15.548224,34.626974
0,0,1,1,0,0,0,1,1,1,1,1,1,1,2016,31302817,45.63333333,4.733333333,12.6,1,6,-15.663807,34.621782
1,1,1,1,1,1,1,1,1,1,1,1,1,1,2016,31303819,40.625,4.3125,15.125,1,9,-15.347351,34.925195
0,1,1,1,1,0,0,0,1,1,1,1,1,1,2016,31303821,39.625,4.0625,9.5,1,4,-15.349341,34.850334
0,0,1,0,0,0,0,0,1,1,1,0,1,1,2016,31303823,57.65625,4.75,8,1,9.0625,-15.427582,34.825967
0,0,1,0,0,0,0,0,1,1,1,1,1,1,2016,31303825,51.54166667,4.916666667,7.666666667,1,6,-15.481217,34.800231
0,1,1,0,1,1,1,0,1,1,1,1,1,1,2016,31306827,47.34375,4.875,10.375,1,12,-15.282556,34.70229
0,1,1,0,1,1,1,0,1,1,1,1,1,1,2016,31306829,48.625,4.9375,4.6875,1,6,-15.364113,34.670693
0,0,1,0,0,0,0,1,1,1,0,1,0,0,2016,31431831,70.375,5.5625,5.875,0,9,-15.403134,35.314459
0,0,1,0,0,0,0,0,1,1,1,1,1,1,2016,31432833,50.3125,5.3125,8.625,0,5,-15.37754,35.306335
0,0,1,1,0,0,0,0,1,1,0,1,0,0,2016,31434835,73.84375,5.4375,5.5625,0,9.75,-15.363697,35.333184
0,0,1,0,0,0,0,1,1,0,1,0,0,0,2016,31435837,53.33333333,5,10.66666667,0,6,-15.383488,35.354055
0,0,1,0,0,0,0,1,1,0,1,1,0,0,2016,31435839,73.6875,5.5,10,0,10,-15.374401,35.365113
0,0,1,0,0,0,0,1,1,0,1,0,1,0,2016,31436841,48.34375,4.5625,17.0625,0,6.6875,-15.399591,35.352221
0,0,1,0,0,0,0,1,1,0,0,0,0,0,2016,31438843,57.03125,4.875,9.1875,0,8.3125,-15.389475,35.35048
0,0,1,1,0,0,0,1,1,1,0,0,0,0,2016,31438845,66,5.25,9.5625,0,4,-15.429797,35.306298
0,0,1,1,0,0,0,0,1,1,1,0,0,0,2016,31440847,81.23333333,5.2,2.866666667,0,10,-15.388281,35.3203
0,0,1,0,0,0,0,0,1,0,1,0,0,0,2016,31441849,64.59375,5.3125,4.5625,0,6,-15.407636,35.318259
0,0,1,0,0,0,0,0,1,1,1,1,0,0,2016,31442851,79.15625,5.75,2.125,0,11,-15.411713,35.321174
0,0,1,0,0,0,0,0,1,0,1,0,0,0,2016,31443853,70.0625,5.1875,5.875,0,6,-15.411171,35.327691
0,0,1,0,0,0,0,0,1,1,1,1,0,0,2016,31531855,56.625,5,4.25,0,9,-15.703406,35.005569
0,0,1,1,0,0,0,0,1,1,1,1,0,0,2016,31532857,57.03125,4.9375,5.0625,0,4,-15.718961,35.070469
0,0,1,0,0,0,0,0,1,1,1,0,0,0,2016,31534859,61.96875,5.125,5.75,0,10,-15.752515,35.072778
0,0,1,0,0,0,0,0,1,1,1,1,0,0,2016,31535861,63.65625,5.25,4,0,6,-15.767536,35.035977
0,0,1,0,0,0,0,0,1,1,1,0,0,0,2016,31536863,64.125,5.0625,3.9375,0,11,-15.773656,35.045773
0,0,1,0,0,0,0,0,1,1,1,1,0,0,2016,31539865,48.5,4.6875,5.75,0,6,-15.749596,35.018954
0,0,1,0,0,0,0,0,1,1,1,0,0,0,2016,31540867,57.03125,4.75,3.0625,0,9,-15.762883,34.974998
0,0,1,0,0,0,0,0,1,1,1,0,0,0,2016,31544869,73.9375,5.625,0,0,4.5,-15.798508,35.05054
0,0,1,0,0,0,0,0,1,1,1,0,0,0,2016,31547871,58.3125,4.625,2.3125,0,9.5,-15.84872,35.073285
0,0,1,0,0,0,0,0,1,1,1,1,0,0,2016,31548873,57.78125,5.375,2.375,0,5,-15.853133,35.080689
0,0,1,0,0,0,0,0,1,1,1,0,0,0,2016,31552875,61,5.0625,2.75,0,10,-15.821831,35.007932
0,0,1,0,0,0,0,0,1,1,1,1,0,0,2016,31554877,53.875,4.75,5.5625,0,6,-15.852817,35.043412
1,1,1,1,1,1,1,1,1,1,1,1,1,1,2017,10101101,35.375,3.875,10.125,1,2,-9.550397,33.291558
0,1,1,1,1,1,1,0,1,1,1,0,1,1,2017,10101103,38.09375,4.1875,8.0625,1,4,-9.667378,33.41101
1,1,1,1,1,1,1,1,1,1,1,1,1,1,2017,10101105,35.25,3.875,11.8125,1,2,-9.693834,33.384991
0,1,1,1,1,1,1,0,1,1,1,1,1,1,2017,10101107,38.96875,3.9375,9,1,4,-9.821687,33.400393
0,1,1,1,1,1,1,0,1,1,1,1,1,1,2017,10102109,39.46875,4.25,6.0625,1,3,-9.678125,33.40707
0,1,1,1,1,1,1,0,1,1,1,0,1,1,2017,10102111,41.0625,4.25,7.875,1,4,-9.686698,33.490198
1,1,1,1,1,1,1,1,1,1,1,1,1,1,2017,10103113,34.4375,3.8125,11.9375,1,2,-10.002974,33.478651
0,1,1,1,1,1,1,1,1,0,0,0,0,1,2017,10103115,42.65625,4.25,9.4375,1,4,-10.20714,33.537028
1,1,1,1,1,1,1,1,1,1,1,1,1,1,2017,10104117,28.5625,3.0625,12.375,1,2,-10.32619,33.717783
0,1,1,1,1,1,1,0,1,1,1,1,1,1,2017,10105119,41.84375,4.3125,7.125,1,4,-9.429667,33.022118
0,1,1,1,1,1,1,0,1,1,1,1,1,1,2017,10105121,40.34375,4.125,6.4375,1,3,-9.591378,33.05745
0,1,1,1,0,1,0,0,1,0,1,1,0,0,2017,10120123,42.40625,4.25,4.8125,0,4,-9.70895,33.263961
1,1,1,1,1,1,1,1,1,1,1,1,1,1,2017,10201124,39.875,3.625,12.5625,1,1.5,-9.715316,33.886667
0,1,1,1,1,1,1,1,1,1,1,1,1,1,2017,10201126,36.59375,4,9.5625,1,4,-9.757697,33.85199
0,1,1,1,0,1,1,1,1,1,1,1,1,1,2017,10201128,41.34375,4.0625,10.6875,1,2,-9.792642,33.881055
0,1,1,1,1,1,1,0,1,1,1,0,1,1,2017,10202130,42.21875,4.5,5.5,1,4,-9.651637,33.813854
0,1,1,1,1,1,1,1,1,1,1,1,1,1,2017,10203132,41,3.8125,11,1,2.5,-9.904199,33.900847
1,1,1,1,1,1,1,1,1,1,1,1,1,1,2017,10203134,34.6875,3.9375,12.5,1,3.4375,-9.996945,33.836118
0,1,1,1,0,0,0,1,1,1,1,1,1,1,2017,10203136,41.46875,3.875,10.125,1,1,-10.071092,33.996649
1,1,1,1,1,1,1,1,1,1,1,1,1,1,2017,10204138,30.5625,3.4375,11.625,1,4,-10.403841,34.138224
0,1,1,1,0,1,1,0,1,1,1,1,1,1,2017,10204140,43.8125,3.6875,6.9375,1,2,-10.523532,34.197454
1,1,1,1,1,1,1,1,1,1,1,1,1,1,2017,10205142,32.3125,3.6875,13.25,1,4,-10.282045,34.059226
1,1,1,1,1,1,1,1,1,1,1,1,1,1,2017,10205144,35.59375,3.9375,13.25,1,3,-10.399822,34.10239
0,1,1,1,1,1,1,0,1,1,1,1,1,1,2017,10220146,37.9375,3.875,8.75,0,3,-9.919753,33.91935
1,1,1,1,1,1,1,0,1,1,1,1,1,1,2017,10301149,35.46875,4.3125,8.4375,1,1,-11.671303,34.026398
0,1,1,1,1,1,1,0,1,1,1,1,1,1,2017,10301151,38.59375,3.9375,7.875,1,4,-11.766983,34.05228
0,1,1,1,1,1,1,0,1,1,1,1,1,1,2017,10302153,41.9375,3.75,10.1875,1,2.25,-12.023432,33.985497
0,1,1,1,0,1,1,0,1,1,1,1,1,0,2017,10303154,54.6875,4.625,3.6875,1,1,-11.869863,34.132379
1,1,1,1,1,1,1,0,1,1,1,1,1,1,2017,10304155,36.875,4.375,6.6875,1,4,-11.77845,34.182041
0,1,1,1,1,1,1,0,1,1,1,1,1,1,2017,10305157,42.5625,3.75,9.625,1,3,-12.068157,34.049511
0,1,1,1,1,1,1,1,1,0,0,1,1,0,2017,10306159,45.84375,4.0625,12.25,1,3,-11.687144,34.31454
0,1,1,1,0,1,1,0,1,1,1,1,1,0,2017,10307161,44.65625,5,8.8125,1,1,-11.759265,34.213486
0,1,1,1,0,1,1,1,1,1,1,1,1,0,2017,10309163,37.8125,3.375,13.125,1,4,-11.158936,34.192383
0,1,1,1,1,1,1,1,1,1,1,1,1,1,2017,10310165,46.25,4.1875,13.6875,1,2,-11.375006,34.077967
0,0,1,1,0,0,0,0,1,1,1,1,0,0,2017,10312167,37.375,3.9375,10.125,1,4,-11.506254,34.149293
0,1,1,1,1,1,1,0,1,0,0,1,1,0,2017,10312169,42.75,4.0625,6,1,3,-11.632151,34.235546
0,0,1,1,0,0,0,0,1,0,0,0,0,0,2017,10320171,50.21875,4.375,4.75,0,3,-11.614042,34.284334
0,1,1,1,1,1,1,1,1,1,1,1,1,1,2017,10401172,40.71875,4.125,11.6875,1,1,-10.903221,33.632296
0,1,1,1,1,1,1,0,1,1,1,1,1,1,2017,10401174,36.84375,3.9375,8.0625,1,4,-10.961302,33.649999
0,1,1,1,1,1,1,1,1,1,1,1,1,1,2017,10401176,39.71875,4,12.4375,1,3,-10.977621,33.65402
1,1,1,1,1,1,1,0,1,1,1,1,1,1,2017,10401178,38.25,4,10.6875,1,4,-10.998117,33.830001
0,1,1,1,1,0,1,1,1,1,1,1,1,1,2017,10401180,37.21875,3.75,11.25,1,3,-10.94494,33.766007
0,1,1,1,1,1,1,0,1,1,1,1,1,1,2017,10403182,44.6875,4.1875,12.5625,1,3,-10.810424,34.032693
0,1,1,1,0,1,1,0,1,1,1,1,1,1,2017,10404184,41.84375,4,5.5625,1,1,-10.620806,34.109264
0,1,1,1,1,1,1,0,1,1,1,0,0,0,2017,10404186,42.6875,4.9375,2.75,1,4,-10.716909,34.043547
0,1,1,1,0,1,1,1,1,1,1,1,0,0,2017,10407188,45.71875,4.5,9.6875,1,3,-10.882429,34.050458
1,1,1,1,1,1,1,0,1,1,1,1,1,1,2017,10407190,35.28125,4.25,9.9375,1,4.3125,-10.959156,34.010848
0,1,1,1,1,1,1,0,1,1,1,1,1,0,2017,10408192,45.84375,4.3125,8.9375,1,3,-10.852595,33.531056
0,1,1,1,0,0,0,0,1,1,1,1,0,1,2017,10420194,43.625,4,10.0625,0,3,-11.025932,33.845638
1,1,1,1,1,0,0,1,1,1,1,0,0,0,2017,10501196,40.6875,3.9375,14.125,1,3,-11.843331,33.53769
0,1,1,1,1,1,1,1,1,1,1,0,1,1,2017,10501198,54.875,5.125,12.375,1,2,-12.024975,33.32538
0,1,1,1,0,1,1,0,1,1,1,1,1,1,2017,10502200,39.90625,4.3125,9.5625,1,4,-11.196191,33.965921
0,1,1,1,0,0,0,0,1,1,1,0,0,0,2017,10502202,59.15625,5,8.5625,1,2.0625,-11.330067,33.888153
0,1,1,1,1,1,1,0,1,1,0,0,0,0,2017,10503204,45.5,4.6875,9.5,1,4,-11.462884,33.866583
0,1,1,1,1,0,0,0,1,1,1,1,1,1,2017,10504207,52.125,4.625,7.875,1,2.125,-11.058599,33.933521
1,1,1,1,1,1,1,1,1,1,1,1,0,0,2017,10505208,40.65625,3.9375,12.8125,1,3,-11.499307,33.394599
1,1,1,1,1,1,1,1,1,1,1,1,1,1,2017,10505210,42.6875,4.4375,11.4375,1,2,-11.641962,33.431836
0,1,1,1,1,1,1,1,1,0,1,1,1,1,2017,10506212,47,4.5,13.875,1,4,-12.255721,33.575487
1,1,1,1,1,1,1,1,1,1,1,1,1,1,2017,10507214,40.13333333,3.933333333,16.73333333,1,3,-12.524268,33.670876
1,1,1,1,1,1,1,1,1,1,1,1,1,1,2017,10508216,37.5625,3.875,13.5625,1,4,-12.68101,33.80395
0,1,1,1,1,1,1,0,1,1,1,1,1,0,2017,10510218,46.53125,4.625,10.375,1,3,-12.164785,33.430374
0,0,1,1,0,0,0,0,1,1,1,1,1,0,2017,10601221,53.15625,3.75,5.125,1,4,-12.018345,34.620035
0,1,1,1,1,1,1,0,1,1,1,1,1,0,2017,10601222,50.125,3.125,9.75,1,2,-12.020478,34.623074
0,1,1,1,0,0,0,0,1,1,1,1,0,0,2017,10601224,63.125,4.5625,5.3125,1,4,-12.048123,34.726956
0,1,1,1,0,0,0,0,1,1,1,0,0,0,2017,10601225,59.90625,4,7.9375,1,2,-12.048716,34.735788
0,1,1,1,0,0,0,0,1,1,1,0,0,0,2017,10601227,58.96875,4,6.25,1,4,-12.095548,34.734085
0,1,1,1,0,0,0,0,1,1,1,1,1,1,2017,10601228,60.28125,3.8125,6.125,1,2,-12.026138,34.625649
0,0,1,1,0,0,0,0,1,1,1,0,0,0,2017,10732232,70.1875,5.4375,3.4375,0,3,-11.39583,33.986905
0,0,1,1,0,0,0,0,1,1,1,1,0,0,2017,10733234,62.71875,5.375,2.1875,0,1,-11.415627,34.018966
0,0,1,1,0,0,0,0,1,0,1,0,0,0,2017,10734236,63.53125,4.9375,7.9375,0,4,-11.439132,34.004179
0,0,1,1,0,0,0,0,1,1,1,1,0,0,2017,10734238,70.03125,5.5625,4.3125,0,1.125,-11.430612,34.025354
0,0,1,1,0,0,0,0,1,0,1,1,0,0,2017,10735240,66.4375,5.25,3.25,0,4,-11.454062,34.013881
0,0,1,1,0,0,0,0,1,1,1,0,0,0,2017,10736242,66.1875,5.125,4.25,0,2,-11.441438,33.997204
0,0,1,1,0,0,0,0,1,0,1,1,0,0,2017,10736244,65.5,5.3125,6.0625,0,3,-11.451314,34.008785
0,1,1,1,0,0,0,0,1,1,1,1,0,0,2017,10737246,74.8125,5.6875,1.1875,0,1.125,-11.459434,34.009584
0,0,1,1,0,0,0,0,1,1,1,1,0,0,2017,10739248,68.96875,5.4375,4.0625,0,4,-11.448798,34.022058
0,0,1,1,0,0,0,0,1,1,1,1,0,0,2017,10743250,69,5.3125,2.625,0,2.0625,-11.45481,34.03332
0,1,1,1,0,0,0,0,1,1,1,1,0,0,2017,10744251,67.5,6,14,0,1,-11.471044,34.014915
0,0,1,1,0,0,0,0,1,1,1,1,0,0,2017,10744252,62.53125,5.125,7.1875,0,4,-11.482671,34.030325
0,1,1,1,1,0,0,0,1,1,1,0,0,0,2017,10746254,60.8125,5,8.0625,0,3,-11.428555,33.985418
0,1,1,1,1,1,1,0,1,1,1,1,1,1,2017,20101256,38.28125,4.125,11.0625,1,1.75,-12.636775,33.502301
1,1,1,1,1,1,1,0,1,1,1,1,1,1,2017,20103258,37.3125,3.875,6.875,1,4,-12.690471,33.427711
1,1,1,1,1,1,1,1,1,0,1,1,1,1,2017,20105260,35.625,3.8125,13.25,1,2,-13.094518,33.478406
0,1,1,1,1,1,1,1,1,1,0,1,1,1,2017,20107262,37.4375,4.5625,9.125,1,3.5,-13.328711,33.1627
0,1,1,1,1,1,1,0,1,0,1,1,0,1,2017,20108264,38.75,3.8125,7,1,3,-13.230821,33.569775
1,1,1,1,1,1,1,0,1,1,1,1,1,1,2017,20110266,34.875,3.9375,3.8125,1,3,-12.553069,33.310314
1,1,1,1,1,1,1,0,1,1,1,1,1,1,2017,20110268,35.46875,3.75,8.6875,1,2,-12.864215,33.448411
0,1,1,1,1,1,1,0,1,1,1,1,1,1,2017,20111270,41.03125,4.125,6.375,1,4,-13.445443,33.262719
0,1,1,1,1,1,1,1,1,1,1,1,1,1,2017,20112272,36.15625,3.75,14.1875,1,2,-12.864382,33.65154
0,1,1,1,1,1,1,1,1,0,1,1,1,1,2017,20112274,35.0625,4.0625,12.8125,1,4,-13.02936,33.759258
0,1,1,1,1,1,1,0,1,1,1,1,1,1,2017,20113276,38.375,4,8.6875,1,3,-13.036576,33.838871
0,1,1,1,1,0,0,0,1,0,0,1,0,0,2017,20120278,56.53125,4.75,3.3125,0,3,-13.039493,33.484268
0,1,1,1,1,1,1,0,1,1,1,1,1,1,2017,20201280,39.71875,3.9375,7.3125,1,1,-12.480156,34.125547
0,1,1,1,0,0,0,0,1,1,1,1,0,1,2017,20201282,47.625,4.125,3.25,1,4,-12.547721,34.12495
0,1,1,1,1,1,1,0,1,1,1,1,1,1,2017,20201284,35.78125,3.75,8,1,3,-12.768201,34.200761
0,1,1,1,1,1,1,0,1,1,1,1,1,1,2017,20202286,42.65625,4.125,7.4375,1,4,-12.356494,34.016562
1,1,1,1,1,1,1,0,1,1,1,1,1,1,2017,20203288,34.78125,3.4375,3.875,1,2.8125,-12.903751,34.270026
0,1,1,1,1,1,1,0,1,1,1,1,1,1,2017,20203290,38.28125,3.6875,9.125,1,3,-13.045424,34.323395
0,1,1,1,1,1,1,0,1,1,1,1,1,1,2017,20204292,36.53125,3.5625,8.3125,1,1,-12.832109,34.249029
0,1,1,1,1,1,1,0,1,1,1,1,1,1,2017,20205294,46.78125,4.0625,9.625,1,4,-13.209255,34.326557
0,1,1,1,1,1,1,1,1,1,1,1,1,1,2017,20205296,33.5,3.3125,14.5,1,2,-13.272203,34.311688
0,1,1,1,1,1,1,0,1,1,1,1,1,1,2017,20205298,41.09375,3.875,7.875,1,4,-13.397418,34.265175
1,1,1,1,1,1,1,1,1,1,1,1,1,1,2017,20206300,31.09375,3.5,17.3125,1,3,-13.345048,34.124701
0,1,1,1,1,0,0,0,1,1,1,1,0,1,2017,20220302,43.0625,3.75,6.125,0,3,-12.961161,34.269784
1,1,1,1,1,1,1,0,1,1,1,1,1,1,2017,20301303,34.25,3.6875,9,1,3,-13.319855,34.074362
1,1,1,1,1,1,1,0,1,1,1,1,1,1,2017,20302305,30.3125,3.4375,11.4375,1,1.5,-13.423027,34.097944
1,1,1,1,1,1,1,1,1,1,1,1,1,1,2017,20303307,34.34375,4.5625,11.8125,1,3.5,-13.242706,34.007169
1,1,1,1,1,1,1,0,1,1,1,1,1,1,2017,20303309,30.53125,3.6875,8.125,1,2,-13.334414,33.993416
1,1,1,1,1,1,1,0,1,1,1,1,1,1,2017,20304310,42.59375,4.5625,9.375,1,1,-13.368588,33.956473
0,1,1,1,1,1,1,0,1,1,1,1,1,1,2017,20304311,37.3125,4,3.3125,1,4,-13.375275,33.869728
1,1,1,1,1,1,1,1,1,1,1,1,1,1,2017,20304313,28.4375,3.625,13.25,1,2,-13.423647,33.82757
1,1,1,1,1,1,1,0,1,1,1,1,1,1,2017,20304315,33,3.9375,8.1875,1,3,-13.505623,33.83564
0,1,1,1,1,1,1,0,1,1,1,1,1,1,2017,20305317,30.5625,3.75,11.25,1,2,-13.147556,33.848971
0,1,1,1,1,1,1,1,1,1,1,1,1,1,2017,20305319,34.625,4.6875,10,1,3.5,-13.222906,33.832923
1,1,1,1,1,1,1,1,1,1,1,1,1,1,2017,20305321,34.875,3.8125,10.5,1,2,-13.241522,33.872457
1,1,1,1,1,1,1,0,1,1,1,1,1,1,2017,20306322,32.5625,3.5625,8.6875,1,1,-13.226167,33.74038
0,1,1,1,1,1,1,0,1,1,1,1,1,1,2017,20306323,38.75,4.0625,7.4375,1,4,-13.308778,33.884552
1,1,1,1,1,1,1,1,1,1,1,1,1,1,2017,20306325,27.25,3.375,16.875,1,2,-13.31979,33.764741
0,1,1,1,1,1,1,0,1,1,1,1,1,1,2017,20401327,39.40625,4.25,4.8125,1,3,-13.463495,33.749036
1,1,1,1,1,1,1,0,1,1,1,1,1,1,2017,20401329,32.5625,3.5,9.6875,1,2,-13.639242,33.637618
1,1,1,1,1,1,1,0,1,0,0,1,1,1,2017,20402331,40.5625,4.0625,8.3125,1,4,-13.360181,33.496079
1,1,1,1,1,1,1,1,1,0,0,1,0,1,2017,20402333,33.90625,4.25,13.1875,1,2,-13.421973,33.524336
0,1,1,1,1,1,1,0,1,0,0,1,1,1,2017,20403335,41.125,3.9375,3.9375,1,4,-13.48157,33.433947
0,1,1,1,1,1,1,0,1,1,0,1,1,1,2017,20403337,41.40625,3.9375,6.0625,1,2,-13.628619,33.495548
1,1,1,1,1,1,1,0,1,1,1,1,1,1,2017,20404339,39.90625,4,5.5625,1,3.25,-13.649155,34.042664
0,1,1,1,1,1,1,0,1,1,1,1,1,1,2017,20404341,44.90625,4.125,7.5,1,2,-13.736363,34.240636
0,1,1,1,1,1,1,0,1,1,1,1,1,1,2017,20405343,43.25,4.4375,5.75,1,4,-13.700251,33.84987
0,1,1,1,1,1,1,0,1,1,1,1,1,1,2017,20405345,41.8125,4.625,5.125,1,2,-13.77625,34.010906
1,1,1,1,1,1,1,0,1,1,1,1,1,1,2017,20406347,36.28125,3.625,5.25,1,4,-13.592628,34.078702
1,1,1,1,1,1,1,0,1,1,1,1,1,1,2017,20407349,38.21875,3.875,8.8125,1,2,-13.54501,33.75642
1,1,1,1,1,1,1,1,1,1,1,1,1,1,2017,20501352,42.125,3.5625,9.625,1,1,-13.851904,34.529105
1,1,1,1,1,1,1,1,1,1,1,1,1,1,2017,20502354,34.6875,3.875,9.3125,1,3,-13.707395,34.373415
1,1,1,1,1,1,1,0,1,1,1,1,1,1,2017,20502356,37.28125,3.6875,8.125,1,2,-13.776575,34.403131
1,1,1,1,1,1,1,0,1,1,1,1,1,1,2017,20503358,39.28125,4,8.9375,1,4,-13.895495,34.491033
1,1,1,1,1,1,1,1,1,1,1,1,1,1,2017,20504360,34,3.625,8.3125,1,3,-13.830846,34.42995
1,1,1,1,1,1,1,0,1,1,1,1,1,1,2017,20505362,35.21875,3.625,8.375,1,3,-13.930634,34.533073
1,1,1,1,1,1,1,0,1,1,1,1,1,1,2017,20506364,42.71875,3.75,8.6875,1,1,-14.079133,34.532966
0,1,1,1,1,1,1,0,1,1,1,1,1,1,2017,20507366,49.5,4.375,6.125,1,3.0625,-13.520882,34.376954
1,1,1,1,1,1,1,0,1,1,1,1,1,1,2017,20507368,29.71875,3.3125,8.4375,1,2,-13.660567,34.240615
1,1,1,1,1,1,1,1,1,1,1,1,1,1,2017,20507369,25.5,3,36,1,1,-13.59236,34.435331
1,1,1,1,1,1,1,1,1,1,1,1,1,1,2017,20508370,35.65625,3.875,8.1875,1,4,-13.605708,34.138884
0,1,1,1,1,0,0,0,1,1,1,1,1,0,2017,20520373,51.71875,4.375,3.625,0,3,-13.787503,34.466146
0,1,1,1,1,1,1,1,1,1,1,1,1,1,2017,20521374,37.9375,4.0625,9.9375,1,3,-13.989487,34.507137
0,1,1,1,1,1,1,0,1,1,1,1,1,1,2017,20601376,45.59375,4.75,7.3125,1,3,-14.185037,33.870781
1,1,1,1,1,1,1,1,1,1,1,1,1,1,2017,20602378,30.75,3.625,20.875,1,1,-13.943037,33.434141
1,1,1,1,1,1,1,1,1,1,1,1,1,1,2017,20602380,34.6875,4.125,7.9375,1,4,-14.004444,33.469742
1,1,1,1,1,1,1,0,1,1,1,1,1,1,2017,20603382,28.375,3.25,8.375,1,2,-14.157104,33.551782
0,1,1,1,1,1,1,1,1,1,1,1,1,1,2017,20603384,43.96875,4.25,13,1,4,-14.142451,33.763861
0,1,1,1,1,1,1,0,1,1,1,1,1,1,2017,20603386,32.96875,3.6875,9.75,1,2,-14.252291,33.724729
0,1,1,1,0,0,0,0,1,0,1,0,0,0,2017,20603388,55.03125,5,8.5625,1,3,-14.265231,33.80856
0,1,1,1,1,1,1,1,1,1,1,1,1,1,2017,20604390,35.71875,4.3125,18.1875,1,1,-13.98172,33.97522
1,1,1,1,1,1,1,0,1,1,1,1,1,1,2017,20605392,33.21875,3.625,6.9375,1,4,-13.950627,34.08006
1,1,1,1,1,1,1,1,1,1,0,0,1,0,2017,20606394,31.53125,3.3125,18.8125,1,2,-13.728265,33.301121
0,1,1,1,1,1,1,1,1,1,1,1,1,1,2017,20607396,37.90625,4.125,8.625,1,4,-13.811588,33.915943
1,1,1,1,1,1,1,1,1,1,1,1,1,1,2017,20608398,27.90625,3.3125,11.9375,1,2,-13.714481,33.687636
0,1,1,1,1,1,1,1,1,1,1,1,1,1,2017,20610400,39,4.125,7.4375,1,3,-14.096687,33.960052
0,0,1,1,0,0,0,0,1,0,0,0,0,0,2017,20611402,60.125,5.0625,1.875,1,1,-14.002539,33.846601
0,1,1,1,0,0,0,0,1,1,1,1,1,1,2017,20613404,40.96875,4.1875,3.875,1,4,-13.996385,33.708036
0,1,1,1,1,1,1,1,1,1,1,1,1,1,2017,20614406,36.375,4.125,13.375,1,2,-14.123186,33.59488
0,1,1,1,1,1,1,0,1,1,1,1,1,1,2017,20615408,34.90625,4.0625,7.375,1,4,-13.80165,33.52983
0,1,1,1,1,0,1,1,1,0,1,1,0,0,2017,20615410,54.625,4.5,13.625,1,3,-13.852853,33.513603
0,1,1,1,1,0,0,0,1,1,1,0,1,1,2017,20701411,51.53125,5.0625,5.8125,1,3,-13.785994,32.860543
0,1,1,1,1,1,1,1,1,1,1,1,1,1,2017,20702413,39.6875,4.375,13.3125,1,1,-13.94947,33.081072
1,1,1,1,1,1,1,1,1,1,1,1,1,1,2017,20702415,35.71875,4.1875,16.625,1,3.5,-13.946321,33.186604
1,1,1,1,1,1,1,1,1,1,1,1,1,1,2017,20702417,34.5625,4.125,18.3125,1,2,-14.087961,33.325564
0,1,1,1,1,1,1,1,1,1,1,1,1,1,2017,20703419,41.96875,4.3125,9.6875,1,4,-13.79991,33.116582
1,1,1,1,1,1,1,1,1,1,0,1,1,1,2017,20703421,28.71875,3.4375,21.1875,1,2,-13.819115,33.174092
1,1,1,1,1,1,1,1,1,1,1,1,1,1,2017,20704423,40.21875,4.0625,9.375,1,3,-13.70606,32.988531
1,1,1,1,1,1,1,1,1,1,1,1,1,1,2017,20704425,27.9375,3.5625,23.5,1,1,-13.73958,33.123693
1,1,1,1,1,1,1,0,1,0,0,1,1,1,2017,20705427,42.1875,4.0625,7.5,1,4,-13.395012,33.10138
1,1,1,1,1,1,1,1,1,1,1,1,1,1,2017,20705429,30.4375,3.25,21.1875,1,1.5,-13.572201,32.859582
0,1,1,1,1,0,0,0,1,1,1,1,1,0,2017,20705431,50.9375,4.25,4.375,1,4,-13.543769,32.993232
1,1,1,1,1,1,1,1,1,0,0,0,0,1,2017,20706433,30.09375,3.5,16.375,1,2,-13.579327,33.185907
0,1,1,1,1,1,1,1,1,1,0,1,1,1,2017,20801435,34.9375,4.0625,10.9375,1,3,-14.402079,33.945271
1,1,1,1,1,1,1,1,1,1,1,1,1,1,2017,20801437,33.03125,3.75,8.8125,1,1,-14.414164,34.003808
0,1,1,1,1,1,1,1,1,1,0,1,1,0,2017,20801439,37.0625,4.5625,11.8125,1,3,-14.410488,34.132618
1,1,1,1,1,1,1,1,1,1,1,1,1,1,2017,20802441,33.96875,3.8125,12,1,2,-14.393188,33.934806
0,1,1,1,1,1,1,1,1,1,1,1,1,1,2017,20803443,40.03125,4.125,10.6875,1,4,-14.200352,34.103045
1,1,1,1,1,1,1,1,1,1,1,1,1,1,2017,20803445,34.9375,3.75,10.3125,1,2,-14.367123,34.192129
1,1,1,1,1,1,1,1,1,1,1,1,1,1,2017,20804447,31.25,3.625,14.5,1,3,-14.005091,34.196053
1,1,1,1,1,1,1,1,1,1,1,1,1,1,2017,20804449,33.65625,3.375,13.25,1,1,-14.100208,34.235927
0,1,1,1,1,1,1,1,1,0,1,1,1,0,2017,20806451,39.65625,4.4375,10.875,1,3,-14.193944,34.379958
1,1,1,1,1,1,1,0,1,1,1,1,1,1,2017,20807453,38.8125,3.625,7.5625,1,2,-14.111488,34.512174
1,1,1,1,1,1,1,0,1,0,0,0,0,1,2017,20807455,38.71875,3.8125,9.8125,1,4,-14.297704,34.70574
1,1,1,1,1,1,1,1,1,0,0,0,1,0,2017,20808457,34.4375,4.1875,12.75,1,3,-14.37646,34.469011
0,1,1,1,1,1,1,0,1,1,1,1,1,0,2017,20901460,37.9375,4,7.3125,1,3,-14.98695,34.77652
0,1,1,1,1,1,1,0,1,1,1,1,1,1,2017,20902462,39.21875,4.3125,6.375,1,1,-14.918698,34.586335
0,1,1,1,1,1,1,0,1,0,0,1,0,0,2017,20902464,39.53125,4.4375,11.3125,1,3,-15.185392,34.628305
0,1,1,1,1,1,1,0,1,1,1,1,1,1,2017,20903466,43.5,4.1875,7.75,1,2,-14.846656,34.70755
0,1,1,1,1,1,1,0,1,1,1,1,1,1,2017,20904468,36.21875,3.75,9.5,1,4,-14.790572,34.845684
1,1,1,1,1,1,1,0,1,1,1,1,1,1,2017,20904470,32.03125,3.5625,7.25,1,2,-14.898374,34.879442
0,1,1,1,1,1,1,0,1,1,1,1,1,1,2017,20906472,46.53125,4.625,6.1875,1,3,-14.663388,34.546576
1,1,1,1,1,1,1,0,1,1,1,1,1,1,2017,20906474,32.84375,3.5,10.375,1,1,-14.641939,34.583085
0,1,1,1,1,1,1,1,1,0,0,1,1,1,2017,20908476,36.59375,4.1875,9.125,1,3.9375,-14.58168,34.637007
1,1,1,1,1,1,1,1,1,1,0,1,1,1,2017,20908478,34.03125,3.625,10.125,1,1.0625,-14.659798,34.677474
1,1,1,1,1,1,1,0,1,0,1,1,1,1,2017,20908480,34.71875,3.625,10.3125,1,4,-14.646637,34.832473
0,1,1,1,1,1,1,0,1,1,0,1,1,1,2017,20909482,37.8125,3.6875,7.5625,1,2,-14.415021,34.737562
0,0,1,1,0,0,0,0,1,0,0,0,0,0,2017,21037484,63.125,5.125,2.375,0,3.0625,-13.982346,33.806385
0,0,1,1,0,0,0,0,1,0,0,0,0,0,2017,21037486,68.34375,5.5625,3.0625,0,1.0625,-13.981185,33.794726
0,0,1,1,0,0,0,0,1,0,0,0,0,0,2017,21040488,64.0625,5.1875,5.625,0,3.5,-13.947389,33.823267
0,0,1,1,0,0,0,0,1,0,1,1,0,0,2017,21051490,70.8125,5.3125,4.375,0,2,-13.998383,33.808134
0,0,1,1,0,0,0,0,1,1,1,1,0,0,2017,21052492,72.6875,5.8125,2.125,0,4,-14.003753,33.805576
0,0,1,1,0,0,0,0,1,0,1,1,0,0,2017,21053494,64.8125,5.3125,7.5,0,2,-14.016298,33.806101
0,0,1,1,0,0,0,0,1,1,1,1,0,0,2017,21054496,61.1875,5.0625,5.375,0,3,-14.03793,33.805057
0,0,1,1,0,0,0,0,1,0,0,0,0,0,2017,21055498,69.375,5.5625,2.4375,0,1.125,-13.885932,33.764391
0,0,1,1,0,0,0,0,1,0,0,0,0,0,2017,21059500,77.4375,5.75,0.625,0,4,-13.893669,33.805097
0,0,1,1,0,0,0,0,1,0,1,1,0,0,2017,21066502,66.1875,5.3125,3.3125,0,2,-14.02546,33.790943
0,0,1,1,0,0,0,0,1,0,0,0,0,0,2017,21074504,52.9375,4.8125,4.5625,0,4,-13.941496,33.820622
0,0,1,1,0,0,0,0,1,0,0,0,0,0,2017,21079506,71.90625,5.5,1,0,2.5625,-13.89782,33.760477
0,0,1,1,0,0,0,0,1,0,0,0,0,0,2017,21080508,56.90625,5.125,6.0625,0,3.0625,-13.937334,33.768276
0,1,1,1,0,0,0,0,1,1,1,1,0,0,2017,21083510,51.5625,4.75,3.75,0,2,-13.764306,33.812489
0,0,1,1,0,0,0,0,1,0,0,0,0,0,2017,21086512,63.625,5.3125,1.75,0,4,-13.956877,33.740034
0,0,1,1,0,0,0,0,1,0,1,1,0,0,2017,21087514,61.03125,5.1875,4.9375,0,2,-14.012712,33.737374
0,0,1,1,0,0,0,0,1,1,1,1,0,0,2017,21087516,56.9375,5.0625,1.3125,0,4,-14.008755,33.728111
0,1,1,1,0,1,1,0,1,1,1,1,1,1,2017,21088518,43.5,4.875,8.0625,0,3,-14.036065,33.682929
0,1,1,1,1,1,1,0,1,1,1,1,1,1,2017,30101519,41.875,4.3125,7.6875,1,3,-14.453137,35.262859
1,1,1,1,1,1,1,1,1,1,1,1,1,1,2017,30101521,32.875,3.4375,12.125,1,2,-14.421902,34.955581
1,1,1,1,1,1,1,1,1,1,1,1,1,1,2017,30102523,32.78125,3.5625,13.9375,1,3,-14.683761,34.915074
0,1,1,1,1,1,1,0,1,1,1,1,1,1,2017,30103525,39.8125,3.9375,10.1875,1,3,-14.112681,34.870719
0,1,1,1,0,1,1,0,1,1,1,1,1,1,2017,30103527,39.71875,4.125,7.625,1,4,-14.334623,34.798593
0,1,1,1,1,1,1,0,1,1,1,1,1,1,2017,30104529,39.625,4,9,1,3,-14.347177,35.46094
1,1,1,1,1,1,1,0,1,1,1,1,1,1,2017,30105531,35.8125,3.75,10.25,1,3,-14.481431,35.608492
0,1,1,1,1,1,1,0,1,1,1,1,1,1,2017,30106533,44.625,4.0625,7.9375,1,2,-14.272959,35.256432
0,1,1,1,1,1,1,0,1,1,1,1,1,1,2017,30106535,39.28125,4,6.375,1,4,-14.616051,35.313813
0,1,1,1,1,1,1,1,1,1,1,1,1,1,2017,30107537,37.09375,4,13.9375,1,3,-14.213324,35.407836
0,1,1,1,1,1,1,1,1,1,1,1,1,1,2017,30108539,38.8,3.6,9.2,1,4,-13.725164,35.039178
0,1,1,1,1,1,1,0,1,1,1,1,1,1,2017,30121542,62.34375,4.8125,4.25,1,3,-14.100373,34.916601
0,1,1,1,1,1,1,1,1,1,1,1,1,1,2017,30201543,37.71875,4.25,11.3125,1,3,-14.791922,35.433471
0,1,1,1,1,1,1,1,1,1,1,1,1,1,2017,30201545,36.90625,3.625,19.25,1,1,-14.958294,35.520117
0,1,1,1,1,1,1,1,1,1,1,1,0,1,2017,30202547,39.65625,4.125,11.4375,1,3,-15.061575,35.300281
0,1,1,1,1,1,1,0,1,1,1,1,1,1,2017,30203549,46.1875,4.125,9.625,1,3,-14.790041,35.6293
0,1,1,1,1,1,1,1,1,1,1,1,1,1,2017,30203551,38.0625,4.1875,12.6875,1,4,-14.860188,35.551947
0,1,1,1,1,1,1,1,1,1,1,1,1,1,2017,30203553,43.625,4.5625,20,1,3,-14.966727,35.676864
0,1,1,1,1,1,1,1,1,1,1,1,0,1,2017,30204555,39.625,4.5625,14.75,1,3,-15.182804,35.418041
1,1,1,1,1,1,1,1,1,1,1,1,1,1,2017,30206557,31.96666667,3.8,19.53333333,1,1,-15.035595,35.513982
0,1,1,1,1,1,1,1,1,1,1,1,1,1,2017,30207559,41.46875,4.1875,12.5625,1,4,-14.812365,35.755902
0,1,1,1,1,1,1,1,1,1,1,1,1,1,2017,30207561,42.1875,4.625,13.625,1,3,-14.752119,35.681512
0,1,1,1,1,1,1,1,1,1,1,1,1,1,2017,30209563,36.25,4.125,14.6875,1,4,-14.776339,35.539435
1,1,1,1,1,1,1,1,1,1,1,1,1,1,2017,30212565,36.40625,4.5,18.0625,1,3,-14.687752,35.569097
0,1,1,1,1,1,1,1,1,1,1,1,1,1,2017,30301568,47.15625,4.375,19.125,1,3,-15.331859,35.457338
1,1,1,1,1,1,1,1,1,1,1,1,1,1,2017,30302570,34.46875,3.6875,25.4375,1,1.1875,-15.38839,35.467089
0,1,1,1,1,1,1,1,1,1,1,1,1,1,2017,30302572,40.5625,4.3125,17.25,1,4,-15.432665,35.552417
0,1,1,1,1,1,1,1,1,1,1,1,1,1,2017,30302574,35.21875,3.8125,19.25,1,2.6875,-15.526099,35.589777
0,1,1,1,1,1,1,1,1,0,1,1,1,1,2017,30304576,42,4.3125,14.75,1,4,-15.473915,35.311902
0,1,1,1,1,1,1,1,1,1,1,1,1,1,2017,30305578,49.875,4.75,17.9375,1,2,-15.549261,35.225079
0,1,1,1,1,1,1,1,1,1,1,1,1,1,2017,30305580,46.40625,4.5625,17.125,1,3.5625,-15.635692,35.306659
0,1,1,1,1,1,1,0,1,1,1,1,1,1,2017,30305582,41.09375,4.375,13.8125,1,1.4375,-15.647325,35.458836
0,1,1,1,1,1,1,1,1,1,1,1,1,1,2017,30306584,37.28125,4.0625,13.5,1,4,-15.289466,35.201186
0,1,1,1,1,1,1,1,1,1,1,1,1,1,2017,30306586,35.9375,4.3125,19.9375,1,3,-15.419415,35.140775
0,1,1,1,1,1,1,1,1,1,1,1,1,1,2017,30306588,48.21875,4.75,16.1875,1,4,-15.361921,35.265958
0,1,1,1,1,0,0,1,1,1,1,1,0,0,2017,30307590,50.21875,4.875,13.875,1,2,-15.338709,35.394991
0,1,1,1,1,1,1,0,1,0,1,1,1,1,2017,30401591,44.75,4.3125,7.1875,1,3,-15.612678,35.195643
0,1,1,1,1,1,1,0,1,1,1,1,1,1,2017,30401593,42.40625,4.25,6.0625,1,2,-15.766141,35.153758
0,1,1,1,0,0,0,0,1,1,1,1,1,0,2017,30402595,47.3,4.4,5.6,1,3,-15.791752,35.157739
0,1,1,1,1,1,1,0,1,1,1,1,1,1,2017,30402597,43.46875,4.1875,9.4375,1,2,-15.803291,35.154915
0,1,1,1,1,1,1,1,1,0,0,1,1,1,2017,30402599,40.1875,4.0625,12.0625,1,4,-15.835268,35.167445
0,1,1,1,1,1,1,0,1,0,1,1,1,1,2017,30403601,35.21875,4.5,8.5,1,3,-15.698935,35.255373
1,1,1,1,1,1,1,1,1,0,1,1,1,1,2017,30403603,33.1875,4.375,16.5,1,3,-15.766944,35.208484
1,1,1,1,1,1,1,1,1,1,1,1,1,1,2017,30403605,37.21875,3.875,13.625,1,1.4375,-15.80194,35.297593
0,1,1,1,1,1,1,1,1,1,1,0,1,0,2017,30404607,41.83333333,4.133333333,9.333333333,1,3.666666667,-15.849968,35.2263155
0,1,1,1,0,1,1,1,1,1,1,1,1,1,2017,30404609,38.53125,4,12.375,1,2,-15.929301,35.290814
0,1,1,1,1,1,1,0,1,1,1,1,1,1,2017,30406611,46.46875,4.375,5.3125,1,4,-15.556942,35.1832
0,1,1,1,1,1,1,0,1,1,1,1,1,1,2017,30406613,40.9375,3.875,1.875,1,2,-15.667329,35.3114
0,1,1,1,1,1,1,0,1,1,1,1,1,1,2017,30501616,54.875,4.5625,4.8125,1,3,-15.609782,35.04466
0,1,1,1,0,0,0,0,1,1,1,1,1,0,2017,30501618,52.34375,4.875,3.4375,1,1,-15.847348,34.995895
0,1,1,1,1,1,1,0,1,1,1,1,1,1,2017,30502620,49.375,4.375,7.0625,1,4,-15.464192,35.012816
0,1,1,1,1,1,1,0,1,1,1,1,1,1,2017,30503622,46.6875,4.4375,8.9375,1,2,-15.431764,35.003062
0,1,1,1,1,1,1,0,1,1,1,1,1,1,2017,30503624,44.90625,4.5625,5.1875,1,4,-15.525747,34.909696
0,1,1,1,1,1,1,1,1,1,1,1,1,1,2017,30504626,43.96875,4.125,9.9375,1,2,-15.665454,34.923029
0,1,1,1,1,1,1,0,1,1,1,1,1,1,2017,30506628,50.65625,4.625,2.6875,1,3,-15.559279,34.885134
0,1,1,1,1,1,1,0,1,1,1,1,1,1,2017,30506630,44.3125,4.3125,3.5625,1,1,-15.66464,34.955245
0,1,1,1,1,1,1,0,1,1,1,1,1,1,2017,30506632,50.40625,4.375,3.875,1,4,-15.779108,34.901791
0,1,1,1,1,1,1,0,1,1,1,1,1,1,2017,30507634,47.8125,4.6875,4.5,1,2,-15.856066,35.112088
0,1,1,1,1,1,1,0,1,1,1,1,1,1,2017,30508636,44.5625,4.5,5.6875,1,4,-15.848941,34.988053
0,1,1,1,1,1,1,0,1,1,1,1,1,1,2017,30508638,41.875,3.875,11.3125,1,2,-15.964919,34.950694
0,1,1,1,0,0,0,0,1,1,1,1,1,1,2017,30601640,46.40625,4.875,8.1875,1,1,-15.483505,34.505184
0,1,1,1,0,0,0,0,1,1,1,0,0,0,2017,30601642,44.53125,4.75,1.6875,1,4,-15.567784,34.519127
1,1,1,1,1,1,1,0,1,1,1,1,1,1,2017,30601644,32.21875,4.125,10.25,1,2,-15.595224,34.525479
1,1,1,1,1,1,1,0,1,1,1,1,1,1,2017,30601646,37.21875,4.375,3.625,1,4,-15.735286,34.52086
1,1,1,1,1,1,1,1,1,1,1,1,1,1,2017,30601648,34.53125,3.625,13.125,1,2.0625,-15.772282,34.516729
0,1,1,1,1,1,1,0,1,1,1,1,1,1,2017,30602650,42.46875,4.8125,5.9375,1,3,-15.522797,34.457348
1,1,1,1,1,1,1,1,1,1,1,1,1,1,2017,30602652,29.71875,3.75,14.4375,1,2,-15.578415,34.465043
0,1,1,1,1,1,1,0,1,1,1,1,1,1,2017,30602654,33.5,4.375,3.1875,1,4,-15.626989,34.488763
1,1,1,1,1,1,1,1,1,1,1,1,1,1,2017,30602656,32,4.0625,13.375,1,2,-15.759848,34.463784
0,1,1,1,1,1,1,0,1,1,1,1,1,1,2017,30602658,39.59375,4.8125,5.125,1,4,-15.743748,34.383647
0,1,1,1,0,0,0,0,1,1,1,1,0,0,2017,30602660,63.125,5.375,1.125,1,3,-15.580107,34.486228
0,0,1,1,0,0,0,0,1,1,1,1,0,0,2017,30620662,59.625,5.0625,2.0625,0,3,-15.607846,34.525082
1,1,1,1,1,1,1,1,1,1,1,1,1,1,2017,30702664,29.65625,2.9375,16.5,1,4,-16.33911,35.274649
1,1,1,1,1,1,1,1,1,1,1,1,1,1,2017,30703666,36.0625,3.875,13,1,1,-16.308801,35.149457
0,1,1,1,1,1,1,1,1,1,1,1,1,1,2017,30705668,38.5,4.125,12.25,1,4,-16.096666,34.975852
1,1,1,1,1,1,1,0,1,1,1,1,1,1,2017,30706670,40.40625,4.0625,9.375,1,2,-16.139062,35.151528
0,1,1,1,0,1,1,0,1,1,1,1,1,1,2017,30707672,45.34375,4.1875,5.0625,1,4,-16.099412,35.303969
0,1,1,1,1,1,1,0,1,1,1,1,1,1,2017,30708674,44.46875,4.25,5.6875,1,2.5,-16.051462,35.244837
1,1,1,1,0,1,1,0,1,1,1,1,1,1,2017,30708676,44.28125,4.1875,7.4375,1,3,-16.153,35.198578
1,1,1,1,1,1,0,0,1,1,1,1,0,0,2017,30709678,47.6875,4.6875,6.1875,1,1,-15.93632,35.227798
0,1,1,1,1,1,1,0,1,0,1,1,1,0,2017,30709680,42.84375,4.0625,9.5,1,4,-16.009724,35.145672
0,1,1,1,1,1,1,1,1,1,1,1,1,1,2017,30710682,50.125,4.75,8.0625,1,2,-15.959665,35.03493
0,1,1,1,0,1,1,0,1,0,0,1,0,0,2017,30710684,46.46875,3.9375,3.875,1,4,-15.940622,35.095487
0,1,1,1,0,1,0,0,1,1,1,1,1,1,2017,30720686,52.15625,4.6875,4.0625,1,3,-16.041099,35.145198
1,1,1,1,1,1,1,0,1,1,1,1,1,1,2017,30801687,36.34375,4.0625,4.0625,1,3,-16.043878,35.6054
0,1,1,1,1,1,1,0,1,1,1,1,1,1,2017,30801689,39.09375,4.5,6.125,1,1,-16.084998,35.581694
0,1,1,1,1,1,1,0,1,1,1,1,1,0,2017,30801691,43.8125,3.9375,4.375,1,3.3125,-16.047835,35.472547
1,1,1,1,1,1,1,0,1,1,1,1,1,1,2017,30801693,34.5625,4.125,7.0625,1,2,-16.091054,35.56195
0,1,1,1,1,1,1,0,1,1,1,1,1,1,2017,30802695,36.9375,3.5,4.9375,1,4,-16.094797,35.681098
1,1,1,1,1,1,1,0,1,1,1,1,1,1,2017,30803697,30.9375,3.9375,5.375,1,3,-16.029948,35.410465
0,1,1,1,1,1,1,1,1,0,1,1,1,0,2017,30803699,36.21875,4.625,12.1875,1,3,-16.113604,35.346823
0,1,1,1,0,1,1,0,1,1,1,1,1,1,2017,30804701,37.59375,4.25,6.875,1,1,-16.054833,35.360422
0,1,1,1,1,1,1,0,1,1,1,1,1,1,2017,30805703,36.65625,3.625,3.3125,1,4,-15.875918,35.555916
1,1,1,1,1,1,1,0,1,1,1,1,1,1,2017,30805705,34.25,4,4.9375,1,2,-15.916279,35.384048
1,1,1,1,1,1,1,0,1,0,1,1,1,0,2017,30806707,36.5,3.6875,3.8125,1,4,-15.725627,35.341325
1,1,1,1,1,1,1,0,1,1,1,1,1,1,2017,30806709,31.6875,3.75,7.0625,1,2,-15.877739,35.351154
1,1,1,1,1,1,1,0,1,1,1,1,1,1,2017,30901712,36.46875,3.8125,6,1,3,-15.538003,35.626395
1,1,1,1,1,1,1,1,1,1,1,1,1,1,2017,30901714,27.53125,3.4375,12.125,1,2,-15.627924,35.672782
0,1,1,1,1,1,1,0,1,1,1,1,1,1,2017,30901716,34.59375,3.5625,8.9375,1,4,-15.634718,35.531409
1,1,1,1,1,1,1,0,1,1,1,1,1,1,2017,30901718,32.5625,3.625,9.3125,1,2,-15.678937,35.680682
0,1,1,1,1,1,1,0,1,1,1,1,1,1,2017,30901720,37.5,3.75,4.875,1,4,-15.718445,35.680575
1,1,1,1,1,1,1,0,1,1,1,1,1,1,2017,30901722,32.90625,3.9375,7.8125,1,2,-15.779582,35.559395
0,1,1,1,1,1,1,0,1,1,1,1,1,1,2017,30901724,38.71875,3.9375,5.125,1,3,-15.805679,35.546449
1,1,1,1,1,1,1,0,1,1,1,1,1,1,2017,30901726,33.6875,4.0625,7.3125,1,2,-15.836097,35.616962
0,1,1,1,1,1,1,0,1,1,1,1,1,1,2017,30902728,41.09375,3.8125,4.9375,1,4,-15.804177,35.793425
1,1,1,1,1,1,1,0,1,1,1,1,1,1,2017,30902730,36.3125,3.875,3.875,1,2,-15.889826,35.766564
1,1,1,1,1,1,1,0,1,1,1,1,1,1,2017,30903732,38.1875,3.625,7.5625,1,4,-15.50833,35.782588
1,1,1,1,1,1,1,0,1,1,1,1,1,1,2017,30903734,30.4375,3.6875,7.6875,1,3.0625,-15.582173,35.835835
1,1,1,1,1,1,1,1,1,1,1,1,1,1,2017,31001735,36.25,3.8125,16.9375,1,3,-16.321642,34.76847
1,1,1,1,1,1,1,1,1,1,1,1,1,0,2017,31001737,34.34375,3.875,22.375,1,1,-16.368803,34.656367
1,1,1,1,1,1,1,1,1,1,1,1,1,1,2017,31001739,33.96875,3.4375,15,1,3,-16.497695,34.947832
1,1,1,1,1,1,1,1,1,1,1,1,1,1,2017,31001741,35.03333333,3.733333333,21.2,1,1,-16.4966,34.943521
1,1,1,1,1,1,1,1,1,1,1,1,1,1,2017,31002743,36.5625,3.75,9.3125,1,4,-16.226333,34.824941
1,1,1,1,1,1,1,1,1,1,1,1,1,1,2017,31003745,29.5625,3.5625,11.6875,1,3,-15.761763,34.372752
0,1,1,1,1,1,1,1,1,1,1,1,1,1,2017,31003747,38.59375,3.6875,10.0625,1,4,-15.915619,34.404055
1,1,1,1,1,1,1,1,1,1,1,1,1,1,2017,31003749,24.1875,3.0625,21.25,1,1,-16.177162,34.678861
0,1,1,1,1,0,1,0,1,1,1,1,1,1,2017,31004751,39.21875,4,9.375,1,3,-16.146878,34.855856
1,1,1,1,1,1,1,0,1,1,1,1,1,1,2017,31006753,36.34375,3.8125,7.8125,1,2,-15.902223,34.829097
0,1,1,1,1,1,1,1,1,1,1,1,1,1,2017,31007755,41.3125,4.25,10.1875,1,4,-16.17673,34.930358
1,1,1,1,1,1,1,1,1,1,1,1,1,1,2017,31007757,34.40625,4.1875,9.25,1,3,-16.269667,35.048295
1,1,1,1,1,1,1,1,1,1,1,1,1,1,2017,31101760,33.65625,3.5625,16.4375,1,2,-17.092351,35.114643
0,1,1,1,1,1,1,1,1,1,1,1,1,1,2017,31104763,42.4375,4.625,13.3125,1,2,-16.421608,35.189122
1,1,1,1,1,1,1,1,1,1,1,1,1,1,2017,31104764,29.83333333,3.466666667,18.06666667,1,4,-16.4184,35.126675
1,1,1,1,1,1,1,1,1,1,1,1,1,1,2017,31104766,26,3,21.75,1,4,-16.483227,35.240196
0,1,1,1,1,1,1,0,1,1,1,1,1,1,2017,31104768,40.1875,4.3125,9.75,1,3,-16.506757,35.151249
1,1,1,1,1,0,0,1,1,1,1,1,1,1,2017,31105770,36.90625,4.25,14.4375,1,3,-16.750418,35.257341
0,1,1,1,1,1,1,1,1,1,1,1,1,1,2017,31106772,41.125,4.25,14.75,1,2,-16.521567,35.042003
0,1,1,1,1,1,1,0,1,1,1,1,1,1,2017,31106774,42.3125,4.1875,10.875,1,4,-16.592197,35.129116
1,1,1,1,1,1,1,1,1,1,1,1,1,1,2017,31106776,27.53125,3.125,18.625,1,2,-16.648067,35.113616
1,1,1,1,1,1,1,1,1,1,1,1,1,1,2017,31108778,33.25,3.875,14.3125,1,4,-16.956385,35.168967
1,1,1,1,1,1,1,1,1,1,1,1,1,1,2017,31110780,33.15625,3.5625,15.9375,1,3,-16.738025,34.927118
1,1,1,1,1,1,1,1,1,1,1,1,1,1,2017,31120782,34.40625,4,15.0625,0,3,-16.939071,35.24181
0,1,1,1,1,1,1,1,1,1,1,1,1,1,2017,31201784,38.40625,4.0625,16,1,2,-14.931677,35.03003
0,1,1,1,0,0,0,0,1,1,1,1,1,1,2017,31201786,47.03125,4.375,3.25,1,4,-14.992769,34.93994
0,1,1,1,1,1,1,1,1,1,1,1,1,1,2017,31201788,40.15625,4.0625,17.125,1,2,-15.028036,35.152533
0,1,1,1,1,1,1,1,1,1,1,1,1,1,2017,31201790,45.375,4.6875,11.25,1,4,-15.055065,34.919847
0,1,1,1,1,1,1,0,1,1,1,1,1,1,2017,31201792,37.03125,3.75,8.0625,1,3,-15.191919,34.967449
0,1,1,1,1,1,1,1,1,1,1,1,0,1,2017,31201794,39.3125,4.3125,10.25,1,4,-15.256486,35.065353
0,1,1,1,1,1,1,1,1,1,1,1,1,1,2017,31204796,33.75,3.5625,13.125,1,2,-14.785029,35.057611
0,1,1,1,1,1,1,0,1,1,1,1,1,1,2017,31204798,44,4.1875,7.5625,1,4,-14.803485,35.049652
0,1,1,1,1,1,1,1,1,1,1,1,0,1,2017,31204800,38.65625,3.9375,13.375,1,2,-14.944016,35.144464
0,1,1,1,1,1,1,0,1,1,1,1,0,1,2017,31204801,37.40625,4.0625,9.875,1,1,-14.846312,35.23287
0,1,1,1,1,1,1,0,1,1,1,1,1,1,2017,31204802,41.59375,4.3125,6.375,1,4,-14.899499,35.145843
0,1,1,1,1,1,1,0,1,1,1,1,0,1,2017,31204804,42.0625,4.25,8.3125,1,3,-15.00473,35.163219
0,1,1,1,1,0,0,0,1,1,1,1,0,0,2017,31220806,48.78125,4.4375,7.5,0,3,-14.999638,34.954637
0,1,1,1,1,1,1,0,1,1,1,1,0,1,2017,31301808,39.5,4.75,5.3125,1,3,-15.276547,34.623749
0,1,1,1,1,1,1,0,1,1,1,1,1,1,2017,31301810,43.21875,4.625,7.1875,1,2,-15.403323,34.682855
0,1,1,1,1,1,1,0,1,1,1,1,1,1,2017,31301812,36.71875,4.5625,4.5,1,4,-15.410241,34.51808
0,1,1,1,1,1,1,1,1,1,1,1,1,1,2017,31302814,37.15625,4.5625,14.3125,1,2.0625,-15.494491,34.674153
0,1,1,1,1,1,1,0,1,1,1,0,0,0,2017,31302816,47.15625,4.6875,2.625,1,4,-15.568044,34.692717
0,1,1,1,1,1,1,1,1,1,1,1,0,1,2017,31303818,38.375,4.125,10.125,1,3,-15.35411,34.803532
0,1,1,1,1,1,1,0,1,1,1,1,0,1,2017,31303820,45.53125,4.375,4.0625,1,3,-15.333546,34.911879
0,1,1,1,1,1,1,0,1,1,1,1,1,1,2017,31303822,45.3125,4.8125,7.8125,1,2,-15.397766,34.772403
0,1,1,1,1,0,0,0,1,1,1,1,1,1,2017,31303824,49.96875,4.8125,2.875,1,4,-15.400676,34.777934
1,1,1,1,1,1,1,0,1,1,1,1,1,1,2017,31303826,48,4.6875,8.4375,1,2,-15.543872,34.726405
0,1,1,1,1,1,1,0,1,1,1,1,1,1,2017,31306828,42.75,4.8125,3.1875,1,4,-15.332283,34.714505
1,1,1,1,1,1,1,1,1,1,0,1,0,1,2017,31306830,35.0625,4,13.1875,1,3,-15.395239,34.714624
0,0,1,1,0,0,0,0,1,1,0,0,0,0,2017,31431832,69.5625,5.25,7.0625,0,3,-15.413797,35.301432
0,1,1,1,1,0,0,0,1,1,1,1,1,1,2017,31432834,53.0625,5.125,10.375,0,1,-15.385096,35.299773
0,1,1,1,0,0,0,1,1,1,1,0,0,0,2017,31435836,54.625,4.875,11.1875,0,4,-15.369294,35.346946
0,0,1,1,0,0,0,0,1,1,1,0,0,0,2017,31435838,70.09375,5.8125,7.6875,0,2,-15.388311,35.349786
0,0,1,1,0,0,0,0,1,1,1,0,0,0,2017,31436840,67.4375,5.0625,5.5625,0,4,-15.388462,35.344203
0,0,1,1,0,0,0,0,1,1,0,0,0,0,2017,31437842,79,5.6875,3.8125,0,2.125,-15.385744,35.347682
0,0,1,1,0,0,0,0,1,1,0,0,0,0,2017,31438844,60.6875,5.25,6.125,0,3.0625,-15.40761,35.335927
0,0,1,1,0,0,0,0,1,1,1,0,0,0,2017,31439846,76.0625,5.4375,5.9375,0,1,-15.399216,35.333275
0,1,1,1,0,0,0,0,1,0,0,0,0,0,2017,31441848,82.40625,5.9375,2.0625,0,4,-15.39032,35.315213
0,0,1,1,0,0,0,1,1,1,0,0,0,0,2017,31442850,69.6875,5.5,7.25,0,2,-15.3988625,35.3346465
0,1,1,1,1,0,0,0,1,0,0,0,1,0,2017,31443852,55.375,5,11,0,4,-15.3991,35.339457
0,1,1,1,1,1,1,1,1,1,1,0,1,1,2017,31444854,49.65625,4.6875,13.4375,0,2.9375,-15.401425,35.336762
0,0,1,1,0,0,0,0,1,1,1,1,0,0,2017,31531856,66.0625,5.3125,2.3125,0,3,-15.748746,35.021205
0,0,1,1,0,0,0,0,1,0,1,1,0,0,2017,31533858,79.09375,5.4375,1.375,0,1,-15.744234,35.098483
0,0,1,1,0,0,0,0,1,1,1,0,0,0,2017,31535860,61.1875,4.8125,6.125,0,3,-15.771462,35.034019
0,0,1,1,0,0,0,0,1,0,1,0,0,0,2017,31536862,68.9375,5.375,5.3125,0,2,-15.774542,35.052139
0,0,1,1,0,0,0,0,1,1,1,1,0,0,2017,31537864,63.28125,5,6.875,0,4,-15.776645,35.020422
0,0,1,1,0,0,0,0,1,1,1,1,0,0,2017,31539866,62.78125,4.875,2.125,0,2,-15.770367,35.014662
0,0,1,1,0,0,0,0,1,1,1,1,0,0,2017,31541868,69.3125,5.1875,1.5,0,3,-15.804976,34.994405
0,0,1,1,0,0,0,0,1,1,1,1,0,0,2017,31546870,63.5,5.0625,5.25,0,1,-15.826781,35.09758
0,0,1,1,0,0,0,0,1,0,0,0,0,0,2017,31548872,62.34375,4.75,6.1875,0,3,-15.83043,35.09356
0,0,1,1,0,0,0,0,1,1,1,0,0,0,2017,31551874,75.375,5.5,0,0,2,-15.810874,35.027737
0,0,1,1,0,0,0,0,1,1,1,1,0,0,2017,31553876,59.75,4.875,4,0,4,-15.826831,34.982374
0,0,1,1,0,0,0,0,1,1,1,1,0,0,2017,31555878,60.03125,5.0625,5.4375,0,2,-15.84688,35.05698
