"","cellphone","number_celphones","rcsi","logFCS","hdds","housing_index","nutri_reten_constrained","nutri_avail_constrained","dist_km","maize_price","maize_mktthin","rice_price","rice_mktthin","tmean","floodmax","raincytot","day1rain","maxdaysnorain"
"1",0.5,0.625,1.875,4.1049085,5.625,1.0790704,1,1,68.351639,31309.334,0,107381,0,25.6760730179651,0,694.3630366,35,153
"3",1,2,0,4.1351666,7,-0.88582069,1,1,68.351639,30735.666,0,110601,0,25.3968589676243,0,577.06914502,64,160
"5",0.125,0.125,3.5,4.1442909,6.625,-0.09987174,1,1,101.88775,41413,0,111042,0,24.324371094737,0,679.09614063,64,157
"8",0,0,0,4.4716387,5,-0.88583499,1,1,101.88775,38214,0,129615,0,24.324371094737,0,679.09614063,64,157
"10",0.25,0.25,4.75,4.0104165,4.625,1.0790704,1,1,85.40641,33393,0,119035.5,0,25.1102082392904,0,584.68785741,36,146
"12",1,1,0,4.2972856,7,-0.88583499,1,1,85.40641,29869.75,0,92948,0,24.8483373014453,0,548.29436396,64,154
"16",0.25,0.25,0.5,4.1034207,5.875,-0.88583499,1,1,56.884155,40000,0,133333.33,0,25.3968589676243,0,538.097987190001,66,157
"18",0.40000001,0.5,9.5,4.0174208,5,0.057321627,1,1,61.438313,33393,0,119035.5,0,24.6475295151529,0,611.216567750001,36,149
"22",0.11111111,0.22222222,5.6666665,4.0194011,5.3333335,0.51143301,1,1,28.666489,38182,0,120000,0,23.4623532448101,0,503.308448656,65,165
"24",1,1,0,2.8903718,2,-0.88582069,1,1,28.666489,42000,0,163750,0,23.4623532448101,0,503.308448656,65,165
"25",1,1,0,4.2626801,5,2.2580109,1,1,28.666489,42000,0,148100,0,23.4623532448101,0,503.308448656,65,165
"27",0.30000001,0.5,6,4.0246458,4.9000001,1.31486,1,1,19.80728,29495.801,0,92533.398,0,25.3599344703708,0,488.044644961001,65,163
"29",1,2,0,3.9415817,6,-0.88583499,1,1,19.80728,40213.281,0,151650,0,25.3599344703708,0,488.044644961,65,163
"30",0.22222222,0.22222222,2,4.0565248,5.1111112,2.2580109,1,1,61.060646,45591,0,140000,0,NA,NA,NA,NA,NA
"32",0.25,0.375,9.75,4.1662798,5.75,0.4849484,1,1,23.532375,33786,0,125857,0,23.6215126132483,0,716.21755888,35,157
"34",0,0,16,3.8525376,4,2.2580109,1,1,34.58548,39607.25,0,117500,0,NA,NA,NA,NA,NA
"37",0,0,6.125,4.0150781,5.25,1.865032,1,1,41.823093,33786,0,125857,0,NA,NA,NA,NA,NA
"40",0,0,18,3.831645,6,2.2580109,1,1,87.188705,39166.668,0,125666.66,0,23.5027794367218,0,539.164673,45,166
"41",0.5,0.83333331,9.333333,4.0523014,5.6666665,1.2100639,1,1,87.188705,30052,0,112133.34,0,23.5027794367218,0,539.164673,45,166
"43",0.36363637,0.54545456,15.090909,3.8867538,4.7272725,1.4005997,1,1,80.073021,40000,0,125000,0,23.7755265167228,0,332.90689598,57,178
"46",1,1,0,4.3502779,8,-0.88582069,1,1,35.592255,40000,0,125000,0,22.1180527472059,643.6367416,465.4326847,44,168
"48",1,1.8888888,1.8888888,4.3653932,7.4444447,-0.88582069,1,1,35.592255,31083,0,117917,0,22.1180527472059,643.6367416,465.4326847,44,168
"51",1,2.25,0.25,4.344996,7.375,-0.69398791,1,1,18.019566,40000,0,125000,0,NA,NA,NA,NA,NA
"54",0.875,1.75,3,4.3508081,7.375,-0.88582605,1,1,14.142997,31083,0,117917,0,22.3907998272069,733.799842400001,487.365537,44,161
"57",0.75,1,2.5,4.1702471,6.5,-0.099868163,1,1,69.011818,46569,0,127760.5,0,24.2624796886137,0,391.422451300001,57,169
"60",0.625,1.125,1.75,4.2623296,7.5,-0.88582605,1,1,0.34162575,31083,0,117917,0,NA,NA,NA,NA,NA
"61",1,2.7142856,2.8571429,4.3146243,7.1428571,-0.88582271,1,1,3.1707189,43166.668,0,120000,0,NA,NA,NA,NA,NA
"64",1,2,10,4.4942389,8,-0.88582069,1,1,3.1707189,43000,0,145277.67,0,NA,NA,NA,NA,NA
"66",1,1.7142857,1,4.1821489,6.7142859,-0.88582271,1,1,13.206271,30812.25,0,118437.75,0,NA,NA,NA,NA,NA
"69",1,1,0,3.9219732,5,-0.88582069,1,1,13.206271,40269,0,155192.25,0,NA,NA,NA,NA,NA
"72",1,1.625,4,3.9975803,6.25,-0.099866375,1,1,66.336479,39868,0,119625,0,21.7303678616224,648.092419499998,438.030263599999,44,168
"75",0.71428573,1.1428572,3.8571429,4.1333361,5.7142859,0.012408725,1,1,92.531479,31800,0,117500,0,NA,NA,NA,NA,NA
"77",0.375,0.875,4.875,4.1755915,6.5,1.0790704,1,1,172.9958,40000,0,125000,0,NA,NA,NA,NA,NA
"80",0.55555558,0.55555558,7.4444447,4.1015978,4.7777777,2.2580121,1,1,118.77541,31800,0,117500,0,NA,NA,NA,NA,NA
"85",0.875,1.125,2.25,4.2667093,7.25,-0.88582426,1,1,18.429716,45416.668,0,128333.34,0,NA,NA,NA,NA,NA
"87",0.625,0.875,3,4.2638988,6.875,-0.49285069,1,1,39.390522,27429,0,111429,0,20.7168839581724,727.0302468,1173.8403527,12,134
"89",1,2,0,4.5108595,8,-0.88582069,1,1,39.390522,36950,0,123000,0,20.73332605769,966.174698,727.0302468,31,166
"90",0.375,0.5,9.5,3.844825,6.125,-0.88583499,1,1,43.994652,31771,1,123750,1,18.5073268555862,0,608.0132382,31,169
"92",1,3,0,4.5325994,8,-0.88582069,1,1,31.860773,40560,0,129000,0,24.0130384501151,719.5151688,535.208289,32,175
"94",0.8888889,1.5555556,2.8888888,4.2059674,6.6666665,-0.88582706,1,1,31.860773,28630,0,101550,0,24.2018026055457,535.208289000001,1022.9193997,12,162
"97",0.66666669,1.1111112,6.1111112,4.2643518,6.4444447,-0.88582706,1,1,55.838081,58000,0,150000,0,NA,NA,NA,NA,NA
"100",0.66666669,0.8888889,3.7777777,4.2251859,6.3333335,-0.53651559,1,1,93.831749,27733.334,0,103666.66,0,23.2945398077188,500.92401254,729.21697662,34,152
"102",1,2.375,0.125,4.3470802,7.375,-0.88582605,1,1,64.381454,41774.5,0.5,128347,0.5,25.2492836305514,0,398.049566599999,32,164
"104",1,2,0,4.4716387,6,-0.88582069,1,1,64.381454,44221,0,152884.5,0,25.2492836305514,0,398.0495666,32,164
"106",0.75,1.375,2.875,4.2732983,7.125,-0.88582605,1,1,33.761322,29657.4,0,111743,0,23.6457668122511,732.460580300001,1181.0491611,12,123
"107",1,1,0,3.2771447,4,-0.88582069,1,1,33.761322,36445,0,120060,0,23.4766668868602,915.8687888,732.4605803,31,151
"109",1,1,11,4.388257,5,-0.88583499,1,1,33.761322,38133.32,0,144450,0,23.4766668868602,915.8687888,732.4605803,31,151
"113",1,3,0,4.5163388,8,-0.88582069,1,1,5.6503172,41070.75,0.5,122277.5,0.5,NA,NA,NA,NA,NA
"116",0.875,1.375,2.5,3.983736,6.625,-0.88582069,1,1,5.6503172,49625,0,128750,0,NA,NA,NA,NA,NA
"117",1,2,0,4.3757572,6,-0.88582069,1,1,12.730642,43050,0,125000,0,NA,NA,NA,NA,NA
"118",0.8888889,1.4444444,0.55555558,4.3046093,7.6666665,-0.88582385,1,1,12.730642,29643,0,103482.25,0,NA,NA,NA,NA,NA
"122",0.8888889,1.6666666,4.4444447,4.2100062,7.2222223,-0.88582546,1,1,16.365112,47227.602,0.40000001,129816,0.40000001,NA,NA,NA,NA,NA
"126",1,1,0,4.1190372,8,-0.88582069,1,1,21.352201,40000,0,130000,0,NA,NA,NA,NA,NA
"128",0.55555558,1.1111112,6.7777777,4.1673565,5.8888888,1.2100638,1,1,21.352201,30000,0,120000,0,NA,NA,NA,NA,NA
"131",0.89999998,2.2,2.4000001,4.1903701,7.0999999,-0.88582069,1,1,29.649576,31771,1,123750,1,NA,NA,NA,NA,NA
"133",1,2,0,4.4778051,7,-0.88582069,1,1,29.649576,41538,0,150000,0,NA,NA,NA,NA,NA
"135",1,2,0,4.3757572,6,-0.88582069,1,1,29.649576,42909,0,150000,0,NA,NA,NA,NA,NA
"138",0.625,1.125,2.75,4.1540031,6.25,0.68608975,1,1,35.299133,30060.5,0,91192,0,26.7510848131588,504.54166825,627.401508679999,37,146
"142",1,5,0,4.6101575,8,-0.88582069,1,1,63.3461,39252.371,0,118095.23,0,23.3179837125342,687.16919655,485.64926639,64,156
"143",0.33333334,0.66666669,1.3333334,4.1825047,6.3333335,-0.88583022,1,1,63.3461,29114.285,0,1e+05,0,23.1990456208765,485.649266389999,723.092715609997,36,169
"148",0.33333334,0.33333334,5.3333335,3.9584413,5.3333335,0.86074603,1,1,46.739754,50600,0,104000,0.60000002,NA,NA,NA,NA,NA
"150",1,2,2,4.1470251,6,-0.88582069,1,1,46.739754,39858.398,0,139408.2,0,NA,NA,NA,NA,NA
"154",0.66666669,1,0.22222222,4.0908842,6.7777777,-0.5365172,1,1,70.667084,38167,0,127222,0,NA,NA,NA,NA,NA
"156",1,3,3,4.4067192,5,-0.88582069,0,0,45.720798,37581.668,0,104722.34,0,NA,NA,NA,NA,NA
"158",0.25,0.25,0.25,4.2463994,6.75,-0.099873528,1,1,45.720798,31783.334,0,94250,0,NA,NA,NA,NA,NA
"159",1,3,0,4.59512,8,-0.88582069,0,0,45.720798,39852.668,0,153077,0,NA,NA,NA,NA,NA
"162",0.80000001,1.2,1.9,4.3385248,7.5999999,-0.88583499,1,1,33.295078,50500,0,112000,0.40000001,24.2695131035974,767.167305665997,665.638460404002,32,165
"165",1,3,0,4.2696977,6,-0.88582069,1,1,33.295078,41008.398,0,142174.8,0,24.2695131035974,767.167305666,665.638460404,32,165
"166",1,3,0,4.5108595,8,-0.88582069,1,1,49.018848,46025,0,127500,0,26.6360530704683,696.24742403,578.901171931,32,159
"168",1,1,4,4.2696977,7,-0.88583499,1,1,49.018848,36243.5,0,103010.5,0,26.6360530704683,696.24742403,578.901171931,32,159
"169",0.55555558,0.77777779,4.4444447,4.1373158,6.2222223,1.2100654,1,1,49.018848,31962.5,0,94750,0,26.551051954811,578.901171931,641.539846858999,13,155
"173",0.625,1,3.25,4.1927271,6.75,1.4720511,0.375,0.375,14.149822,41031.855,0,127428.29,0,27.6232158312946,0,531.860413839999,25,168
"174",1,2,14,4.4308167,5,-0.88583499,1,1,56.310783,38513,0,107907.34,0,23.4297060067707,0,798.03846277,48,90
"176",0.71428573,1,5.1428571,3.8493693,6.2857141,0.012416899,1,1,56.310783,28803,0,89519,0,23.5726146699887,0,952.34457754,34,91
"179",1,1,0,4.2121277,6,2.2580109,1,1,63.599037,36327,0,151731,0,26.0408842366199,930.18004688,662.21818323,40,176
"182",0.66666669,1,2,4.0206642,6,1.9086946,1,1,63.599037,38167,0,127222,0,26.0408842366199,930.180046880003,662.218183229998,40,176
"185",0,0,0,4.388257,7,0.64888436,1,1,89.850739,37667.168,0,134666.67,0,26.6746423487863,824.92825387,692.88476106,64,166
"187",0.33333334,0.33333334,2.5555556,3.8904998,5.7777777,1.5593785,1,1,89.850739,39909.832,0,122857.5,0,26.6746423487863,824.928253870003,692.884761060002,64,166
"189",0.2857143,0.42857143,6.7142859,3.8952765,6.2857141,1.3597713,1,1,78.414612,51000,0,90000,1,26.3832056752137,698.586509289999,593.19591874,64,176
"192",1,1,0,4.5485997,8,-0.88582069,1,1,89.737251,37581.668,0,104722.34,0,26.7787611290449,0,507.27554306,47,166
"194",0.625,0.875,2.875,4.205883,6.5,-0.49285248,1,1,89.737251,29719.666,0,91974,0,26.6058386533035,0,620.609310127001,21,166
"196",0.54545456,0.81818181,4,4.08957,6.181818,1.1147941,1,1,141.18356,29733,0,87914,0,24.540430433004,0,663.230941297,21,143
"199",0.625,0.75,1.75,4.1020637,6.375,1.8650302,1,1,63.878548,41413,0,111042,0,NA,NA,NA,NA,NA
"202",0,0,3.25,4.057579,5.875,1.4720494,1,1,80.978134,43875,0,1e+05,0,24.324371094737,0,868.074231929999,42,144
"205",1,1.5,11.5,4.0475326,6,-0.88582069,1,1,80.978134,41000,0,120000,0,24.324371094737,0,868.07423193,42,144
"207",0.375,0.5,0.25,3.952826,6.125,0.293109,1,1,15.578173,45440,0,119000,0,NA,NA,NA,NA,NA
"210",1,2,10.5,4.2506332,7.5,-0.88582784,0.5,0.5,15.578173,43222.602,0,126083.4,0,NA,NA,NA,NA,NA
"212",1,1.3333334,6.1666665,4.2531543,6.8333335,-0.88582307,1,1,70.163345,34750,0,107039,0,26.6922649894762,0,1118.43766249,66,134
"214",1,1.75,0,4.4252672,7.75,-0.88582426,1,1,70.163345,38406,0,95708.5,0,26.6922649894762,0,1118.43766249,66,134
"218",0.625,1,6.5,4.1574759,7,0.293109,1,1,108.02531,32500,0,99375,0,NA,NA,NA,NA,NA
"220",0,0,0,4.2121277,5,2.2580109,1,1,108.02531,30417,0,129375,0,NA,NA,NA,NA,NA
"222",1,1,0,4.1271343,7,-0.88582069,1,1,100.65281,37522.145,0,109285.71,0,25.4780300947337,0,1845.0500203,65,122
"225",0.75,1.375,1.125,4.1220856,6.875,-0.88582784,1,1,100.65281,39633.715,0,95178.57,0,25.4780300947337,0,1845.0500203,65,122
"227",1,3,22,4.1026435,7,-0.88582069,0,0,100.65281,37197.629,0,123547.6,0,25.4780300947337,0,1845.0500203,65,122
"231",0.125,0.25,0.25,4.1498494,6.875,0.293109,1,1,147.24648,34458,0,101354.25,0,26.1225442771385,0,1743.6918418,64,119
"234",1,3,5,4.0430512,6,-0.88582069,1,1,22.358713,45005.332,0,113333.34,0,25.0660273076055,0,613.8374393,66,143
"237",1,3,0,3.7256935,6,-0.88582069,1,1,22.358713,40254,0,109816.66,0,25.0660273076055,0,613.8374393,66,143
"238",0.85714287,1.5714285,2.7142856,4.330071,7.1428571,-0.88582069,1,1,22.358713,39281.168,0,96722.164,0,25.0660273076055,0,613.837439299999,66,143
"240",0.22222222,0.22222222,2.2222223,4.0867119,6.1111112,-0.88583338,1,1,9.1446953,41413,0,111042,0,NA,NA,NA,NA,NA
"243",0.71428573,1.2857143,7,4.2062902,6.8571429,-0.66657913,1,1,9.6219559,38729,0,95714,0,NA,NA,NA,NA,NA
"247",0.625,1.375,2.5,4.2442389,6.75,-0.88582426,1,1,13.128747,41450,0,115000,0,26.9162669509827,0,497.9124824,64,151
"250",0.14285715,0.14285715,3.7142856,4.203701,6.4285712,1.808892,1,1,68.764008,43875,0,1e+05,0,26.1638287768856,0,738.740397179999,12,141
"253",1,1,7,4.1588831,6,2.2580109,1,1,68.764008,41000,0,120000,0,26.1638287768855,0,738.74039718,12,141
"254",0.2857143,0.2857143,1.1428572,4.2536197,7.2857141,1.3597692,1,1,95.673981,41413,0,111042,0,NA,NA,NA,NA,NA
"257",0,0,7,4.0775375,6,-0.88583499,1,1,95.673981,40107,0,115417,0,NA,NA,NA,NA,NA
"258",0,0,8.1111107,3.91695,6.2222223,1.5593785,1,1,38.893166,43875,0,1e+05,0,25.1437984170876,0,820.54374185,64,148
"262",0.5,2,3.5,4.1069617,6,-0.88582784,0.5,0.5,35.730312,44654.125,0,137395.63,0,26.2176801124113,0,639.268547,26,161
"264",0.89999998,2.3,2.0999999,4.2630405,6.5999999,-0.5714404,0.89999998,0.89999998,35.730312,44173.25,0,122715.88,0,26.2176801124115,0,639.268547000005,26,161
"266",1,1,0,4.051785,5,-0.88582069,1,1,65.174675,43018.855,0,118571.43,0,25.4052622639258,814.6961567,670.2924412,64,156
"269",1,3,5,4.2121277,8,-0.88582069,1,1,65.174675,52604.285,0,140595.2,0,25.4052622639258,814.6961567,670.2924412,64,156
"271",0.72727275,1.9090909,9.545455,4.1804709,6.3636365,-0.8858285,1,1,65.174675,29530.428,0,91335.43,0,25.3872582735883,670.292441199999,742.967845700001,67,163
"272",1,2,0,4.2626801,8,-0.88583499,1,1,65.174675,42732.715,0,127976.29,0,25.4052622639258,814.6961567,670.2924412,64,156
"275",0.66666669,0.66666669,5.2222223,4.2524266,6.6666665,-0.88583183,1,1,56.569244,50313,0,124583,0,27.2575156959315,0,680.1033208,41,155
"278",1,2,0,4.1431346,5,-0.88582069,1,1,56.569244,47896,0,142083,0,27.2575156959315,0,680.1033208,41,155
"280",1,1,14,4.1510401,8,-0.88582069,1,1,56.886745,39400,0,218250,0,NA,NA,NA,NA,NA
"281",0.625,1,9.25,4.1084104,6.125,-0.099868163,1,1,56.886745,31083,0,88846,0,NA,NA,NA,NA,NA
"288",0.83333331,1.1666666,1.3333334,4.0296979,6,-0.36185116,1,1,53.92828,47896,0,142083,0,27.2575156959315,0,795.2178173,95,157
"291",0.625,0.625,6.25,4.0380459,5.75,0.293109,1,1,53.92828,48194,0,127944,0,27.2575156959315,0,795.217817299999,95,157
"293",0,0,3,4.0342407,5,2.2580214,1,1,75.9701,35479,0,99167,0,27.2261381426483,1021.9056526,906.2101846,96,163
"294",1,1,0,4.4006028,7,2.2580214,1,1,75.9701,50000,0,125000,0,27.2261381426483,1021.9056526,906.2101846,96,163
"296",0.5714286,0.71428573,7.1428571,3.8644545,5.1428571,2.258019,1,1,75.9701,31083,0,88846,0,27.7136219336101,906.2101846,984.967242799999,22,160
"299",0.625,1,8,4.4471893,7.125,0.68609154,1,1,146.14426,50000,0,125000,0,27.1947605893651,1033.6135798,915.1662196,95,164
"303",0.5,1.5,1.8333334,4.3595037,6.1666665,0.6860975,0,0,149.12968,32214,0,98571,0,NA,NA,NA,NA,NA
"304",1,3,22,4.4067192,5,2.2580252,0,0,149.12968,32950,0,92750,0,NA,NA,NA,NA,NA
"307",1,1.625,3.75,4.1105132,6.5,-0.69398075,0.125,0.125,30.489969,31119,0,93184.398,0,25.1599824439462,0,759.764139100002,35,158
"309",1,1.6,6.8000002,4.2147074,6.8000002,-0.57887679,0,0,7.719327,51778,0,132944,0,27.2575156959315,0,719.7032512,131,167
"311",1,2,0,4.5798526,8,-0.88582069,1,1,7.719327,48194,0,127944,0,27.2575156959315,0,719.7032512,131,167
"312",1,3.5999999,0,4.2951574,7,-0.88582355,1,1,12.585749,42720.5,0,118585.66,0,26.2693255459508,931.674190799998,635.242715900001,134,173
"316",0,0,0,4.051785,4,-0.88583499,1,1,12.585749,40796.168,0,142019,0,26.2693255459508,931.6741908,635.2427159,134,173
"317",1,7,0,4.4543471,8,-0.88582069,1,1,12.585749,41768.832,0,128007,0,26.2693255459508,931.6741908,635.2427159,134,173
"321",0.75,1.75,13.5,3.9137135,6.375,-0.88582247,0.875,0.875,3.3422613,31083,0,88846,0,NA,NA,NA,NA,NA
"324",1,1,0,4.3944492,7,-0.88582069,1,1,15.796395,51274.57,0,128320.29,0,24.8344381397352,0,635.2427159,134,173
"327",1,1.75,7.375,4.1936517,6.875,-0.88582247,1,1,15.796395,38928.57,0,122857.14,0,24.8344381397352,0,635.242715900004,134,173
"330",1,2,0,4.3694477,8,-0.88582069,1,1,15.796395,49352.57,0,143835.86,0,24.8344381397352,0,635.2427159,134,173
"333",1,2,0,4.0943446,7,-0.88582069,1,1,20.651403,34117.57,0,101313.57,0,NA,NA,NA,NA,NA
"334",1,1.5,0,4.1879587,6.5,-0.88582069,1,1,20.651403,32835.715,0,89935.711,0,NA,NA,NA,NA,NA
"336",1,1.8888888,5.6666665,4.2425032,6.3333335,-0.88582069,1,1,20.651403,30845,0,98186.711,0,NA,NA,NA,NA,NA
"340",1,1,0,4.051785,5,-0.88582069,0,0,3.4584658,50313,0,124583,0,27.2575156959315,0,583.9410688,134,174
"341",1,1,0,3.3672957,6,-0.88582069,1,1,3.4584658,50000,0,125000,0,27.2575156959315,0,583.9410688,134,174
"342",1,2.3333333,0,4.1415734,6.6666665,-0.63003653,0,0,3.4584658,36000,0,120000,0,27.2575156959315,0,583.9410688,134,174
"345",1,2,0,4.4485164,6,-0.88582069,0,0,11.858602,42800,0,130000,0,27.2575156959315,0,790.1654391,23,161
"349",1,3.5555556,4.5555553,4.0575786,6.5555553,-0.37424758,0.22222222,0.22222222,11.858602,39400,0,218250,0,27.2575156959315,0,790.1654391,23,161
"355",1,2.3333333,7.7777777,4.3026934,6.2222223,-0.71529788,0.11111111,0.11111111,6.0766034,38750,0,123750,0,27.6232158312946,0,542.621665074,25,167
"360",1,5,0,4.5695429,7,-0.88582069,1,1,13.545733,38866.648,0,165052.08,0,24.7254779763962,988.8483234,712.4319239,23,168
"362",0.85714287,3.1428571,1.5714285,4.3923659,7.1428571,0.21040742,0,0,13.545733,31300,0,92937.5,0.125,24.8898803232922,712.431923900003,755.644268400004,21,162
"363",1,2,0,4.4006028,8,0.64889866,0,0,13.545733,29514.375,0,93552.75,0.125,24.8898803232921,712.4319239,755.6442684,21,162
"365",1,1,11,4.1026435,6,-0.88582069,0,0,8.1306496,50313,0,124583,0,27.2575156959315,0,719.7032512,131,167
"367",1,3.2,5.4000001,4.2486205,7.4000001,-0.88582069,0.2,0.2,8.1306496,50000,0,125000,0,27.2575156959315,0,719.7032512,131,167
"369",1,3,9,4.4942389,7,0.64889866,0,0,8.1306496,36000,0,120000,0,27.2575156959315,0,719.7032512,131,167
"374",1,2.1428571,9.2857141,4.344173,7.1428571,-0.88582069,0.2857143,0.2857143,6.5115929,31083,0,88846,0,27.6299739690523,0,773.3540801,22,166
"376",1,1,13,4.0253515,5,-0.88583499,0,0,4.671186,42266.668,0,130000,0,27.2696087852167,0,723.2249328,131,168
"378",1,2,4.8333335,4.1474118,6.3333335,-0.63003653,0,0,4.671186,52088.867,0,183055.53,0,27.2696087852166,0,723.2249328,131,168
"380",1,4,0,4.1588831,7,-0.88582069,0,0,4.671186,44514,0,141527.67,0,27.2696087852167,0,723.2249328,131,168
"382",1,2.7777777,7.8888888,3.9564674,6.2222223,-0.8858223,0.8888889,0.8888889,12.030807,31083,0,88846,0,27.6299739690523,0,754.5638706,22,167
"386",1,2.4285715,3.7142856,4.2634807,6.7142859,-0.88582069,1,1,25.417114,37404,0,100694.66,0,25.8623085608602,0,635.242715900001,134,173
"389",1,1,0,4.1896548,7,-0.88582069,1,1,14.359507,52139.668,0,124052.5,0,NA,NA,NA,NA,NA
"390",1,2.4285715,1.4285715,4.3676748,7.1428571,-0.66657507,0.85714287,0.85714287,14.359507,51666.668,0,125833.34,0,NA,NA,NA,NA,NA
"394",1,1,0,4.6539602,8,-0.88583499,1,1,14.359507,48968.832,0,142791.33,0,NA,NA,NA,NA,NA
"396",1,3,0,4.2556129,6,-0.88582069,1,1,14.42299,51778,0,132944,0,NA,NA,NA,NA,NA
"398",1,2.5999999,7.5999999,4.2271152,6.1999998,-0.57887679,1,1,14.42299,50000,0,125000,0,NA,NA,NA,NA,NA
"400",1,2,4,4.3502779,7,-0.88582069,1,1,14.42299,47896,0,142083,0,NA,NA,NA,NA,NA
"401",1,2.5999999,12.2,3.8772423,6.5999999,-0.88582426,1,1,8.5769501,32214,0,98571,0,NA,NA,NA,NA,NA
"405",1,2,0,4.2904596,7,-0.88582069,1,1,8.5769501,39400,0,218250,0,NA,NA,NA,NA,NA
"408",1,2.1666667,2.1666667,4.0817704,5.5,-0.88582546,0.83333331,0.83333331,7.6968637,39400,0,218250,0,NA,NA,NA,NA,NA
"412",1,1.5,8.75,4.1073256,7,-0.88582069,1,1,6.4459457,35479,0,99167,0,NA,NA,NA,NA,NA
"413",0.83333331,2.1666667,9.5,4.1645055,6,-0.88582069,1,1,15.075484,32214,0,98571,0,27.6299739690523,0,705.5048058,22,171
"417",1,1.8333334,3.8333333,4.1719332,6.1666665,-0.88582307,1,1,65.069817,45000,0,120000,0,NA,NA,NA,NA,NA
"419",0,0,13,4.2413268,6,-0.88582069,1,1,65.069817,42948.668,0,150512.67,0,NA,NA,NA,NA,NA
"421",1,3,0,4.5108595,7,-0.88582069,1,1,17.142286,47910.273,0,124158.91,0,23.2625093160185,0,607.572098299999,33,163
"425",1,5.4000001,9,4.2608442,6.5999999,0.035010923,0.2,0.2,17.142286,44004.836,0,168712.11,0,23.2625093160185,0,607.572098300004,33,163
"428",0.5,0.5,11,4.0959048,7,-0.88582784,1,1,17.142286,45514.453,0,154349.45,0,23.2625093160185,0,607.572098299999,33,163
"429",1,4,0,4.356709,7,-0.88582069,1,1,17.142286,50178.547,0.18181819,137382.45,0.18181819,23.2625093160185,0,607.572098299999,33,163
"431",1,3.125,2.625,4.2096567,6.25,-0.88582247,0,0,14.520513,34160.5,0,93928.25,0,25.3901185326258,0,1673.10622059,0,86
"433",1,2,0,4.4006028,8,-0.88582069,1,1,14.520513,40150,0,107725,0,24.8966370223326,0,1273.3680306,1,97
"434",1,3,0,4.3372908,7,-0.88582069,0,0,14.520513,35489.5,0,105000.25,0,24.8966370223326,0,1273.3680306,1,97
"439",0.8888889,1.8888888,9.5555553,4.1090908,6.4444447,-0.71529788,0,0,22.027121,39640,0,196426.69,0,24.8966370223326,0,573.5440189,131,171
"443",1,1,8,4.2413268,6,-0.88582069,1,1,46.043056,48786.375,0,121067.5,0,24.1669781719959,0,618.5136384,33,163
"445",0.8888889,1.4444444,7.5555553,4.2140145,6.2222223,-0.36598328,1,1,46.043056,48175,0,121875,0,24.166978171996,0,618.513638400004,33,163
"449",0.875,1.25,10.375,3.7590258,5.375,-0.88582426,1,1,15.471095,39000,0,111300,0,27.2575156959315,0,587.01119736,33,164
"454",1,1.5,0,3.5259278,6,-0.88582069,1,1,32.807865,30930,0,95050,0,NA,NA,NA,NA,NA
"456",1,1.5,5.25,4.3683062,7.5,-0.88582069,1,1,32.807865,30265.199,0,92076.797,0,NA,NA,NA,NA,NA
"458",1,2.3333333,4.5,4.2152076,7.1666665,-0.88582069,1,1,18.10984,50313,0,124583,0,NA,NA,NA,NA,NA
"460",1,2,0,4.2341065,7,-0.88582069,1,1,18.10984,50000,0,125000,0,NA,NA,NA,NA,NA
"462",1,1.6666666,9.666667,3.6579001,4,-0.88582069,0.66666669,0.66666669,18.10984,48194,0,127944,0,NA,NA,NA,NA,NA
"466",1,3.6666667,15.666667,4.3455935,7.1666665,-0.88582069,1,1,24.413219,46351.855,0,120499,0,26.094932178539,0,635.242715900001,134,173
"468",1,2,0,3.8815639,6,-0.88582069,1,1,24.413219,42910.145,0,147719.58,0,26.0949321785391,0,635.2427159,134,173
"469",1,2,4,4.3107991,8,-0.88582069,1,1,24.413219,43756.855,0,133827.28,0,26.0949321785391,0,635.2427159,134,173
"470",1,2,8,4.4248466,5,-0.88582069,1,1,24.413219,44019.57,0,119946.29,0,26.0949321785391,0,635.2427159,134,173
"472",1,1,0,4.1972017,7,-0.88583499,1,1,13.017284,44910.398,0,117552.8,0,NA,NA,NA,NA,NA
"473",1,3.125,2.5,4.243032,7,-0.88582069,1,1,13.017284,39483.602,0,104880,0,NA,NA,NA,NA,NA
"478",1,1,5,3.9796817,4,-0.88582069,1,1,13.017284,43222.602,0,126083.4,0,NA,NA,NA,NA,NA
"480",1,3.375,5.25,4.2326474,6.5,-0.88582069,0.875,0.875,28.272852,40550,0,125636.37,0,23.7280590364015,931.674190799997,635.242715900005,134,173
"488",1,3,0,4.1026435,5,-0.88582069,1,1,28.272852,43601.453,0,156300.55,0,23.7280590364014,931.6741908,635.2427159,134,173
"490",1,3,0,4.59512,8,-0.88582069,1,1,28.272852,46784.184,0.090909094,141999.73,0.090909094,23.7280590364014,931.6741908,635.2427159,134,173
"494",1,1.6,2,4.306489,6.8000002,-0.88582069,0.80000001,0.80000001,9.8636866,50177.602,0,125666.4,0,NA,NA,NA,NA,NA
"497",1,3,0,4.4830027,7,-0.88582069,1,1,8.6576757,42709.109,0,126111.11,0,24.5760861941956,0,648.3487668,23,167
"500",1,2,0,4.2696977,8,-0.88582069,1,1,8.6576757,49388.891,0,127777.78,0,24.5760861941956,0,648.3487668,23,167
"501",1,3,0,4.4942389,7,-0.88582069,1,1,8.6576757,41040.734,0,186249.98,0,24.5760861941956,0,648.3487668,23,167
"503",1,2.6363637,0.18181819,4.2116308,6.6363635,-0.74630076,0.90909094,0.90909094,8.6576757,32227.777,0,97163.891,0,24.8080521346478,0,711.662187600005,13,165
"505",1,1,0,4.0253515,5,-0.88583499,1,1,24.095531,37633.332,0,119000,0,NA,NA,NA,NA,NA
"506",1,2.3333333,0.33333334,4.3555956,7.1666665,-0.88582069,1,1,24.095531,30278.334,0,94642.664,0.33333334,NA,NA,NA,NA,NA
"509",0,0,0,4.1896548,7,-0.88582069,1,1,24.095531,33666.668,0,116666.66,0,NA,NA,NA,NA,NA
"511",1,2.8333333,5.8333335,4.2706285,6.5,-0.63003415,1,1,8.0791092,45475,0,127500,0,NA,NA,NA,NA,NA
"515",1,2.5,0,4.327651,7,-0.88582069,1,1,8.0791092,41500,0,127500,0,NA,NA,NA,NA,NA
"516",1,3.6666667,0,4.3946323,7,-0.88582069,0.33333334,0.33333334,8.0791092,41615.5,0,153750,0,NA,NA,NA,NA,NA
"519",1,2,0,4.4543471,8,0.64889866,1,1,14.823342,36404.332,0,108786.45,0,22.8087249818608,0,635.2427159,134,173
"521",1,1,23,4.5538769,8,-0.88582069,1,1,14.823342,37800.734,0,181500,0,22.8087249818608,0,635.2427159,134,173
"522",1,2,0,4.2121277,6,-0.88582069,1,1,14.823342,30533.334,0,90150,0,23.2561145184993,0,705.5048058,22,171
"524",1,3.3333333,0.83333331,4.4227514,7.5,-0.63003415,0.16666667,0.16666667,14.823342,29374.334,0,87839.664,0,23.2561145184993,0,705.504805799999,22,171
"530",1,4,19,4.1588831,6,-0.88582069,1,1,23.309271,49444.445,0,123888.89,0,23.7086448085014,0,762.0113224,23,163
"532",0.85714287,2.1428571,8.2857141,4.1492801,5.7142859,-0.66657507,1,1,23.309271,38111.109,0,121111.11,0,23.7086448085014,0,762.011322399999,23,163
"533",1,2,0,4.051785,5,-0.88583499,1,1,23.309271,46792.777,0,153888.67,0,23.7086448085014,0,762.0113224,23,163
"534",0,0,0,4.1896548,6,-0.88583499,1,1,23.309271,46669.109,0,141143.22,0,23.7086448085014,0,762.0113224,23,163
"535",0.77777779,1.2222222,6.7777777,4.0960579,5.3333335,-0.53650606,1,1,37.447098,38401.199,0,110900,0,23.841508743677,975.893332099997,775.267485499998,23,164
"538",1,2.2,2.4000001,4.3544064,7.4000001,-0.88582355,1,1,19.841656,51778,0,132944,0,NA,NA,NA,NA,NA
"540",0,0,21,4.0430512,6,-0.88582069,1,1,19.841656,50313,0,124583,0,NA,NA,NA,NA,NA
"544",1,4.625,0,4.4400282,7.25,-0.50214088,0.125,0.125,20.67832,31518.75,0,95718.75,0,24.1526356959721,671.777429700003,747.274257599997,22,168
"546",1,12,0,4.4127984,8,-0.88582069,0,0,20.67832,29604.625,0,93471,0,24.1526356959721,671.7774297,747.274257600001,22,168
"548",1,6,0,4.3630986,6,-0.88582069,1,1,21.884281,46086.5,0.16666667,127519.5,0.16666667,22.6030097743601,1012.2215225,748.2188859,23,163
"550",0.66666669,1.6666666,1.6666666,4.2958822,7.3333335,-0.88582307,1,1,21.884281,49079.832,0,123411.34,0,22.6030097743601,1012.2215225,748.218885900001,23,163
"553",1,1,2,3.5553482,4,-0.88582069,1,1,21.884281,44916.668,0,158153.67,0,22.6030097743601,1012.2215225,748.2188859,23,163
"555",1,4,0,4.051785,6,-0.88582069,1,1,21.884281,45927.668,0,129181.34,0,22.6030097743601,1012.2215225,748.2188859,23,163
"558",0.89999998,2.0999999,6.8000002,3.842479,6,-0.88582069,0.69999999,0.69999999,14.148135,32950,0,92750,0,NA,NA,NA,NA,NA
"562",0.85714287,1.8571428,8.8571424,4.2195396,7.4285712,-0.88582069,1,1,16.871437,50313,0,124583,0,NA,NA,NA,NA,NA
"565",1,1,34,4.0690269,5,-0.88582069,1,1,16.871437,47896,0,142083,0,NA,NA,NA,NA,NA
"568",1,2.1428571,1,4.1529298,6.5714288,-0.88582069,1,1,28.441858,32550,0,99062.5,0,NA,NA,NA,NA,NA
"573",1,2.25,0,4.1668816,7.25,-0.88582069,1,1,19.476967,50687.777,0,125384.78,0,24.9471281390834,0,648.348766800001,23,167
"577",1,1.6666666,0,4.2716289,6,-0.88582546,1,1,19.476967,46562.891,0,140529.44,0,24.9471281390834,0,648.348766800001,23,167
"579",1,3,0,4.388257,8,-0.88582069,1,1,19.476967,47130.223,0,127939.89,0,24.9471281390834,0,648.3487668,23,167
"581",1,4,0,4.1351666,6,-0.88582069,1,1,9.6387615,52537.5,0,130000,0,24.8278789055525,0,747.94980734,11,121
"584",1,1,9,4.4886365,8,-0.88583499,1,1,9.6387615,44718.75,0,106612.5,0,24.8278789055525,0,747.94980734,11,121
"586",1,1.8571428,1.2857143,4.2581944,7.1428571,-0.88582069,0.2857143,0.2857143,9.6387615,33643.25,0,100579.75,0,24.8278789055525,0,747.94980734,11,121
"588",0.66666669,1,9,4.1400552,6.6666665,-0.88582069,1,1,10.465089,42800,0,130000,0,27.2575156959315,0,589.721399,23,171
"590",0.60000002,1,13.8,4.2147141,5.8000002,-0.88582355,1,1,10.465089,39400,0,218250,0,27.2575156959315,0,589.721399,23,171
"593",1,1,0,4.0690269,7,2.2580109,1,1,32.213356,46379.398,0,131016.4,0,25.5120728608178,0,674.7488144,23,169
"597",0.71428573,1,5.2857141,4.2831287,6.8571429,0.012416899,0.2857143,0.2857143,32.213356,40850,0,177083.31,0,25.5120728608178,0,674.748814400001,23,169
"599",0.69999999,1.3,13.9,4.1474609,6.0999999,-0.25705439,0.2,0.2,11.694139,39000,0,111300,0,27.2575156959315,0,715.5781514,23,169
"601",1,1.5714285,8,4.2575831,6.2857141,-0.88582069,1,1,58.020798,36083.25,0,101505.5,0,NA,NA,NA,NA,NA
"604",1,1,3,4.2970772,5.5,-0.88583499,1,1,58.020798,38000,0,114375,0,NA,NA,NA,NA,NA
"608",1,1,0,4.3372908,8,-0.88582069,1,1,14.05834,51778,0,132944,0,27.2575156959315,0,697.112224,23,167
"610",1,2.25,6,4.2332368,6.75,-0.88582069,1,1,14.05834,50313,0,124583,0,27.2575156959315,0,697.112224,23,167
"617",0.89999998,2,11.8,4.0835266,6.3000002,-0.88582212,1,1,54.867252,31119,0,90584.25,0,NA,NA,NA,NA,NA
"618",1,1,35,4.3174882,8,-0.88582069,1,1,54.867252,44183,0,139270.75,0,NA,NA,NA,NA,NA
"620",1,3,3,4.4184761,7.125,-0.50214088,0.875,0.875,13.490579,51072.398,0,132142.8,0,24.82627738717,0,719.7032512,131,167
"625",1,2,9,4.0770831,6.1666665,-0.88582069,1,1,10.712015,32214,0,98571,0,27.6299739690523,0,694.6488453,22,168
"628",0.66666669,1.5,6.6666665,4.2356563,7,-0.88582307,1,1,11.046487,49427.25,0,133301.75,0,25.3599344703708,0,618.2832348,131,167
"629",1,2,9,4.3307333,8,-0.88582069,1,1,11.046487,49132.5,0,128437.25,0,25.3599344703708,0,618.2832348,131,167
"634",0.5,1,25.5,3.8931723,4.5,2.2580109,1,1,41.532204,43070.75,0,125000,0,26.8872865226039,898.3549757,618.2832348,131,167
"635",0.83333331,1.3333334,8.333333,4.1987638,6.6666665,-0.88582307,1,1,41.532204,33842.75,0,97856.75,0,27.0347081880093,618.283234800001,694.648845299999,22,168
"640",1,2,0,4.356709,8,-0.88583499,1,1,20.649567,38666.668,0,122500,0,27.1520049817014,0,618.2832348,131,167
"642",1,3.625,8.25,3.9336421,5.625,-0.88582069,1,1,20.649567,30517.166,0,89472.664,0,27.0231623470289,0,694.648845300001,22,168
"645",1,2,1,4.4773369,7,-0.88582069,1,1,12.583889,39134.332,0,109516.66,0,26.7335494892232,0,618.2832348,131,167
"647",0.89999998,1.9,4.1999998,4.0658865,6.5999999,-0.73235017,1,1,12.583889,48829.668,0,122326.16,0,26.7335494892232,0,618.2832348,131,167
"650",1,4,0,4.2556129,8,-0.88582069,1,1,12.583889,46594.5,0,123338.84,0,26.7335494892232,0,618.2832348,131,167
"653",1,2,0,4.356709,7,-0.88582069,1,1,32.113461,46994.25,0,119879.5,0,26.9003480803037,0,618.2832348,131,167
"655",0.875,1.5,13.625,4.0655832,5.75,-0.88582247,1,1,32.113461,43250,0,127500,0,26.9003480803037,0,618.283234800001,131,167
"656",1,2,0,3.3526666,4,-0.88582069,1,1,9.3275862,30762.25,0,95624.75,0.25,25.6775323443443,0,694.6488453,22,168
"659",1,2,0,4.6298628,8,-0.88582069,1,1,9.3275862,43500,0,116250,0,25.3361106002362,0,618.2832348,131,167
"660",1,2,1.75,4.2692566,6.625,-0.88582247,1,1,9.3275862,31462.5,0,89437.5,0.25,25.6775323443443,0,694.648845299999,22,168
"664",1,2.6666667,0.66666669,4.2290077,6.6666665,-0.88582307,1,1,9.3581934,37250,0,120000,0,26.7335494892233,0,618.2832348,131,167
"666",1,3,0,4.2835865,6,-0.88582069,1,1,9.3581934,44731.5,0,149230.5,0,26.7335494892232,0,618.2832348,131,167
"668",1,1.625,5.375,4.203836,6.625,-0.88582069,1,1,10.931371,32950,0,92750,0,NA,NA,NA,NA,NA
"672",0.85714287,2,15.571428,4.0609312,5.7142859,-0.88582271,1,1,11.445193,36000,0,120000,0,NA,NA,NA,NA,NA
"674",0,0,4,4.2835865,7,-0.88582069,1,1,11.445193,47896,0,142083,0,NA,NA,NA,NA,NA
"676",1,2,11,4.4188404,7,-0.88582069,1,1,11.161196,31942.6,0,97585.398,0,24.1734289636123,697.112224,751.6762093,22,165
"679",0.85714287,2.2857144,15.857142,4.3046885,5.8571429,-0.88582069,1,1,11.161196,32200,0,94800,0,24.1734289636124,697.112223999999,751.6762093,22,165
"681",0.85714287,1.4285715,9.4285717,4.1860332,6.1428571,-0.88582271,1,1,10.620722,42800,0,130000,0,27.2575156959315,0,618.2832348,131,167
"684",1,3,0,4.3107991,7,-0.88582069,0,0,10.620722,48194,0,127944,0,27.2575156959315,0,618.2832348,131,167
"687",1,1.625,7.25,4.1343908,5.875,-0.88582069,1,1,12.214085,32950,0,92750,0,NA,NA,NA,NA,NA
"689",1,6,0,4.4308167,7,-0.88582069,1,1,9.6030502,51778,0,132944,0,27.2575156959315,0,618.2832348,131,167
"690",1,2,11.857142,4.139483,6.4285712,-0.88582271,1,1,9.6030502,50313,0,124583,0,27.2575156959315,0,618.2832348,131,167
"694",1,2,3,4.1190372,6,-0.88582069,1,1,35.307743,50313,0,124583,0,27.2575156959315,0,732.5681087,23,169
"696",0.83333331,1.5,14.166667,4.2441025,6.3333335,0.68609273,0.33333334,0.33333334,35.307743,36000,0,120000,0,27.2575156959315,0,732.5681087,23,169
"699",0,0,0,3.9120231,6,-0.88582069,0,0,53.307472,39500,0,119471.43,0,26.7208772115679,0,670.8261059,23,180
"700",0.55555558,1,13.555555,4.0789165,6.2222223,0.86074877,1,1,53.307472,35014.715,0,98982.43,0,26.7208772115679,0,670.826105900001,23,180
"702",1,2,0,4.0943446,7,-0.88582069,1,1,53.307472,40200,0,205214.28,0,26.7208772115679,0,670.8261059,23,180
"705",1,2,0,4.4942389,7,-0.88582069,1,1,98.873672,40756.5,0,122489.34,0,26.7267337033955,0,857.5823396,121,154
"706",0.25,0.25,3.125,3.9784143,4.875,1.8650302,0.75,0.75,98.873672,36833.332,0,119166.66,0,26.7267337033956,0,857.5823396,121,154
"708",0,0,13,3.198673,4,2.2580109,1,1,98.873672,42673.5,0,149513.83,0,26.7267337033955,0,857.5823396,121,154
"711",1,1.5,4.5,4.3532248,6.5,-0.88582069,1,1,117.25551,35479,0,99167,0,26.953075182385,0,997.4000235,64,144
"713",0.36363637,0.36363637,2.3636363,4.1085067,6.3636365,1.6864052,1,1,117.25551,32950,0,92750,0,27.2805153398638,0,1069.5021527,71,148
"719",0.63636363,0.72727275,1.2727273,4.2121167,6.5454545,1.1147981,1,1,129.24733,40972.398,0,131811.2,0,NA,NA,NA,NA,NA
"721",0.44444445,0.55555558,9,4.0051727,5.3333335,1.9086946,1,1,103.53821,32500,0,96250,0,NA,NA,NA,NA,NA
"723",0.8888889,1.5555556,1.5555556,4.2956295,6.1111112,0.51143616,0.22222222,0.22222222,99.202942,36666.668,0,121666.66,0,27.2575156959315,0,697.112224,23,167
"727",0.75,2.25,3.375,4.2351098,6.625,-0.099862799,0,0,120.91515,32577,0,96731,0,26.8187091834223,0,1115.20147771,54,116
"729",0.33333334,0.44444445,0,4.1886778,6,1.2100623,1,1,41.408058,39583,0,121667,0,26.6697070221274,0,1117.3710066,64,120
"732",0.33333334,0.33333334,8,4.077466,6,0.16211839,1,1,41.408058,40833,0,157500,0,26.6697070221273,0,1117.3710066,64,120
"737",0,0,0,4.1510401,5,-0.88582069,0,0,27.11306,30500,0,112500,0,26.7329703008531,0,1166.9763751,64,124
"738",0.125,0.125,8.125,3.5158348,4.75,0.68608797,1,1,27.11306,33497,0,94134.5,0,26.8187091834223,0,1176.7578068,54,134
"740",0.5,0.5,4,3.8356633,5.5,2.2580109,1,1,29.844816,30000,0,120000,0,26.732970300853,0,951.879799560001,64,136
"744",0,0,14.285714,4.129528,5.5714288,2.2580109,1,1,177.79536,32577,0,96731,0,26.1724110720615,0,821.292417485,34,132
"746",0.40000001,0.5,1.7,4.057241,6.5,-0.25706154,1,1,169.73486,37411.801,0,118288.2,0,22.6640500155098,0,969.62114816,64,128
"749",1,1,2,4.2413268,7,-0.88582069,1,1,169.73486,39384.602,0,167692.41,0,22.6640500155099,0,969.62114816,64,128
"750",0,0,39,3.871201,6,2.2580109,1,1,169.73486,38458,0,152625,0,22.6640500155099,0,969.62114816,64,128
"753",0.125,0.125,4.25,3.7513223,4.625,2.2580109,1,1,182.2243,32500,0,96250,0,26.3389599496937,0,906.484339249999,34,129
"757",0,0,1.375,3.7583346,5.25,2.2580109,1,1,216.68652,29000,0,116666.66,0,25.0624679695343,0,1130.79253738,63,127
"759",1,1,10,4.4998097,6,-0.88582069,1,1,216.68652,33444.332,0,140000,0,25.0624679695343,0,1130.79253738,63,127
"760",0,0,0,4.051785,6,2.2580109,1,1,194.1364,32229,0,97875,0,26.4576039841361,0,952.3485651,64,119
"761",0.625,0.75,0.25,3.9535179,5.25,-0.09987174,1,1,194.1364,32500,0,96250,0,26.5269336612722,0,726.27091322,58,138
"763",0.44444445,1.4444444,5.6666665,4.0126624,6,0.16211839,1,1,62.444283,41694.285,0,122828.57,0,25.39018725291,0,1121.3930123,64,122
"767",1,1.5,1,4.0245538,6.5,0.68609512,1,1,62.444283,41906,0,152889.58,0,25.3901872529099,0,1121.3930123,64,122
"769",0.22222222,0.22222222,23.444445,3.8879888,5.2222223,0.86074603,1,1,90.596916,32577,0,96731,0,26.1509862381152,0,1001.93990104,35,128
"771",1,1,0,4.3174882,8,-0.88582069,1,1,77.083229,38073,0,126319.66,0,26.7208772115679,0,1082.45380971,64,120
"773",0,0,6,3.8818657,4.3333335,1.2100623,1,1,77.083229,33333.332,0,120833.34,0,26.7208772115679,0,1082.45380971,64,120
"774",0.22222222,0.33333334,6.5555553,4.056355,6,0.51142985,1,1,77.083229,30166.666,0,128333.34,0,26.7208772115679,0,1082.45380971,64,120
"777",1,2.3333333,6,4.1854386,6,0.16212316,0.66666669,0.66666669,16.354288,33529,0,98391.797,0,NA,NA,NA,NA,NA
"779",0.2857143,0.42857143,5.7142859,4.1429076,6,1.3597713,1,1,16.354288,31979.4,0,93577,0,NA,NA,NA,NA,NA
"781",0.30000001,0.30000001,6.0999999,4.0679088,5.9000001,1.1539459,0.1,0.1,18.151157,39583,0,121667,0,NA,NA,NA,NA,NA
"785",0.5,0.5,3,3.6326275,4,0.68608797,1,1,18.151157,40833,0,157500,0,NA,NA,NA,NA,NA
"786",0.33333334,0.44444445,0.55555558,4.0340047,5.1111112,1.9086946,1,1,51.92807,38571,0,93214,0,NA,NA,NA,NA,NA
"787",0,0,26,3.48124,5,2.2580109,1,1,51.92807,37500,0,104167,0,NA,NA,NA,NA,NA
"790",0.125,0.125,7.625,4.0509586,6.625,1.0790722,1,1,18.753159,33500,0,111250,0,26.5431804646759,0,1051.44354012,64,138
"793",0,0,42,2.3513753,3,2.2580109,1,1,41.537003,36747,0,103268.14,0,26.3637095959401,0,1062.16829384,64,133
"795",1,1,0,4.388257,5,-0.88582069,1,1,41.537003,59857.145,0,147142.86,0,26.3637095959401,0,1062.16829384,64,133
"796",0.125,0.125,13.625,3.4848824,3.875,1.8650302,1,1,41.537003,36871.43,0,92821.43,0,26.3127916027274,0,1159.98383403,52,128
"799",0.375,0.375,3.875,4.016326,5.5,1.4720511,1,1,47.27877,53000,0,143333.33,0,26.5431804646759,0,1065.5287497,64,128
"802",1,1,7,3.871201,6,2.2580109,1,1,23.148413,36041.602,0,101908.6,0,27.0274660117031,0,967.3330891,64,134
"803",0.22222222,0.33333334,2.7777777,4.1996608,6.2222223,1.9086978,1,1,23.148413,35650,0,93150,0,27.197001021707,0,1098.69651826,53,133
"807",0.55555558,0.66666669,3.7777777,4.167347,6.4444447,0.51143461,0.22222222,0.22222222,33.725311,34513.832,0,112986.16,0,26.9124411695889,0,1209.22278284,93,136
"810",1,1,2,3.4597182,5.5,2.2580109,1,1,33.725311,38263.832,0,143264.17,0,26.9124411695888,0,1209.22278284,93,136
"812",0.54545456,1,7.909091,4.0583611,5.7272725,-0.60002434,1,1,92.222153,33768,0,108214.5,0,26.7518523915023,0,1175.06695059,54,115
"814",1,1.5,0,4.4265471,7.5,-0.88582069,1,1,92.222153,33041.5,0,98198,0,26.6616449626039,0,1168.08632757,64,119
"816",1,2.5,0,4.3429542,7,-0.88582247,1,1,84.106422,43905.883,0,130000,0,25.1795652363756,1002.86092693599,1247.211846858,64,122
"819",1,4,0,4.356709,8,-0.88582069,1,1,84.106422,37936.883,0,123266.47,0,25.1795652363754,1002.860926936,1247.211846858,64,122
"822",0.33333334,0.33333334,1.3333334,4.1027699,7.3333335,0.16211839,1,1,84.106422,37294.117,0,132941.17,0,25.1795652363755,1002.860926936,1247.211846858,64,122
"824",1,1,5,4.3174882,6,2.2580109,1,1,84.106422,40826.531,0,153137.3,0,25.1795652363754,1002.860926936,1247.211846858,64,122
"826",0.375,0.5,5.5,4.0076551,6.125,0.29311079,1,1,89.731522,33871.602,0,108857.4,0,26.7518523915023,0,1433.2952927,56,123
"828",0.5,0.5,12,4.3096042,6,-0.11846817,1,1,89.731522,32879,0,98133.398,0,26.6616449626039,0,1429.012737998,64,123
"831",0.22222222,0.33333334,4.2222223,3.9752078,5.8888888,1.9086946,1,1,87.754181,45000,0,130000,0,26.5431804646759,0,1161.939485,93,125
"833",0.33333334,0.33333334,8.8888893,3.567977,4.5555553,1.7299029,1,1,76.50856,34286,0,111429,0,NA,NA,NA,NA,NA
"834",1,1,0,4.3630986,6,-0.88583499,1,1,76.50856,32229,0,97875,0,NA,NA,NA,NA,NA
"840",0.72727275,1.0909091,7.7272725,4.0318642,5.6363635,-0.60002172,1,1,92.168564,35000,0,133333.33,0,26.3637095959402,0,1400.8655694,81,124
"842",0.8888889,1.5555556,2.7777777,4.2784381,6.6666665,-0.88582385,1,1,85.074234,36262.75,0,101071.5,0,NA,NA,NA,NA,NA
"846",1,3,0,4.388257,7,-0.88582069,1,1,85.074234,49730,0,117041.65,0,NA,NA,NA,NA,NA
"849",1,2,5,4.2696977,7,-0.88582069,1,1,85.074234,45807.75,0,143260.5,0,NA,NA,NA,NA,NA
"851",1,4,0,4.1666651,6,-0.88582069,1,1,75.500992,40521,0,125972.34,0,26.9078187658792,0,900.02896428618,63,127
"853",0.125,0.25,12.75,3.9824178,5.75,1.865032,1,1,75.500992,31333.334,0,126666.66,0,26.9078187658792,0,900.028964286178,63,127
"856",0.22222222,0.33333334,14.333333,4.0252767,6,0.86074764,1,1,93.807549,33595.332,0,107143,0,26.6582653710585,0,917.16140532,52,122
"861",1,2.5,0,4.3094912,6.5,-0.11846101,0.5,0.5,56.314476,43145.625,0,123012.75,0,26.7949238692942,803.46285797,1102.63891534,64,117
"864",0.22222222,0.22222222,12.777778,4.0334454,5.6666665,1.2100623,1,1,56.314476,37000,0,127500,0,26.7949238692943,803.462857970001,1102.63891534,64,117
"866",0.40000001,0.60000002,8.8999996,3.8336866,6,1.6292431,1,1,177.91959,32972.832,0,107321.84,0.16666667,26.1724110720616,0,813.77657858,55,129
"869",0,0,0,4.1026435,5,-0.88583499,1,1,177.91959,29000,0,115000,0,26.0877316017508,0,880.61578729,63,127
"871",0,0,0,4.2121277,7,2.2580109,1,1,177.91959,39448.668,0,169230.83,0,26.0877316017508,0,880.61578729,63,127
"872",0.66666669,1.4444444,5.8888888,3.9702954,6.2222223,0.8607524,1,1,70.632393,38924.801,0,122125.2,0,25.6427646155054,0,1152.075726055,64,115
"876",1,2,0,4.4543471,8,-0.88582069,1,1,70.632393,40449.801,0,152203.41,0,25.6427646155054,0,1152.075726055,64,115
"880",0.11111111,0.22222222,4.5555553,3.9849329,5.2222223,0.86074764,1,1,77.45182,36070,0,93450,0,26.6541722524076,1087.4427508,1140.45881895,35,120
"882",0,0,0,3.9889841,5,2.2580109,1,1,77.45182,38674.898,0,145541.91,0,26.4783510643856,954.45022894,1087.4427508,64,122
"883",0.22222222,0.22222222,6,3.7103155,5.4444447,1.5593785,1,1,70.491508,43500,0,130000,0,26.9003480803037,0,1131.9064334,93,121
"885",1,1,0,4.2556129,7,-0.88582069,1,1,70.491508,39650.25,0,120921.5,0,26.9003480803037,0,1131.9064334,93,121
"890",0.66666669,0.66666669,17.666666,3.9199529,4.6666665,0.16211839,0.33333334,0.33333334,37.480862,35705.285,0,101655,0,26.8166591905784,0,784.0058479,23,164
"892",0.75,1.5,3.75,4.1058621,5.375,-0.099862799,0,0,37.480862,35478.57,0,93464.289,0,26.9354973258091,0,805.144535400002,21,164
"893",1,2,0,4.4426513,7,-0.88582069,1,1,37.480862,42404,0,162252.72,0,26.8166591905784,0,784.0058479,23,164
"896",0.66666669,1.3333334,14,4.2256584,6.3333335,0.16211839,0.33333334,0.33333334,49.26347,43600,0,130000,0,27.0274660117031,0,618.283234800001,131,167
"899",0.66666669,1.6666666,2.3333333,4.3076921,6,0.16212316,0.33333334,0.33333334,49.26347,40285.715,0,134285.72,0,27.0274660117031,0,618.283234800001,131,167
"903",1,2,0,4.2904596,8,-0.88582069,1,1,10.615925,36621.5,0,103118.34,0,27.0065476428476,846.233125,844.69064,97,153
"904",1,2,0,4.4886365,8,-0.88583499,1,1,10.615925,72055.5,0,115055.5,0,27.0065476428476,846.233125,844.69064,97,153
"905",0.30000001,0.40000001,8.6999998,3.8046067,5.3000002,1.6292446,0.69999999,0.69999999,10.615925,36750,0,92916.664,0,27.2527663314122,844.690639999999,1036.679554,35,146
"911",0.22222222,0.22222222,8.8888893,4.0618649,5.3333335,1.5593801,0,0,11.652691,52000,0,140000,0,26.9003480803037,0,635.2427159,134,173
"912",0,0,0,4.3040652,6,2.2580109,1,1,11.652691,40395.801,0,144166.8,0,26.9003480803037,0,635.2427159,134,173
"914",1,2,17,4.2402124,6.5,-0.88583499,1,1,37.408783,35391.602,0,101650.2,0,26.6697070221273,0,735.0806087,95,147
"917",0.55555558,1,6.6666665,4.0916433,5.5555553,-0.18719622,0.11111111,0.11111111,37.408783,35560,0,93850,0,26.7040051113947,0,851.016222200005,35,143
"920",0.40000001,0.40000001,6,3.6392198,5,1.6292417,1,1,192.13072,30840,0,103600,0,25.9912244762973,0,941.1951043,64,135
"924",0,0,0,3.9636185,6,1.2100623,1,1,192.13072,29000,0,114000,0,25.9912244762973,0,941.1951043,64,135
"925",1,1,0,3.7954891,6,2.2580109,1,1,192.13072,27853.6,0,147308,0,25.9912244762973,0,941.1951043,64,135
"927",0.77777779,1.2222222,3.7777777,4.0220966,5.5555553,-0.18719463,1,1,191.2579,27300,0,97000,0,NA,NA,NA,NA,NA
"931",0.75,1.25,10.125,4.2285442,5.625,0.29311436,1,1,129.59312,34377.734,0,142583.33,0,NA,NA,NA,NA,NA
"935",0.60000002,0.69999999,6,4.0230446,5.1999998,0.68609226,1,1,187.73615,31866.6,0,104750,0,NA,NA,NA,NA,NA
"936",0.42857143,0.5714286,3.4285715,4.2191477,6.7142859,1.3597733,1,1,180.94403,25625,0,113750,0,25.9912244762973,0,890.043814,64,138
"938",0,0,1.6666666,4.023931,5.8888888,1.5593801,1,1,90.641495,26932,0,105000,0,NA,NA,NA,NA,NA
"941",0.66666669,1.1111112,0,3.8958142,5.7777777,0.5114314,1,1,34.502563,25042,0,99167,0,NA,NA,NA,NA,NA
"944",0.8888889,1.3333334,3.1111112,4.2258315,6.3333335,-0.18719622,1,1,35.075489,31866.6,0,104750,0,NA,NA,NA,NA,NA
"946",0.22222222,0.22222222,1.4444444,3.8571229,5.1111112,1.2100623,1,1,49.909454,27300,0,97000,0,NA,NA,NA,NA,NA
"950",0.5,0.625,5,4.1300654,5.875,0.68608975,1,1,48.94376,31866.6,0,104750,0,NA,NA,NA,NA,NA
"952",1,2,7,4.1431346,5,-0.88582069,1,1,48.94376,24192,0,140385,0,NA,NA,NA,NA,NA
"953",0.2,0.2,2.8,3.8911386,5.0999999,1.000474,1,1,89.703522,25042,0,99167,0,22.9221541853057,0,970.8215425,64,112
"956",0.69999999,1.2,0.1,4.1955876,6.3000002,0.6786558,1,1,109.56771,33846.602,0,107500,0,NA,NA,NA,NA,NA
"962",0.2,0.2,4.0999999,3.8669086,6.3000002,-0.88583356,1,1,79.927811,29000,0,110000,0,NA,NA,NA,NA,NA
"966",0.45454547,0.54545456,3.2727273,3.8818905,5.5454545,0.54318714,1,1,73.249542,37785.699,0,101324.8,0,22.5131526868458,0,927.188613199992,62,117
"968",1,2,0,4.24686,7.5,-0.88583499,1,1,73.249542,27100,0,96500,0,22.5131526868456,0,927.188613200002,62,117
"969",1,3,0,4.1743875,8,-0.88582069,1,1,73.249542,32687.279,0,105725,0,22.5131526868456,0,927.1886132,62,117
"971",0.375,0.5,7,4.1368546,5.75,0.68609154,1,1,15.223358,26932,0,105000,0,NA,NA,NA,NA,NA
"975",1,5,0,4.4543471,7,-0.88582069,1,1,33.178406,30657.777,0,104815,0,24.9586945598822,0,1166.6763142,64,131
"977",0.2,0.2,2.9000001,3.6750822,5,1.3148614,1,1,33.178406,33540.688,0,129972.22,0,24.9586945598823,0,1166.6763142,64,131
"979",1,1,0,4.2766662,6,-0.88582069,1,1,33.178406,29239.111,0,143803.67,0,24.9586945598822,0,1166.6763142,64,131
"980",0.125,0.125,10.25,3.8290696,4.5,2.2580128,1,1,69.197388,27300,0,97000,0,24.203862479174,0,1009.4632437,63,128
"984",0.2857143,0.42857143,6.4285712,3.9617217,5.4285712,0.012408725,1,1,9.4219179,37495.602,0,93358.398,0,NA,NA,NA,NA,NA
"987",1,5,0,3.7727609,4,-0.88582069,1,1,9.4219179,37200,0,118000,0,NA,NA,NA,NA,NA
"991",0.5714286,0.85714287,0,3.9422152,5.1428571,-0.43671006,1,1,56.42886,41250,0,118750,0,22.8237388439292,0,704.691737018999,65,114
"992",1,1,0,4.4248466,6,2.2580109,1,1,56.42886,38875,0,116250,0,22.8237388439292,0,704.691737019,65,114
"995",0.40000001,0.69999999,8.6999998,4.1560483,6.9000001,0.68609369,1,1,53.147022,34750,0,107039,0,23.1404638626529,0,656.924843700001,62,123
"998",0.5,1.5,0,4.4531965,7,-0.88582069,0,0,53.147022,36000,0,115000,0,23.1404638626529,0,656.9248437,62,123
"1000",0.375,0.375,0,4.2283888,6.875,1.4720511,1,1,125.2689,30000,0,103944,0,22.2981632027674,0,736.29428865,64,107
"1002",0.71428573,1.5714285,2,4.1435218,6.4285712,-0.43670598,1,1,65.064079,38926,0,110564.66,0,NA,NA,NA,NA,NA
"1004",1,5,0,4.5538769,8,-0.88582069,1,1,65.064079,36243.332,0,133611,0,NA,NA,NA,NA,NA
"1007",0.60000002,1.1,2,4.0623088,6.1999998,-0.57144326,1,1,73.748024,30500,0,102778,0,21.6419352197536,0,1216.42055406,64,135
"1009",1,1,8,3.5115454,5,-0.88582069,1,1,73.748024,33000,0,105500,0,21.6419352197535,0,1216.42055406,64,135
"1011",0.5,0.5,3.5,4.1072145,5.75,-0.49285248,1,1,70.81311,32211.199,0,105133.2,0,19.7878739482083,0,1164.20975493,63,113
"1015",0.5,0.625,0,4.1961899,6.625,-0.88582963,1,1,110.78085,40506.5,0,119277.75,0,NA,NA,NA,NA,NA
"1017",1,2,0,4.1972017,8,-0.88583499,1,1,120.38646,35435.801,0.2,110379.6,0.2,22.2420176766569,880.68501614,860.310775481,63,134
"1019",0.375,0.5,4.25,4.0332446,5.75,0.68609512,1,1,120.38646,32723.4,0,107988.8,0,22.2420176766569,880.685016140003,860.310775481001,63,134
"1021",1,1,0,4.2626801,8,-0.88582069,1,1,120.38646,39522.801,0,163507.59,0,22.2420176766569,880.68501614,860.310775481,63,134
"1024",0.25,0.25,0.875,3.7095892,5.625,-0.49285427,1,1,151.33109,36500,0,1e+05,0,NA,NA,NA,NA,NA
"1025",0.375,0.5,2.75,3.8696594,5.375,1.4720511,1,1,135.98752,30167,0,95278,0,23.3017226246003,0,1022.5360049,63,123
"1028",0.2857143,0.5714286,4.4285712,4.0733614,6,0.91064835,1,1,127.15341,26932,0,105000,0,NA,NA,NA,NA,NA
"1030",0.66666669,1.5555556,8.7777777,4.0903468,6,-0.88582385,1,1,24.233997,31213,0,103759.34,0,20.9889423943369,0,637.27355002,64,119
"1033",1,1,0,4.2904596,7,-0.88582069,1,1,33.88142,40112.375,0,117158.88,0,NA,NA,NA,NA,NA
"1037",1,2.3333333,0,4.2569246,6.5555553,-0.88582069,1,1,33.88142,38125,0,119625,0,NA,NA,NA,NA,NA
"1039",1,4,0,4.2777801,7.6666665,-0.885822,1,1,33.88142,39666,0,148201.88,0,NA,NA,NA,NA,NA
"1042",0.8888889,1.6666666,4.8888888,3.9087763,6.3333335,-0.88582069,1,1,26.404877,41333,0,92250,0,22.2981632027674,0,625.24548627,64,121
"1045",0.75,0.875,0,4.1987271,6.125,-0.8858332,1,1,87.545174,36000,0,110000,0,NA,NA,NA,NA,NA
"1046",0.125,0.125,2.625,3.9829545,5.5,0.68609154,1,1,106.50893,37636,0,109591,0,21.3293183085529,0,824.376024198,64,125
"1048",0,0,15,4.5591264,7,-0.88582069,1,1,73.785835,36350,0,120000,0,21.3293183085529,0,610.2951845287,62,123
"1051",0.875,1.625,6.5,4.1797462,6.375,-0.49284354,1,1,73.785835,40125,0,101042,0,21.3293183085529,0,610.2951845287,62,123
"1052",0.11111111,0.11111111,5.1111112,4.1186337,6.2222223,-0.88583183,1,1,27.529871,37227,0,108500,0,19.8181875694588,0,744.938016624,62,125
"1057",1,1.3333334,0.55555558,4.2798667,6.6666665,0.51143777,1,1,78.790833,39708.398,0,98125.203,0,20.0269582150866,0,529.562211952,62,125
"1058",1,1,0,4.1666651,6,-0.88583499,1,1,78.790833,35696.922,0,111550,0,20.0269582150867,0,529.562211952,62,125
"1060",0,0,7,3.7256935,5,-0.88583499,1,1,39.784821,40346,0,175846,0,19.3443418081712,0,1282.49102433,49,98
"1061",0.25,0.375,1.375,4.0095696,5.875,1.0790687,1,1,39.784821,37944,0,116389,0,19.3443418081712,0,1282.49102433,49,98
"1065",0.33333334,0.44444445,3.8888888,3.910217,5.6666665,0.51142985,1,1,29.329432,40125,0,101042,0,NA,NA,NA,NA,NA
"1066",0,0,0,4.0163832,7,-0.88583499,1,1,29.329432,40346,0,175846,0,NA,NA,NA,NA,NA
"1067",0.375,0.5,1.75,4.1778359,6.75,-0.88582963,1,1,83.112846,37227,0,108500,0,NA,NA,NA,NA,NA
"1070",0.5,0.80000001,8.3999996,4.2296572,7.1999998,0.37170908,0.1,0.1,73.939713,37961.832,0,100903,0,23.4599141285832,0,1496.2011172,64,101
"1072",0,0,0,4.1510401,7,2.2580109,1,1,73.939713,37166.668,0,114166.66,0,23.4599141285831,0,1496.2011172,64,101
"1073",1,3,0,4.2484951,8,-0.88582069,1,1,73.939713,37347.734,0,146708.33,0,23.4599141285831,0,1496.2011172,64,101
"1074",1,3,0,4.4886365,8,-0.88582069,0,0,73.939713,39839.668,0,163243.5,0,23.4599141285831,0,1496.2011172,64,101
"1077",0.2857143,0.2857143,0,3.8494167,5.5714288,0.46152753,1,1,35.379673,37227,0,108500,0,NA,NA,NA,NA,NA
"1081",0.16666667,0.16666667,5,4.1173768,6.6666665,-0.63004845,1,1,37.139088,40125,0,101042,0,20.8386539803033,0,1530.19580108,51,93
"1083",1,1,2,3.8607297,5,-0.88582069,1,1,37.139088,37806.602,0,113000,0,20.8386539803033,0,1530.19580108,51,93
"1085",0,0,5,4.2972856,7,-0.88583499,1,1,37.139088,40346,0,175846,0,20.8386539803033,0,1530.19580108,51,93
"1086",0.22222222,0.33333334,2.2222223,3.9870112,6,-0.1871978,1,1,32.302025,37227,0,108500,0,NA,NA,NA,NA,NA
"1089",0.14285715,0.14285715,2.4285715,3.9243214,4.2857141,-0.43671006,1,1,76.263191,32639,0,105722,0,NA,NA,NA,NA,NA
"1094",0.2,0.2,1.5,4.0220308,5.1999998,0.68609226,1,1,51.78727,38107.25,0,112370,0,22.5400396646993,0,985.045641880001,50,116
"1096",0.54545456,0.81818181,3.2727273,4.2252841,6.909091,-0.60002559,1,1,37.816681,37806.602,0,113000,0,20.2236027432362,0,803.47163202,50,106
"1099",0.44444445,0.44444445,0.44444445,3.8468742,5,1.2100623,1,1,26.044323,37636,0,109591,0,20.6290179170136,0,873.9069167,50,113
"1102",0,0,0,4.0430512,7,-0.88583499,1,1,26.044323,40346,0,175846,0,20.6290179170136,0,873.9069167,50,113
"1104",0.5,0.5,0.125,4.0300851,6,-0.88582784,1,1,70.492363,37806.602,0,113000,0,NA,NA,NA,NA,NA
"1105",1,1,0,4.1431346,7,-0.88583499,1,1,70.492363,40346,0,175846,0,NA,NA,NA,NA,NA
"1107",0.2857143,0.2857143,8.1428576,4.0920067,6.2857141,0.91065037,1,1,101.90334,37227,0,108500,0,NA,NA,NA,NA,NA
"1110",0.25,0.25,9.25,3.9299309,5.75,-0.49285248,1,1,14.421959,30938,0,99893,0,NA,NA,NA,NA,NA
"1112",1,2,0,4.1972017,6,-0.88582069,1,1,14.421959,40125,0,101042,0,NA,NA,NA,NA,NA
"1113",1,1.5714285,0.85714287,4.1771588,6,-0.88582271,1,1,13.802996,37636,0,109591,0,NA,NA,NA,NA,NA
"1116",0.5,0.5,0,4.1393414,7,2.2580109,0.5,0.5,83.472778,41655,0,104910,0,22.7239012102112,0,809.04406278,58,140
"1118",0.8888889,1.1111112,6.5555553,4.181736,5.4444447,1.9086963,1,1,83.472778,31980,0,95340,0,23.0863816149809,0,901.796358559999,34,131
"1120",1,1,0,4.388257,5,-0.88583499,1,1,83.472778,48211.199,0,136388.8,0,22.7239012102112,0,809.04406278,58,140
"1123",0.25,0.25,1.875,4.0327082,4.875,1.4720494,1,1,60.647709,50833.332,0,135500,0,22.748050584352,0,726.063035800002,84,140
"1126",1,1,0,3.9415817,7,-0.88582069,1,1,60.647709,43288.332,0,155375.33,0,22.748050584352,0,726.0630358,84,140
"1128",0.5,0.60000002,6.1999998,4.124505,5.4000001,1.000474,1,1,71.097412,31100,0,97316.664,0,NA,NA,NA,NA,NA
"1131",0.5714286,0.85714287,2,4.0688725,5.8571429,0.46152955,1,1,81.657448,49050,0,128125,0,24.0469415334135,0,607.640926499998,65,155
"1135",0,0,0,4.1889372,6.5,2.2580109,1,1,75.734421,33560,0.2,98957,0,NA,NA,NA,NA,NA
"1138",0.42857143,0.71428573,1.2857143,4.2434826,6.2857141,0.012412812,1,1,75.734421,32900,0.2,97590,0,NA,NA,NA,NA,NA
"1140",1,2.125,0,4.3161592,7.25,-0.88582605,1,1,5.398025,49078.25,0,130020.75,0,NA,NA,NA,NA,NA
"1143",0,0,0,3.4339871,5,-0.88582069,1,1,5.398025,43687.5,0,154904,0,NA,NA,NA,NA,NA
"1146",0.375,0.625,6.5,4.0710554,5.125,-0.09987174,1,1,28.051737,31200,0,98580,0,23.3849630547084,0,787.019856040001,35,147
"1148",1,3,0,3.8607297,5,2.2580109,1,1,89.622643,46088.715,0.2857143,126094.14,0.2857143,NA,NA,NA,NA,NA
"1150",0.89999998,2.5999999,1.7,4.083992,6.8000002,-0.57144326,1,1,89.622643,46500,0,128571.43,0,NA,NA,NA,NA,NA
"1155",0,0,0,4.3174882,6,2.2580109,1,1,70.50769,37100,0,109750,0,23.1113169767148,0,693.857588911,46,140
"1156",0.55555558,0.77777779,5.3333335,4.1673656,5.8888888,1.9086963,1,1,70.50769,29038,0,111154,0,23.3673933032385,0,779.647419002999,35,130
"1159",0.66666669,1.3333334,2.3333333,4.15096,6,2.2580109,1,1,118.81268,44602.309,0.30769232,126809.92,0.30769232,22.6844067409052,0,654.8229982,47,139
"1161",1,1.5,8,4.3774748,7.5,-0.88582784,1,1,118.81268,49230.77,0,128076.92,0,22.6844067409052,0,654.822998199999,47,139
"1162",0.40000001,1.4,4.5999999,4.0626917,6.4000001,2.2580109,1,1,118.81268,45461.539,0,127692.3,0,22.6844067409052,0,654.822998200002,47,139
"1168",0.60000002,0.80000001,0.2,4.0789738,5.9000001,1.6292417,1,1,97.616058,30992.857,0.14285715,88782.141,0,22.9914780822122,0,764.562801199996,34,136
"1172",0.30000001,0.5,0.89999998,4.1310644,5.9000001,1.3148571,1,1,80.063004,44843.332,0.16666667,130520.84,0.16666667,22.8725576772793,0,636.758222400003,47,148
"1174",0,0,0,4.0690269,5,2.2580109,1,1,80.063004,47583.332,0,160822.83,0,22.8725576772793,0,636.7582224,47,148
"1176",0.69999999,0.89999998,1.3,4.1962962,6.1999998,1.000474,1,1,87.058548,38800,1,77500,0,23.05050992307,0,800.50064791,34,131
"1179",0.5,0.5,0,4.1238718,4.5,2.2580109,1,1,83.827492,45322.602,0.5,125018.8,0.5,22.8902053040543,0,690.19825607,46,144
"1183",0.2857143,0.71428573,1.7142857,4.2264676,6.2857141,1.80889,1,1,83.827492,44735,0,128000,0,22.8902053040544,0,690.198256069999,46,144
"1185",1,1,0,4.2904596,6,2.2580109,1,1,83.827492,46100,0.1,159192.59,0.1,22.8902053040543,0,690.198256070001,46,144
"1187",0.5,1,0,4.2495651,6.5,0.68609512,1,1,128.78313,49381.25,0,112500,0,22.3335129772611,0,803.67100894,46,142
"1189",1,1,0,4.2766662,8,-0.88582069,1,1,128.78313,45070.625,0.375,122546.88,0.375,22.3335129772611,0,803.67100894,46,142
"1192",0.54545456,0.90909094,3.3636363,4.1991129,6.4545455,0.54318583,1,1,128.78313,33787.5,0.375,83625,0,22.8148126567328,0,839.875142640001,34,130
"1194",0.33333334,0.44444445,5.6666665,4.1524258,5.8888888,0.51142985,1,1,77.694984,45100,1,120625,1,22.7853316016863,0,901.828439899999,46,133
"1197",1,1,0,4.0253515,3,2.2580109,0,0,58.432835,47400,0,98100,0,NA,NA,NA,NA,NA
"1198",1,2,30,4.3757572,6,2.2580109,1,1,58.432835,45500,0,159167,0,NA,NA,NA,NA,NA
"1199",0.60000002,0.69999999,2.0999999,4.190856,5.9000001,1.9436291,1,1,58.432835,39415,1,103308,0,NA,NA,NA,NA,NA
"1201",0.33333334,0.44444445,0,4.183485,6.7777777,-0.1871978,1,1,189.13525,44237.199,0.60000002,120080.8,0.60000002,22.5712740943744,0,654.385847379999,64,148
"1205",1,2,30,4.1588831,6,-0.88582069,1,1,57.3773,39309.09,0,91954.547,0,22.3119365979569,0,886.71808551,46,139
"1209",1,2,3,3.583519,4,-0.88582069,1,1,57.3773,46709.09,0,101293.93,0,22.3119365979569,0,886.71808551,46,139
"1211",0.75,1.125,7.125,4.1889954,6.25,1.8650302,1,1,57.3773,37309.09,0.81818181,79954.547,0,22.7559486732858,0,1017.60266146,35,126
"1215",1,3,0,4.5217886,8,-0.88582069,1,1,27.324892,48973.199,0,119624.8,0,NA,NA,NA,NA,NA
"1218",0.66666669,2,5.4444447,4.0512304,6.5555553,-0.88582706,1,1,27.324892,41800,0,125500,0,NA,NA,NA,NA,NA
"1220",1,1,0,4.1431346,6,-0.88582069,1,1,10.200358,47400,0,98100,0,NA,NA,NA,NA,NA
"1221",0.5714286,0.85714287,5.7142859,4.2818213,6.2857141,1.3597692,1,1,10.200358,39415,1,103308,0,NA,NA,NA,NA,NA
"1223",0.42857143,0.5714286,12.285714,3.865845,6,0.46153364,1,1,122.36048,40666.668,0,111666.66,0,21.9367291744949,0,895.005397770001,41,115
"1227",0.33333334,0.44444445,0.8888889,4.0499763,6.3333335,0.16211522,1,1,113.04288,44213.398,0,109333.2,0,23.6673319549326,0,913.37349153,9,98
"1228",0.85714287,1.1428572,1.2857143,4.3143291,7.1428571,-0.88582069,1,1,188.63052,27258.199,0,105750,0,NA,NA,NA,NA,NA
"1230",1,1.6,2,4.1847224,6.5999999,-0.88582355,1,1,187.33296,28727,0,104773,0,NA,NA,NA,NA,NA
"1233",0.1,0.1,0.60000002,4.0086765,5.4000001,1.9436263,1,1,93.769577,29950,0,108000,0,NA,NA,NA,NA,NA
"1234",0.11111111,0.11111111,3,4.3137264,5.6666665,1.5593785,1,1,49.626862,29050,0,88000,0,NA,NA,NA,NA,NA
"1236",1,1,0,4.2341065,7,-0.88583499,1,1,49.626862,27258.199,0,105750,0,NA,NA,NA,NA,NA
"1238",0.75,1,0.5,4.2666712,6.75,-0.099869952,1,1,22.92749,28727,0,104773,0,NA,NA,NA,NA,NA
"1240",0.25,0.25,1,4.1209569,5.75,1.4720494,1,1,22.92749,29950,0,108000,0,NA,NA,NA,NA,NA
"1241",0.36363637,0.72727275,0.63636363,3.8904884,5.181818,1.4005997,1,1,72.295151,30246.334,0,93907.336,0,18.8704960468836,0,776.805662796002,47,107
"1244",0.125,0.125,0.75,4.1084857,6,2.2580109,1,1,75.748932,31000,0,95000,0,NA,NA,NA,NA,NA
"1249",0.60000002,1,5.9000001,4.2353873,6.4000001,0.37171051,1,1,54.802025,29686.559,0,128250,0,NA,NA,NA,NA,NA
"1250",1,2,0,4.3757572,6,-0.88582069,1,1,54.802025,43200,0,124000,0,NA,NA,NA,NA,NA
"1251",0.27272728,0.27272728,0.90909094,3.9587474,5.818182,0.54318976,1,1,6.5379605,31000,0,95000,0,18.8704960468836,0,748.379048962,47,110
"1253",1,1.3333334,5.6666665,4.1079521,7,0.16212316,1,1,128.60233,48650.777,0,122000,0,NA,NA,NA,NA,NA
"1254",0.5714286,1.1428572,7.8571429,3.9340043,6,-0.8858248,1,1,128.60233,40450.332,0,102549.34,0,NA,NA,NA,NA,NA
"1261",0.44444445,0.66666669,19.111111,3.815614,5.3333335,-0.18720099,1,1,111.62723,49028.57,0,132142.86,0,22.4489696640819,0,971.952158875998,8,118
"1263",1,3,0,4.2408867,6.5,-0.88582069,1,1,111.62723,47873.57,0.85714287,158187.14,0.85714287,22.4489696640819,0,971.952158876001,8,118
"1265",0.11111111,0.22222222,19.333334,3.7060881,4.5555553,-0.19547004,1,1,141.21338,38233.332,0,103990.66,0,23.0327870350531,0,965.0059387,8,103
"1269",0.11111111,0.11111111,8.1111107,3.6244862,5.2222223,0.86074603,1,1,144.87209,47200,0,130000,0,22.1576060353577,0,992.05492576,7,101
"1271",0,0,0,3.9889841,4,2.2580109,1,1,144.87209,45500,1,159167,1,22.1576060353577,0,992.05492576,7,101
"1273",1,1,0,4.3017082,6,0.68608797,1,1,101.04385,45695,0,130000,0,21.8639307810815,0,944.6619156,7,102
"1274",0.27272728,0.36363637,3.4545455,3.9047854,5.818182,1.6864026,1,1,101.04385,39792,0,122500,0,21.8639307810815,0,944.661915599999,7,102
"1278",0.5,0.69999999,8.1000004,3.7533603,5.0999999,1.3148571,1,1,144.39311,46123,0,123077,0,NA,NA,NA,NA,NA
"1280",0.5,0.75,10,3.6343236,5.5,-0.099873528,1,1,102.8253,39792,0,122500,0,NA,NA,NA,NA,NA
"1285",0.5,0.5,11,3.8705497,6.5,0.68609512,1,1,30.356779,46000,0.80000001,159564.41,0.80000001,22.5009302762579,0,972.28919946,8,78
"1286",0.30000001,0.80000001,9,4.0334706,5.5,0.68608797,1,1,30.356779,45972,0.80000001,124455.6,0.80000001,22.5009302762579,0,972.289199460003,8,78
"1287",0.25,0.41666666,9.916667,3.7699637,5.3333335,0.68608797,1,1,84.539772,39792,0,122500,0,21.8639307810815,0,921.446309999999,7,94
"1290",0.69999999,0.89999998,12.6,4.1345277,6.1999998,-0.88583213,1,1,41.868023,50203,0,125189.34,0,NA,NA,NA,NA,NA
"1292",1,1,0,4.1972017,6,-0.88582069,0,0,41.868023,52819.332,0.66666669,136153,0.66666669,NA,NA,NA,NA,NA
"1294",1,1,0,4.1972017,6,-0.88582069,0,0,23.451775,45695,0,130000,0,21.5702555268053,0,959.0216843,9,89
"1296",0.33333334,0.33333334,20.555555,3.670702,5.5555553,-0.53651881,1,1,23.451775,39792,0,122500,0,21.5702555268053,0,959.021684300001,9,89
"1297",0.89999998,1.6,9.6000004,4.3050303,6.9000001,-0.57144326,1,1,157.87589,45100,0,120625,0,23.6673319549326,0,815.51784777,35,132
"1300",1,1,3.5,3.5850599,5.5,-0.88582784,1,1,58.003136,43960.332,0,128333.34,0,24.197823128498,0,974.191577990001,9,78
"1302",0.125,0.375,20.375,4.022059,6,2.2580109,0.25,0.25,58.003136,38637.5,0,107457.34,0,24.1978231284981,0,974.191577989997,9,78
"1304",1,1,4,4.3597813,6.5,0.68609512,1,1,58.003136,42778.367,0,131763.8,0,24.197823128498,0,974.191577990001,9,78
"1309",0.75,0.75,6.5,3.8471456,5.75,-0.49285427,1,1,107.8091,55714.285,0,140714.28,0,22.5462161924763,0,655.53655477,7,130
"1311",1,1,0,4.1271343,4,-0.88582069,1,1,107.8091,50016.43,0,159890.28,0,22.5462161924763,0,655.53655477,7,130
"1313",0.40000001,0.5,5.8000002,4.0253577,5.4000001,1.0004725,1,1,73.458145,43600,0,115666.6,0,NA,NA,NA,NA,NA
"1316",1,2,0,4.2484951,6,2.2580109,1,1,73.458145,44444,0,127278,0,NA,NA,NA,NA,NA
"1317",0.375,0.5,2.75,4.3038979,5.625,1.4720529,1,1,52.583542,46510.5,0,127356.16,0,24.4010812095111,0,618.584419010003,20,127
"1319",1,1,0,4.1026435,6,-0.88582069,1,1,52.583542,48009.5,0,155256.5,0,24.4010812095111,0,618.58441901,20,127
"1322",0,0,3,3.7256935,5,2.2580109,1,1,72.776329,46472.5,0.21428572,130116.93,0.21428572,23.6264440019396,0,694.192724421999,46,139
"1324",0.41666666,0.83333331,16.416666,3.9088366,4.0833335,1.4720494,1,1,72.776329,39583.93,0,103971.43,0,23.6264440019396,0,694.192724422002,46,139
"1328",1,2,0,4.1972017,6,-0.88583499,1,1,72.776329,48394.215,0,159711.72,0,23.6264440019396,0,694.192724421999,46,139
"1329",1,2,1,4.123764,5.6666665,1.210067,1,1,72.776329,46307.715,0,126902.86,0,23.6264440019396,0,694.192724421999,46,139
"1331",0.5,1,5.375,4.2893734,6.375,0.68609333,1,1,70.978783,49128.5,0,132509.25,0,22.917609093463,0,769.497372349996,16,117
"1334",1,2,0,4.2484951,8,-0.88582069,1,1,70.978783,51028.75,0,157981,0,22.917609093463,0,769.49737235,16,117
"1339",1,1.5714285,3.7142856,4.1278048,5.7142859,-0.43670395,1,1,83.268814,45092.602,0,123916.65,0,NA,NA,NA,NA,NA
"1342",0,0,9,4.2556129,6,-0.88583499,1,1,83.268814,54145.668,0,144731.33,0,NA,NA,NA,NA,NA
"1343",1,2.5,3,4.3019605,8,-0.88582069,0.5,0.5,83.268814,53208.332,0,130353.22,0,NA,NA,NA,NA,NA
"1345",0.61538464,0.84615386,8.3076925,4.0080237,5.6923075,0.80700946,1,1,119.10255,58333.332,0,143333.33,0,22.4166794734366,0,826.57111641,15,129
"1349",1,1,0,4.2904596,7,2.2580109,1,1,118.56504,48069.398,0.5,126926.1,0.5,22.3429771329665,0,771.77222491,21,132
"1352",0.5,0.5,12.875,3.8761346,5,1.8650302,1,1,118.56504,45940,0,105349.98,0,22.3429771329665,0,771.772224910003,21,132
"1355",0.5,0.5,0,4.182662,6,2.2580109,1,1,118.56504,48721.398,0,126447.2,0,22.3429771329665,0,771.772224909999,21,132
"1356",0.69230771,1.2307693,8.6923075,4.295691,6.0769229,0.80700731,1,1,121.6447,47771.453,0.45454547,127432.82,0.45454547,22.6322307660166,0,821.281236960007,18,129
"1359",0.5,0.5,21,4.2010317,6.5,-0.88583499,1,1,121.6447,49430,0,158642.45,0,22.6322307660166,0,821.28123696,18,129
"1363",0.5,1,16.6,4.1049428,6,0.37170479,1,1,148.57547,45485.715,0,109095.23,0,22.5462161924763,0,871.124907289999,6,111
"1366",0.69999999,1.1,5.0999999,4.2267513,5.5999999,-0.25706583,1,1,101.65991,44792,0,132500,0,23.5284436836505,0,640.881052800001,47,149
"1368",0.5,0.5,0,3.6512482,3.5,2.2580109,1,1,101.65991,48000,0,161154,0,23.5284436836505,0,640.8810528,47,149
"1370",0,0,11,3.5553482,5,2.2580109,1,1,109.51045,46992,0,133115.5,0,22.785980453883,0,643.4781479,46,134
"1372",0.54545456,0.90909094,6.2727275,4.1689048,5.5454545,-0.028419884,1,1,109.51045,43436.102,0,117611.07,0,22.785980453883,0,643.478147899997,46,134
"1374",1,2,0,4.4248466,6,-0.88583499,1,1,109.51045,47019.668,0,131485.5,0,22.785980453883,0,643.4781479,46,134
"1375",0.83333331,1.5833334,5.75,4.2598,6.5833335,-0.36185592,1,1,6.2362509,44623,0,132824,0,22.3186533370399,934.127954299998,642.63330392,46,138
"1377",1,2,3,4.1666651,6,-0.88583499,1,1,6.2362509,46708.332,0,147812.17,0,22.3186533370398,934.1279543,642.63330392,46,138
"1379",0.54545456,1.0909091,5.818182,4.1063986,5.4545455,1.4006009,1,1,45.607746,44178.57,0,104835.71,0,NA,NA,NA,NA,NA
"1382",1,1,0,4.356709,7,-0.88582069,1,1,45.930218,49073.145,0,132124.78,0,22.7645421466545,0,577.5726399,47,142
"1386",0.89999998,2.3,7.0999999,4.1035519,6.3000002,-0.25705439,1,1,45.930218,48250,0,134642.86,0,22.7645421466545,0,577.572639900011,47,142
"1388",1,3.5,0,4.209404,6.5,-0.88582069,0.5,0.5,45.930218,48530.5,0,128202.43,0,22.7645421466545,0,577.572639899999,47,142
"1391",0.77777779,1.2222222,9.4444447,3.9428844,4.5555553,1.9086978,1,1,55.584419,43600,0,115666.6,0,23.5284436836505,0,619.4198248,47,147
"1393",0.75,0.91666669,8.333333,4.003778,6.0833335,0.68608797,1,1,52.97094,45214.285,0,129285.71,0,22.9617413810295,0,602.317828931001,47,145
"1397",1,2,0,4.3944492,8,-0.88582069,1,1,52.97094,44523.43,0,128738.29,0,22.9617413810294,0,602.317828931,47,145
"1398",0,0,7,4.4248466,6,-0.88583499,1,1,64.992447,40251.602,0,122400,0,20.6942215481321,0,832.74814878,0,117
"1400",0.125,0.125,11.75,3.5718236,5.25,-0.88583499,1,1,64.992447,38187.602,0,83978.602,0,21.4629690901469,0,917.571464281,0,102
"1403",0.44444445,0.55555558,9.4444447,3.9686742,6.3333335,-0.53651607,1,1,106.90093,55000,0,140000,0,21.5702555268053,0,754.188252520001,2,122
"1405",1,2,0,3.9889841,7,-0.88582069,1,1,106.90093,54333,0,146333,0,21.5702555268053,0,754.18825252,2,122
"1406",0.44444445,0.8888889,8.5555553,3.9513187,6.5555553,-0.88583499,1,1,127.57718,40000,0,80000,0,NA,NA,NA,NA,NA
"1408",0.25,0.5,14.5,3.9623544,6.125,0.68609053,1,1,54.114113,61273,0,121400,0,21.336211173414,0,943.1884302,15,108
"1411",0.5,0.5,1.5,4.1642256,5.5,0.68608797,1,1,54.114113,54333,0,146333,0,21.336211173414,0,943.1884302,15,108
"1412",0.55555558,0.66666669,1.3333334,3.9052551,6.1111112,-0.88583338,1,1,15.815753,40178.5,0,85000,0,NA,NA,NA,NA,NA
"1413",1,4,0,4.3438053,7,-0.88582069,0,0,15.815753,44100,0,98062.5,0,NA,NA,NA,NA,NA
"1416",0,0,0,4.2972856,7,-0.88582069,1,1,15.815753,43558.352,0,111350.05,0,NA,NA,NA,NA,NA
"1418",0.55555558,0.8888889,2.6666667,4.0316825,6.4444447,0.51143098,1,1,19.296724,61273,0,121400,0,22.0530069377695,0,1179.22497265,15,99
"1421",0.63636363,0.81818181,8.727273,4.0264196,6.818182,-0.028419884,0.54545456,0.54545456,33.711075,38128,0,84273.781,0,24.1587236340701,0,1401.4465561,0,88
"1424",1,2,0,3.9608133,8,-0.88583499,1,1,33.711075,50833.332,0,133333.33,0,23.5007246057703,0,1055.78022877,11,108
"1428",0.33333334,0.33333334,15,4.0483422,6.6666665,0.86074764,1,1,93.213669,53125,0,138750,0,NA,NA,NA,NA,NA
"1430",1,3,0,3.9796817,6,-0.88583499,1,1,93.213669,57264,0,124392.25,0,NA,NA,NA,NA,NA
"1431",0.69999999,0.89999998,12.2,3.972192,6.5,-0.57144469,1,1,64.205452,38053.5,0,84642.75,0,24.9415958060651,0,1455.64050217,0,88
"1435",1,1.5,0,4.3913145,8,-0.88582069,0.5,0.5,64.205452,40300,0,136412.55,0,24.4138856113684,0,1089.04003969,17,107
"1440",0.75,1.1666666,3,4.0820332,6.6666665,-0.36185712,1,1,137.20897,47500,0,135000,0,NA,NA,NA,NA,NA
"1441",0.5,0.5,0,4.2273397,6,2.2580109,1,1,137.20897,61458,0,142625,0,NA,NA,NA,NA,NA
"1442",1,2,0,4.3307333,7,2.2580109,1,1,137.20897,61056,0,131944,0,NA,NA,NA,NA,NA
"1444",0,0,10.625,3.9038284,5.875,2.2580109,1,1,205.72896,35521,0,122500,0,NA,NA,NA,NA,NA
"1445",0.16666667,0.16666667,17,3.7889848,5.75,1.4720494,1,1,220.98532,55000,0,140000,0,NA,NA,NA,NA,NA
"1447",1,1,0,4.2121277,7,-0.88583499,1,1,184.23979,41227,0,123000,0,21.5702555268053,0,765.82991817,9,125
"1449",0.125,0.125,11.25,3.8535898,5.625,0.68608797,1,1,184.23979,35521,0,122500,0,21.5702555268053,0,765.829918169999,9,125
"1451",1,1,0,4.2626801,7,-0.88582069,1,1,184.23979,57769,0,154615,0,21.5702555268053,0,765.82991817,9,125
"1452",1,1.6666666,1.6666666,4.3779941,6.8888888,-0.88582546,1,1,27.623043,63284.668,0,124241,0,NA,NA,NA,NA,NA
"1455",1,1.5,0,4.4333086,7.5,-0.88582069,1,1,27.623043,52749.668,0,147138.67,0,NA,NA,NA,NA,NA
"1456",0.83333331,2,3.5,4.2561598,6.5,-0.88582307,1,1,11.816751,38244.855,0,84285.57,0,24.0229848650328,0,1695.30251505,0,85
"1459",1,2,11,4.3040652,6,-0.88583499,1,1,11.816751,41914.285,0,124397.66,0,23.3833022813706,0,1274.28786421,1,92
"1462",0.60000002,1.2,3.5999999,3.9708552,5.5999999,-0.88582641,1,1,11.816751,36468.855,0,80335.711,0,24.0229848650328,0,1695.30251505,0,85
"1464",1,3,10,4.4886365,8,2.2580252,1,1,11.816751,55449.145,0,144666.42,0,23.3833022813706,0,1274.28786421,1,92
"1467",0.44444445,0.55555558,9.5555553,4.0771499,6.2222223,-0.1871978,0,0,56.17765,81750,0,130000,0,22.6151476415372,0,894.963030799998,5,120
"1472",1,3.5,7,4.4195299,5.5,-0.88582069,0,0,56.17765,61056,0,131944,0,22.6151476415372,0,894.9630308,5,120
"1474",1,1,0,4.3944492,7,-0.88582069,1,1,27.538771,56116.668,0,94741.664,0,21.9842488209894,0,718.98838431,11,121
"1477",0,0,0,4.3438053,5,2.2580109,1,1,27.538771,46038.898,0,109855.56,0,21.9842488209894,0,718.98838431,11,121
"1478",0.71428573,1.1428572,4.7142859,4.3115368,6.4285712,-0.43670189,1,1,27.538771,35305.5,0,77450,0,22.6223111250759,0,1076.2537457,3,116
"1481",1,5,0,4.4006028,6,-0.88582069,0,0,27.538771,58291.332,0,144263.83,0,21.9842488209894,0,718.98838431,11,121
"1485",0.5,0.66666669,5.3333335,4.2423363,5.9166665,0.68609273,1,1,51.862808,55757.461,0,129334.08,0,22.00830392311,0,681.222174739993,20,109
"1489",0.5,1,10,4.2583961,5,-0.88582784,1,1,51.862808,54733.77,0,141400.61,0,22.00830392311,0,681.222174740002,20,109
"1493",0,0,41,3.5695326,5,-0.88583499,1,1,78.93898,61875,0,92550,0,22.3982421151736,0,693.1436484,20,113
"1496",0.60000002,0.80000001,11.8,4.1394444,5.8000002,0.37170908,1,1,78.93898,34500,0,74800,0,22.9914046070739,0,1122.6167524,0,106
"1497",0.75,1.25,11.25,4.2080317,5.75,1.4720494,1,1,78.93898,62115,0,152308,0,22.3982421151736,0,693.1436484,20,113
"1501",0.25,0.25,11.375,3.9870212,4.625,0.29310721,1,1,119.55898,60021,0,131746.41,0,22.4166794734368,0,685.87008174,20,113
"1505",1,2,0,4.3040652,6,-0.88582069,1,1,46.217674,52304.168,0,97866.664,0,24.2268317650988,0,724.905182644,20,114
"1509",0.875,1.75,4.25,4.204711,6.875,-0.88582069,1,1,46.217674,35047.168,0,80441.664,0,24.9200932186198,0,1222.754286631,0,106
"1512",0.75,1,9.25,4.1990643,6.625,-0.88582247,1,1,44.819344,76250,0,125555.55,0,22.5584597425263,0,712.171854105999,11,127
"1517",1,1,0,4.2904596,6,2.2580109,1,1,44.819344,59293.555,0,132762,0,22.5584597425263,0,712.171854106,11,127
"1519",1,1.6666666,7,4.3218641,6,-0.88582546,0.33333334,0.33333334,57.276455,56156.25,0,97237.5,0,23.543621252416,0,712.431923900003,23,168
"1521",1,2,0,4.2997551,7,-0.88582069,0.5,0.5,57.276455,44200,0,135562.5,0,23.5436212524161,0,712.431923900002,23,168
"1523",1,3.090909,6.090909,4.2748814,6.909091,-0.885822,0.45454547,0.45454547,57.276455,31367.25,0,121153.75,0,24.2706248181767,0,755.644268400008,21,162
"1525",0.53846157,0.76923078,4.2307692,4.0778804,6.0769229,1.2906737,1,1,93.496231,48439.582,0,107500,0,22.4111375016595,1008.16842156,741.778876640008,16,132
"1530",0.33333334,0.33333334,3.6666667,4.0223622,5.6666665,1.2100623,1,1,93.496231,46586.5,0,157863.5,0,22.4111375016596,1008.16842156,741.778876640001,16,132
"1531",1,1,0,4.0253515,4,-0.88583499,1,1,93.496231,47701.332,0,140826.33,0,22.4111375016596,1008.16842156,741.77887664,16,132
"1532",0,0,32,3.8918202,3,-0.88583499,1,1,63.275898,61875,0,92550,0,22.6048752666709,0,942.845651,3,111
"1534",1,3,3,4.1108737,6,-0.88582069,1,1,63.275898,45800,0,108000,0,22.6048752666709,0,942.845651,3,111
"1537",0.27272728,0.45454547,9.909091,3.9907057,4.909091,1.1147941,0.90909094,0.90909094,63.275898,31462,0,131923,0,23.4166029316906,0,1192.38811123,0,108
"1541",0.5,0.60000002,17.1,4.0144467,5.9000001,0.37170622,1,1,75.518051,47100,0,134000,0,23.4920913533805,0,892.050877264995,3,106
"1543",0,0,0,3.6506581,5,2.2580109,1,1,75.518051,59264.199,0,130537.1,0,23.4920913533805,0,892.050877264999,3,106
"1546",0.625,1.25,12.875,4.1200085,5.625,-0.099866375,1,1,88.3983,34278.57,0,77364.289,0,24.6667054759522,0,984.752026567002,0,119
"1548",0.69999999,0.80000001,5.0999999,4.1484809,6.6999998,-0.2570644,1,1,109.55756,73368.469,0,124866.66,0,22.6102340666102,0,892.559263054005,5,116
"1551",1,1.5,0,4.2447567,6,-0.88582784,1,1,109.55756,58502.465,0,143986.06,0,22.6102340666102,0,892.559263054002,5,116
"1552",0,0,0,4.2046928,7,-0.88583499,1,1,109.55756,58554,0,131452.47,0,22.6102340666102,0,892.559263053999,5,116
"1554",1,1,2,3.6635616,4,-0.88583499,1,1,50.445869,54605.77,0,96288.461,0,23.4203943625296,0,766.655373660002,18,127
"1557",1,1,0,4.2268338,6,-0.88583499,1,1,50.445869,45092.309,0,116898.71,0,23.4203943625296,0,766.655373660002,18,127
"1559",0.54545456,0.63636363,4.6363635,4.0904455,5.7272725,1.4006022,1,1,50.445869,34111.539,0.07692308,78880.766,0,24.0908018888572,0,1068.55265437999,0,123
"1565",1,2.5,9.125,4.3208437,6.125,-0.69398308,0.25,0.25,32.204983,59708,0,134333,0,22.6070739048462,0,797.394796299999,11,128
"1567",1,2,0,4.3307333,8,-0.88582069,0,0,32.204983,61458,0,142625,0,22.6070739048461,0,797.3947963,11,128
"1572",1,1,12,3.8286414,6,-0.88583499,1,1,13.798735,45000,0,121781.25,0,23.7696843526175,0,750.76365151,4,121
"1574",0.80000001,1.8,12.4,4.2466378,5.3000002,-0.25706154,0,0,13.798735,31414.625,0,126538.38,0,24.4379210657333,0,1172.46769153,6,111
"1576",1,1.375,3,4.184258,5.625,0.68609333,1,1,67.857018,57000,0,110000,0,21.5702555268053,0,887.1550666,1,115
"1578",0,0,10,3.8815639,7,2.2580109,1,1,67.857018,48500,0,140000,0,21.5702555268053,0,887.1550666,1,115
"1581",0.375,0.5,3.25,4.0710731,6,1.0790704,1,1,55.380886,40714,0,1e+05,0,NA,NA,NA,NA,NA
"1583",1,3,0,4.3502779,8,-0.88582069,1,1,55.380886,52433.398,0,118000,0,NA,NA,NA,NA,NA
"1584",0.5,0.80000001,12.4,3.9442215,5.6999998,0.68609083,1,1,28.77071,63909,0,128855,0,24.8278789055525,0,800.202965400001,7,109
"1589",0.5,0.5,6.375,4.0282936,5.75,1.0790704,1,1,75.58551,39285.5,0,93035.75,0,22.9987300284095,0,1236.1022321,0,109
"1592",1,1.75,10.5,4.1441011,5.75,-0.88582784,0.75,0.75,75.58551,47266.699,0,115200,0,22.2512363268497,0,800.8865543,5,123
"1596",0.875,1.75,9,4.2090111,6.25,-0.88582247,1,1,67.576637,48500,0,140000,0,22.3982421151736,0,773.126921079999,7,107
"1598",1,1,16,4.2413268,7,2.2580252,1,1,67.576637,49583,0,148750,0,22.3982421151736,0,773.12692108,7,107
"1600",0.5,0.75,10.625,3.9193668,5.25,1.4720494,1,1,36.510773,38803.332,0,97380.836,0,25.3106892880631,0,1138.519581,0,102
"1604",0,0,3,4.3944492,5,-0.88582069,1,1,36.510773,49155.598,0,133041.67,0,24.8278789055525,0,756.4174003,7,112
"1605",0,0,10,3.6506581,3,-0.88583499,1,1,36.510773,51281,0,146618,0,24.8278789055525,0,756.4174003,7,112
"1606",1,2.1666667,0.33333334,4.2598476,7.3333335,-0.88582069,1,1,57.501278,52574.625,0,127788.25,0,NA,NA,NA,NA,NA
"1609",1,5,0,4.2413268,6,-0.88582069,1,1,57.501278,47608.25,0,157932.63,0,NA,NA,NA,NA,NA
"1614",0.66666669,0.8888889,8.1111107,3.9703925,4.7777777,0.86074764,1,1,22.332031,42000,0,127000,0,21.575814123828,0,661.05762842,64,158
"1615",0.5,0.69999999,1.7,4.1559463,5.6999998,0.68608797,1,1,47.760242,31800,0,117500,0,20.6785345889053,0,677.24851828,63,154
"1618",0.625,1.125,0.375,4.1340775,5.375,1.4720494,0.625,0.625,51.745338,40949.199,0,123350,0,22.5560081815725,0,643.411460800001,63,160
"1622",0.44444445,0.8888889,2.6666667,4.0739532,4.7777777,1.2100638,1,1,72.673752,33401.285,0,115578.57,0,23.2644513378895,0,699.671497109995,63,158
"1624",0,0,18,3.8918202,3,2.2580109,1,1,72.673752,38975.43,0,156162.28,0,23.2644513378894,0,699.671497110001,63,158
"1625",0.5714286,0.5714286,8,4.1446581,5.5714288,1.8088915,1,1,87.436424,41376.602,0.2,132305.2,0.2,NA,NA,NA,NA,NA
"1627",0,0,0,3.7954891,7,-0.88582069,1,1,87.436424,40781.801,0,151166.41,0,NA,NA,NA,NA,NA
"1630",0,0,14.333333,4.0012994,5,2.2580109,1,1,59.450397,39775,0.2857143,129646.57,0.2857143,25.3196083733414,0,324.2773068,133,174
"1631",0.5,0.875,10.5,4.0887146,5.875,0.29311615,1,1,59.450397,32480.143,0,114345.43,0,25.3196083733414,0,324.2773068,133,174
"1637",0.71428573,1.1428572,6.2857141,4.2350821,6,0.012408725,1,1,41.354286,43000,0,135000,0,NA,NA,NA,NA,NA
"1638",1,2,0,3.9796817,6,-0.88582069,1,1,21.010799,40835.375,0,124375,0,24.5621746582151,453.1615005,339.3395884,100,175
"1642",0.77777779,1.1111112,19.444445,4.2215915,6.8888888,-0.88582385,1,1,21.010799,33096.125,0,113594,0,24.5621746582151,453.161500500002,339.339588400001,100,175
"1645",1,1,0,4.4716387,6,-0.88582069,1,1,21.010799,43375,0,130625,0,24.5621746582151,453.1615005,339.3395884,100,175
"1646",1,1,25,4.0342407,4,-0.88583499,1,1,21.010799,40735.75,0,152499.88,0,24.5621746582151,453.1615005,339.3395884,100,175
"1647",1,1.5,2.125,4.3085117,6.875,-0.49284175,1,1,40.103371,42117.5,0,133730.75,0,NA,NA,NA,NA,NA
"1651",0,0,28,4.0073333,5,2.2580109,1,1,99.544357,42375,0,134375,0,22.439158906959,0,533.04095815,64,155
"1652",0.42857143,0.42857143,2.4285715,4.1096969,4.8571429,2.2580109,1,1,99.544357,37625,0,129000,0,22.439158906959,0,533.04095815,64,155
"1655",0.5,0.625,10.375,4.1816583,6.625,-0.49284533,1,1,91.302513,31783.334,0,94250,0,24.0051349672514,0,1008.66565491,176,180
"1658",0.5,0.625,17.75,4.0753765,5.5,-0.88582784,0,0,85.755592,31200,0,95000,0,NA,NA,NA,NA,NA
"1661",0.71428573,1.2857143,1.5714285,4.1358929,6.8571429,-0.66658121,1,1,82.225578,31783.334,0,94250,0,NA,NA,NA,NA,NA
"1666",0.14285715,0.14285715,5.1428571,4.2004294,6.2857141,0.012408725,1,1,87.426659,31200,0,95000,0,NA,NA,NA,NA,NA
"1667",1,1,0,4.1026435,7,2.2580109,1,1,93.427277,36000,0,120000,0,NA,NA,NA,NA,NA
"1668",0.75,1.125,7.625,4.0385895,5.875,0.68609691,1,1,93.427277,31083,0,88846,0,NA,NA,NA,NA,NA
"1672",0.42857143,0.42857143,14.285714,3.9526777,5.8571429,1.3597713,1,1,87.098518,31083,0,88846,0,NA,NA,NA,NA,NA
"1674",0.5,0.875,5.5,3.999814,6.25,0.68609691,1,1,85.397163,31083,0,88846,0,24.0051349672514,0,968.7342901,13,171
"1677",0.625,1.125,3.875,4.1796288,6.625,-0.49284533,0.625,0.625,84.007195,32950,0,92750,0,NA,NA,NA,NA,NA
"1680",0.375,0.5,2.5,4.1788263,6.625,0.68609333,1,1,89.421501,32950,0,92750,0,NA,NA,NA,NA,NA
"1681",0.8888889,1.1111112,1.4444444,4.2084727,6.8888888,-0.18719304,1,1,76.715599,33380.668,0,96428.336,0,23.5278224451607,0,570.1432092,80,170
"1682",1,1,0,4.3372908,6,2.2580109,1,1,76.715599,40800,0,184055.53,0,23.1807611123558,0,447.0276567,134,181
"1685",0.75,0.875,2.5,4.3635836,7,-0.49284175,0.25,0.25,53.624573,32214,0,98571,0,25.8175544681519,0,787.950319299999,13,168
"1687",1,1,0,4.4426513,7,-0.88582069,0,0,53.624573,32950,0,92750,0,25.8175544681519,0,787.9503193,13,168
"1689",0,0,0,4.2714305,6.5,-0.88583499,0.5,0.5,50.242817,50000,0,125000,0,23.6673319549326,0,413.2038167,134,185
"1690",0.71428573,1.5714285,4.5714288,4.3843803,6,0.23166253,0.85714287,0.85714287,50.242817,36000,0,120000,0,23.6673319549326,0,413.2038167,134,185
"1692",0.66666669,0.8888889,2.8888888,4.4154501,6.6666665,-0.53650767,1,1,43.863266,32214,0,98571,0,NA,NA,NA,NA,NA
"1694",1,1,0,4.3630986,6,-0.88582069,1,1,74.576324,50000,0,125000,0,NA,NA,NA,NA,NA
"1695",0.875,1.625,0.75,4.4225955,7,-0.69398075,1,1,74.576324,36000,0,120000,0,NA,NA,NA,NA,NA
"1698",0.875,1.625,0,4.2469392,6.875,-0.49284533,1,1,57.944511,32214,0,98571,0,25.8175544681519,0,813.2653658,22,166
"1700",1,2,0,4.264163,7.1666665,-0.88582069,1,1,65.056168,32214,0,98571,0,NA,NA,NA,NA,NA
"1703",0.54545456,1,3.2727273,4.1211991,6.818182,0.82899654,1,1,82.327148,32214,0,99731.75,0,24.0051349672514,0,556.08107122,81,172
"1705",1,1,0,4.2693796,7,0.68609512,1,1,82.327148,36267.5,0,101250.25,0,23.6673319549326,0,437.93499984,134,182
"1710",1,1.7142857,0,4.3985953,6.7142859,-0.88582069,1,1,48.014343,50313,0,124583,0,25.4624238254321,0,652.5824784,23,156
"1711",1,2.5,0,4.1813211,7.5,-0.88582069,0.5,0.5,61.103436,51778,0,132944,0,NA,NA,NA,NA,NA
"1713",1,3.125,0,4.4213152,7.125,-0.88582069,1,1,61.103436,50313,0,124583,0,NA,NA,NA,NA,NA
"1716",1,2,0,4.2626801,7,-0.88582069,1,1,65.910019,51778,0,132944,0,23.6673319549326,0,442.31424486,64,178
"1718",1,2.2,0,4.2981782,6.8000002,-0.88582069,1,1,65.910019,50313,0,124583,0,23.6673319549326,0,442.31424486,64,178
"1721",0.89999998,1.7,3.0999999,4.2439923,7.0999999,-0.73234874,0,0,57.881298,35479,0,99167,0,NA,NA,NA,NA,NA
"1724",1,1,0,4.1666651,7,-0.88582069,1,1,66.857269,50000,0,125000,0,NA,NA,NA,NA,NA
"1726",0.75,1.5,0.375,4.3616691,6.5,-0.88582426,1,1,66.857269,36000,0,120000,0,NA,NA,NA,NA,NA
"1728",1,1.5,0,4.3964643,7,-0.88582069,1,1,67.810616,51778,0,132944,0,23.6673319549326,0,490.2498132,64,176
"1729",1,3.25,0,4.536931,7.625,-0.88582069,1,1,67.810616,50313,0,124583,0,23.6673319549326,0,490.2498132,64,176
"1731",0.5,1.5,0,4.3640509,5.5,0.68609512,1,1,69.463539,45109,0,129879.34,0,23.6673319549326,0,490.2498132,64,176
"1734",1,1.1666666,0,4.4138355,6.6666665,-0.88582069,1,1,69.463539,47003.668,0,124081,0,23.6673319549326,0,490.2498132,64,176
"1735",0,0,0,4.2195077,6,-0.88582069,1,1,69.463539,44851.668,0,127703.34,0,23.6673319549326,0,490.2498132,64,176
"1736",1,2.2857144,0,4.4141026,7,-0.88582271,1,1,73.055466,51778,0,132944,0,NA,NA,NA,NA,NA
"1741",0.85714287,2.5714285,0,4.3666592,6.1428571,-0.88582271,1,1,60.484753,37833.332,0,122500,0,25.8281239607952,0,518.10938603,25,168
"1743",1,2,2,4.3694477,8,-0.88582069,0,0,60.484753,45141.168,0,155096,0,25.8281239607952,0,518.10938603,25,168
"1744",1,2,0,4.6249728,8,-0.88582069,1,1,27.133909,48565,0,127349.16,0,24.4076702845438,0,695.8132683,131,164
"1747",1,2.1666667,1,4.4773817,7.1666665,-0.36184639,1,1,27.133909,47760.832,0,121243.34,0,24.4076702845439,0,695.8132683,131,164
"1750",1,2,0,4.4367514,7,-0.88582069,1,1,27.133909,44926.332,0,153140.83,0,24.4076702845438,0,695.8132683,131,164
"1752",1,5,2,4.0253515,5,-0.88582069,1,1,27.133909,44982.832,0,139965,0,24.4076702845438,0,695.8132683,131,164
"1755",1,3,0,4.4891911,7.125,-0.69398075,1,1,69.006203,50000,0,125000,0,NA,NA,NA,NA,NA
"1757",1,3,0,4.0604429,6,-0.88582069,0,0,69.006203,47896,0,142083,0,NA,NA,NA,NA,NA
"1758",0.8888889,1.3333334,0,4.4577575,7.2222223,-0.19545573,1,1,77.592796,44583.332,0,128333.34,0,NA,NA,NA,NA,NA
"1760",1,1,0,4.4426513,7,-0.88582069,0,0,77.592796,50333.332,0,113333.34,0.33333334,NA,NA,NA,NA,NA
"1764",1,3,0,4.4357767,7,-0.88582069,1,1,67.486633,42800,0,130000,0,NA,NA,NA,NA,NA
"1766",1,2.1111112,2.6666667,4.3843918,6.7777777,-0.88582069,1,1,56.293201,42800,0,130000,0,25.4624238254321,0,720.151224200001,23,168
"1769",1,2,0,4.388257,7,-0.88582069,1,1,56.293201,36000,0,120000,0,25.4624238254321,0,720.1512242,23,168
"1772",1,1.5,1,4.2181816,7.5,-0.88582784,1,1,56.293201,47896,0,142083,0,25.462423825432,0,720.1512242,23,168
"1773",0.5,0.75,1.25,4.3915982,6.625,-0.49284533,1,1,68.007957,50000,0,125000,0,NA,NA,NA,NA,NA
"1775",0.80000001,2,0.80000001,4.4503264,6.1999998,-0.88582069,1,1,71.052399,42800,0,130000,0,NA,NA,NA,NA,NA
"1778",1,5,2,4.248189,8,-0.88582069,1,1,71.052399,36000,0,120000,0,NA,NA,NA,NA,NA
"1780",1,3,0,4.5591264,7,-0.88582069,1,1,69.133331,44583.332,0,128333.34,0,NA,NA,NA,NA,NA
"1784",1,1.8571428,8.2857141,4.1184001,5.5714288,-0.66657913,1,1,69.133331,39666.668,0,125000,0,NA,NA,NA,NA,NA
"1786",0.90909094,2.3636363,1.6363636,4.3770142,7.090909,-0.88582069,1,1,43.694397,47476.43,0,124152.71,0,26.3045878725074,0,558.781900999998,40,182
"1790",1,3.6666667,0,4.5127497,7,-0.88582069,1,1,71.076553,44137.5,0,128750,0,NA,NA,NA,NA,NA
"1791",1,3,0,4.3820267,8,-0.88583499,1,1,71.076553,46776.25,0,130645.5,0,NA,NA,NA,NA,NA
"1796",0.85714287,1.8571428,0.14285715,4.4683151,6.7142859,-0.88582271,1,1,67.418335,42800,0,130000,0,NA,NA,NA,NA,NA
"1801",1,1.75,0.75,4.3205714,6.25,-0.88582069,1,1,68.211021,36000,0,120000,0,23.6673319549326,0,422.34140943,64,181
"1805",1,1.9090909,1.7272727,4.4607873,7.181818,-0.885822,1,1,62.543358,50313,0,124583,0,23.6673319549326,0,413.2038167,134,185
"1807",1,3.125,0,4.4447289,6.75,-0.49284175,1,1,69.696625,31771,0,123750,0,NA,NA,NA,NA,NA
"1810",0.40000001,0.5,3.9000001,4.1854482,5.1999998,1.9436263,0.1,0.1,59.24469,42450,0,115000,0,NA,NA,NA,NA,NA
"1813",0.625,1,2.125,4.314312,7.125,-0.099864587,1,1,77.724358,42450,0,115000,0,23.6673319549326,0,729.51337075,41,174
"1816",0.625,0.875,3,4.1510358,7,-0.099864587,1,1,62.712933,41230,0,156300,0,25.4624238254321,0,577.918952,131,168
"1817",1,1,17,4.0604429,8,-0.88582069,1,1,62.712933,39858.398,0,139408.2,0,25.4624238254321,0,577.918952,131,168
"1819",1,2,0,4.3174882,6,-0.88582069,1,1,90.719574,39773.801,0,127427.6,0,25.1579833118855,0,1001.1941611,64,158
"1821",0.85714287,1.5714285,0,4.3895683,6.5714288,-0.88582271,0.85714287,0.85714287,90.719574,50600,0,104000,0.60000002,25.1579833118856,0,1001.1941611,64,158
"1823",1,3,0,4.2268338,7,-0.88582069,1,1,90.719574,42177.801,0,127510.8,0,25.1579833118855,0,1001.1941611,64,158
"1824",0.75,1.625,0.5,4.3600435,6.625,-0.49284175,1,1,71.443039,31771,0,123750,0,23.6673319549326,0,625.87131641,38,174
"1827",1,1,1,3.4011974,4,-0.88582069,0,0,71.443039,34500,0,137625,0,23.6673319549326,0,625.87131641,38,174
"1829",0.5,0.60000002,2,4.1628456,6.4000001,0.99303895,0.1,0.1,75.988846,42450,0,115000,0,NA,NA,NA,NA,NA
"1833",0.55555558,1,4,4.2745523,6.4444447,0.16212316,0.8888889,0.8888889,71.513405,41687.5,0,140812.5,0,23.6673319549326,0,573.98494667,134,185
"1836",0.55555558,0.66666669,4.7777777,4.2460032,6.5555553,1.5593816,1,1,81.161812,42450,0,115000,0,NA,NA,NA,NA,NA
"1839",0.11111111,0.11111111,5.5555553,4.1518955,5.8888888,1.5593801,0.11111111,0.11111111,81.750473,41450,0,109000,0,NA,NA,NA,NA,NA
"1841",0,0,0,3.9796817,4,-0.88583499,0,0,81.750473,42450,0,115000,0,NA,NA,NA,NA,NA
"1842",1,1,0,4.4659081,8,-0.88583499,1,1,64.337761,40470,0,109920,0,25.4624238254321,0,620.52975159,41,178
"1844",0.75,1.5,3.125,4.2787266,7.125,-0.88582069,1,1,64.337761,37371.398,0,104166.8,0,25.4624238254321,0,620.52975159,41,178
"1848",1,2,0,3.9019728,5,-0.88582069,1,1,59.137108,40837.5,0,109575,0,NA,NA,NA,NA,NA
"1850",0.75,1,4.125,4.1775866,6.875,-0.099866375,1,1,59.137108,37844.5,0,105416.75,0,NA,NA,NA,NA,NA
"1853",0.44444445,0.44444445,5.4444447,4.291563,6.8888888,-0.53651559,1,1,82.598579,38633,0,107500,0,NA,NA,NA,NA,NA
"1856",0.89999998,2,2.9000001,4.4396234,7.3000002,-0.88582212,0.89999998,0.89999998,77.254829,51000,0,90000,1,23.6673319549326,0,620.529751589999,41,178
"1857",0.8888889,1.7777778,0,4.3547425,6.5555553,-0.53650767,1,1,74.750237,38440,0,126814.66,0,23.6673319549326,0,620.52975159,41,178
"1860",0.75,1.25,3.625,4.3824172,7.125,-0.099869952,1,1,82.470444,41450,0,109000,0,23.6673319549326,0,738.15895629,40,175
"1863",0.625,1.125,0.875,4.352273,7.375,0.29311079,1,1,79.241119,41450,0,109000,0,23.6673319549326,0,738.15895629,40,175
"1866",0.90909094,1.8181819,0.63636363,4.3037262,6,-0.74630332,0.090909094,0.090909094,71.596222,31771,0,123750,0,23.6673319549326,0,620.529751589999,41,178
"1870",0.85714287,1.1428572,2.7142856,4.2309585,7,-0.8858248,1,1,72.941383,41450,0,109000,0,NA,NA,NA,NA,NA
"1873",0.875,1.125,0.375,4.2116761,6.75,-0.88582605,1,1,57.629253,50750,0,98750,0.75,25.4624238254321,0,618.283234800001,131,167
"1877",0.44444445,0.66666669,2.3333333,4.0506001,6.5555553,0.16212316,0.11111111,0.11111111,64.566841,40225,0,110150,0,25.4624238254321,0,863.035565009999,134,188
"1882",1,2,0,4.4543471,6,-0.88582069,1,1,64.566841,43180.5,0,127583,0,25.462423825432,0,863.03556501,134,188
"NA",NA,NA,NA,NA,NA,NA,NA,NA,NA,NA,NA,NA,NA,NA,NA,NA,NA,NA
"NA.1",NA,NA,NA,NA,NA,NA,NA,NA,NA,NA,NA,NA,NA,NA,NA,NA,NA,NA
