<?xml version="1.0" encoding="UTF-8"?>
<metadata xml:lang="en"><Esri><CreaDate>20160314</CreaDate><CreaTime>11385000</CreaTime><ArcGISFormat>1.0</ArcGISFormat><SyncOnce>TRUE</SyncOnce><DataProperties><itemProps><itemLocation><linkage Sync="TRUE">file://\\apollo.fewsnet.local\Mapfiles\Food Insecurity Mapping\Shapefiles\RB_Fixed\MW\Template_Classification</linkage><protocol Sync="TRUE">Local Area Network</protocol></itemLocation></itemProps><copyHistory><copy source="M:\Food Insecurity Mapping\Shapefiles\RB_Fixed\Template_Classification" dest="\\apollo.fewsnet.local\Mapfiles\Food Insecurity Mapping\Shapefiles\RB_Fixed\MW\Template_Classification" date="20160314" time="11385000"></copy></copyHistory><lineage><Process ToolSource="c:\program files (x86)\arcgis\desktop10.3\ArcToolbox\Toolboxes\Data Management Tools.tbx\CalculateField" Date="20160314" Time="114116">CalculateField MW_Admin1_LHZ_2012 FNID_OLD [FNID_OLD] VB #</Process><Process ToolSource="c:\program files (x86)\arcgis\desktop10.3\ArcToolbox\Toolboxes\Data Management Tools.tbx\CalculateField" Date="20160314" Time="114123">CalculateField MW_Admin1_LHZ_2012 FNID_OLD [FNID] VB #</Process><Process ToolSource="c:\program files (x86)\arcgis\desktop10.3\ArcToolbox\Toolboxes\Data Management Tools.tbx\CalculateField" Date="20160314" Time="114129">CalculateField MW_Admin1_LHZ_2012 EFF_PERD 3 VB #</Process><Process ToolSource="c:\program files (x86)\arcgis\desktop10.3\ArcToolbox\Toolboxes\Data Management Tools.tbx\CalculateField" Date="20160314" Time="114142">CalculateField MW_Admin1_LHZ_2012 EFF_YEAR 2012 VB #</Process><Process ToolSource="c:\program files (x86)\arcgis\desktop10.3\ArcToolbox\Toolboxes\Data Management Tools.tbx\CalculateField" Date="20160314" Time="114154">CalculateField MW_Admin1_LHZ_2012 ADMIN0 "Malawi" VB #</Process></lineage></DataProperties></Esri></metadata>
